session_id,unique_events,unique_from_states,unique_to_states,unique_sources,n_events
20260917_082934_913_V2_GPS_TO_VPS_NORMAL_DEV_A61C,"app_resumed, destination_changed, dwell_passed, dwell_reset, dwell_started, indoor_state, indoor_step_checkpoint, outdoor_state, quality_threshold_failed, quality_threshold_passed, reliability_state, source_switched, transition_step_checkpoint, trial_started, vps_state","EnteringWithPdr, ExitingWithPdr, Gps, IndoorVps, OutdoorGps, Pdr, VpsScanning","ArrivedAtB9Entrance, Calculating, EnteringWithPdr, ExitingWithPdr, IndoorLocalized, IndoorVps, Navigating, NavigatingToB9Entrance, NoDestination, OutdoorGps, Pdr, RouteUnavailable, Scanning, StartingVps, Vps, VpsScanning, WaitingForLocalization","Gps, Pdr, Vps",492
20260917_132151_652_V2_GPS_TO_VPS_NORMAL_DEV_3545,"app_resumed, indoor_state, indoor_step_checkpoint, quality_threshold_passed, reliability_state, source_switched, trial_started","IndoorVps, Pdr, Vps","Gps, IndoorVps, OutdoorGps, Pdr","Gps, Pdr, Vps",9
20260917_130000_241_BQ_GPS_TO_VPS_NORMAL_DEV_3348,"app_resumed, indoor_state, indoor_step_checkpoint, quality_threshold_passed, reliability_state, source_switched, trial_started","IndoorVps, Pdr, Vps","Gps, IndoorVps, OutdoorGps, Pdr","Gps, Pdr, Vps",9
20260917_134342_063_V5_GPS_TO_VPS_NORMAL_DEV_1612,"app_resumed, indoor_state, indoor_step_checkpoint, quality_threshold_passed, reliability_state, source_switched, trial_started","IndoorVps, Pdr, Vps","Gps, IndoorVps, OutdoorGps, Pdr","Gps, Pdr, Vps",9
20260917_133625_926_V4_GPS_TO_VPS_NORMAL_DEV_6790,"app_resumed, indoor_state, indoor_step_checkpoint, quality_threshold_passed, reliability_state, source_switched, trial_started","IndoorVps, Pdr, Vps","Gps, IndoorVps, OutdoorGps, Pdr","Gps, Pdr, Vps",9
20260917_090606_561_BT_GPS_TO_VPS_NORMAL_DEV_6228,"app_resumed, dwell_passed, dwell_reset, dwell_started, indoor_state, indoor_step_checkpoint, outdoor_state, quality_threshold_failed, quality_threshold_passed, reliability_state, source_switched, transition_step_checkpoint, trial_started, vps_state","EnteringWithPdr, ExitingWithPdr, Gps, IndoorVps, OutdoorGps, Pdr, VpsScanning","ArrivedAtB9Entrance, Calculating, EnteringWithPdr, ExitingWithPdr, IndoorLocalized, IndoorVps, Navigating, NavigatingToB9Entrance, NoDestination, OutdoorGps, Pdr, RouteUnavailable, Scanning, StartingVps, Vps, VpsScanning, WaitingForLocalization","Gps, Pdr, Vps",1562
20260917_083639_189_V3_GPS_TO_VPS_NORMAL_DEV_DD2D,"app_resumed, destination_arrived, handover_completed_approximate, indoor_state, outdoor_state, pdr_destination_arrived, quality_threshold_failed, quality_threshold_passed, reliability_state, source_switched, transition_step_checkpoint, trial_started, vps_state","EnteringWithPdr, Gps, OutdoorGps, VpsScanning","Arrived, ArrivedAtB9Entrance, Calculating, EnteringWithPdr, IndoorLocalized, IndoorVps, NavigatingToB9Entrance, NoDestination, Pdr, Scanning, StartingVps, VpsScanning","Gps, Pdr",121
20260917_132908_789_V3_GPS_TO_VPS_NORMAL_DEV_9203,"app_resumed, indoor_state, indoor_step_checkpoint, quality_threshold_passed, reliability_state, source_switched, trial_started","IndoorVps, Pdr, Vps","Gps, IndoorVps, OutdoorGps, Pdr","Gps, Pdr, Vps",10
20260917_130717_378_BT_GPS_TO_VPS_NORMAL_DEV_4565,"app_resumed, indoor_state, indoor_step_checkpoint, quality_threshold_passed, reliability_state, source_switched, trial_started","IndoorVps, Pdr, Vps","Gps, IndoorVps, OutdoorGps, Pdr","Gps, Pdr, Vps",9
20260917_083855_966_V4_GPS_TO_VPS_NORMAL_DEV_4AA1,"destination_changed, dwell_passed, dwell_reset, dwell_started, indoor_state, indoor_step_checkpoint, outdoor_state, quality_threshold_failed, quality_threshold_passed, reliability_state, source_switched, transition_step_checkpoint, trial_started, vps_state","EnteringWithPdr, ExitingWithPdr, Gps, IndoorVps, OutdoorGps, Pdr, VpsScanning","ArrivedAtB9Entrance, Calculating, EnteringWithPdr, ExitingWithPdr, IndoorLocalized, IndoorVps, Navigating, NavigatingToB9Entrance, NoDestination, OutdoorGps, Pdr, Scanning, StartingVps, Vps, VpsScanning, WaitingForLocalization","Gps, Pdr, Vps",459
20260917_085315_835_BQ_GPS_TO_VPS_NORMAL_DEV_428F,"app_resumed, destination_changed, dwell_passed, indoor_state, indoor_step_checkpoint, nearest_exit_arrived, outdoor_state, quality_threshold_failed, quality_threshold_passed, reliability_state, source_switched, transition_step_checkpoint, trial_started, vps_state, wrong_way_detected","EnteringWithPdr, ExitingWithPdr, Gps, IndoorVps, OutdoorGps, Pdr, VpsScanning","Arrived, ArrivedAtB9Entrance, Calculating, EnteringWithPdr, ExitingWithPdr, Gps, IndoorLocalized, IndoorVps, Navigating, NavigatingToB9Entrance, NoDestination, OutdoorGps, Pdr, RouteUnavailable, Scanning, StartingVps, Vps, VpsScanning, WaitingForLocalization","Gps, Pdr, Vps",1617
20260917_131434_515_V1_GPS_TO_VPS_NORMAL_DEV_3432,"app_resumed, indoor_state, indoor_step_checkpoint, quality_threshold_passed, reliability_state, source_switched, trial_started","IndoorVps, Pdr, Vps","Gps, IndoorVps, OutdoorGps, Pdr","Gps, Pdr, Vps",12
20260917_082329_745_V1_GPS_TO_VPS_NORMAL_DEV_A000,"destination_arrived, destination_changed, indoor_state, indoor_step_checkpoint, nearest_exit_arrived, outdoor_state, quality_threshold_failed, quality_threshold_passed, reliability_state, source_switched, transition_step_checkpoint, trial_started, vps_state","EnteringWithPdr, Gps, OutdoorGps, Pdr, VpsScanning","Arrived, ArrivedAtB9Entrance, Calculating, EnteringWithPdr, Gps, IndoorLocalized, IndoorVps, Navigating, Pdr, RouteUnavailable, Scanning, StartingVps, Vps, VpsScanning","Gps, Pdr, Vps",1141
20260917_084301_102_V5_GPS_TO_VPS_NORMAL_DEV_416E,"app_resumed, destination_arrived, destination_changed, device_low_memory, dwell_passed, dwell_reset, dwell_started, indoor_state, outdoor_state, pdr_destination_arrived, quality_threshold_failed, quality_threshold_passed, reliability_state, source_switched, transition_step_checkpoint, trial_started, vps_state","EnteringWithPdr, Gps, OutdoorGps, Pdr","Arrived, ArrivedAtB9Entrance, Calculating, EnteringWithPdr, IndoorLocalized, NavigatingToB9Entrance, NoDestination, Pdr, RouteUnavailable, Scanning, StartingVps, Vps, VpsScanning","Gps, Pdr, Vps",338
20260912_100055_923_V3_GPS_TO_VPS_NORMAL_DEV_5573,"destination_changed, handover_completed_approximate, outdoor_state, quality_threshold_failed, quality_threshold_passed, reliability_state, source_switched, transition_step_checkpoint, trial_started, vps_state","EnteringWithPdr, Gps, OutdoorGps, VpsScanning","ArrivedAtB9Entrance, Calculating, EnteringWithPdr, IndoorLocalized, IndoorVps, NavigatingToB9Entrance, NoDestination, OutdoorGps, Pdr, RouteUnavailable, Scanning, StartingVps, VpsScanning","Gps, Pdr",1669
20260912_095714_923_V4_GPS_TO_VPS_NORMAL_DEV_F016,"dwell_passed, dwell_reset, dwell_started, indoor_state, indoor_step_checkpoint, outdoor_state, quality_threshold_failed, quality_threshold_passed, reliability_state, source_switched, transition_step_checkpoint, trial_started, vps_state","EnteringWithPdr, Gps, OutdoorGps, Pdr, VpsScanning","ArrivedAtB9Entrance, Calculating, EnteringWithPdr, Gps, IndoorLocalized, IndoorVps, Navigating, NoDestination, OutdoorGps, Pdr, Scanning, StartingVps, Vps, VpsScanning","Gps, Pdr, Vps",78
20260912_095520_181_V5_GPS_TO_VPS_NORMAL_DEV_0C4B,"destination_changed, dwell_passed, dwell_reset, dwell_started, indoor_state, indoor_step_checkpoint, outdoor_state, quality_threshold_failed, quality_threshold_passed, reliability_state, source_switched, transition_step_checkpoint, trial_started, vps_state","EnteringWithPdr, Gps, OutdoorGps, Pdr, VpsScanning","ArrivedAtB9Entrance, Calculating, EnteringWithPdr, IndoorLocalized, IndoorVps, Navigating, NoDestination, OutdoorGps, Pdr, Scanning, StartingVps, Vps, VpsScanning","Gps, Pdr, Vps",57
20260912_095057_405_BQ_GPS_TO_VPS_NORMAL_DEV_104B,"handover_completed_approximate, outdoor_state, quality_threshold_failed, quality_threshold_passed, reliability_state, source_switched, transition_step_checkpoint, trial_started, vps_state","EnteringWithPdr, Gps, OutdoorGps, VpsScanning","ArrivedAtB9Entrance, Calculating, EnteringWithPdr, IndoorLocalized, IndoorVps, NavigatingToB9Entrance, Pdr, RouteUnavailable, Scanning, StartingVps, VpsScanning","Gps, Pdr",1357
20260912_095408_236_BT_GPS_TO_VPS_NORMAL_DEV_FAAF,"destination_changed, dwell_passed, dwell_reset, dwell_started, indoor_state, indoor_step_checkpoint, outdoor_state, quality_threshold_failed, quality_threshold_passed, reliability_state, source_switched, transition_step_checkpoint, trial_started, vps_state","EnteringWithPdr, Gps, OutdoorGps, Pdr, VpsScanning","Calculating, EnteringWithPdr, Gps, IndoorLocalized, IndoorVps, Navigating, NoDestination, OutdoorGps, Pdr, RouteUnavailable, Scanning, StartingVps, Vps, VpsScanning","Gps, Pdr, Vps",56
20260912_094231_050_V3_GPS_TO_VPS_NORMAL_DEV_15A4,"app_resumed, outdoor_state, quality_threshold_failed, quality_threshold_passed, reliability_state, source_switched, trial_started, vps_state","EnteringWithPdr, Gps, Pdr","ArrivedAtB9Entrance, Calculating, Gps, IndoorLocalized, NavigatingToB9Entrance, NoDestination, Pdr, Scanning, StartingVps, Vps, VpsScanning","Gps, Pdr, Vps",74
20260912_095000_805_V2_GPS_TO_VPS_NORMAL_DEV_8903,"app_resumed, dwell_passed, dwell_reset, dwell_started, outdoor_state, quality_threshold_failed, quality_threshold_passed, reliability_state, source_switched, trial_finished, trial_started, vps_state","EnteringWithPdr, Gps, Pdr","ArrivedAtB9Entrance, Calculating, IndoorLocalized, NavigatingToB9Entrance, NoDestination, Pdr, Scanning, StartingVps, Vps, VpsScanning","Gps, Pdr, Vps",100
20260916_092908_789_V3_GPS_TO_VPS_NORMAL_DEV_1702,"destination_arrived, indoor_state, indoor_step_checkpoint, quality_threshold_failed, reliability_state, transition_step_checkpoint, trial_finished, trial_started, vps_state","EnteringWithPdr, OutdoorGps, VpsScanning","Arrived, EnteringWithPdr, IndoorLocalized, IndoorVps, Navigating, Scanning, StartingVps, VpsScanning","Gps, Pdr, Vps",20
20260916_090717_378_BT_GPS_TO_VPS_NORMAL_DEV_3128,"destination_arrived, indoor_state, indoor_step_checkpoint, quality_threshold_failed, reliability_state, transition_step_checkpoint, trial_finished, trial_started, vps_state","EnteringWithPdr, OutdoorGps, VpsScanning","Arrived, EnteringWithPdr, IndoorLocalized, IndoorVps, Navigating, Scanning, StartingVps, VpsScanning","Gps, Pdr, Vps",26
20260916_093625_926_V4_GPS_TO_VPS_NORMAL_DEV_8553,"destination_arrived, indoor_state, indoor_step_checkpoint, quality_threshold_failed, reliability_state, transition_step_checkpoint, trial_finished, trial_started, vps_state","EnteringWithPdr, OutdoorGps, VpsScanning","Arrived, EnteringWithPdr, IndoorLocalized, IndoorVps, Navigating, Scanning, StartingVps, VpsScanning","Gps, Pdr, Vps",25
20260916_090000_241_BQ_GPS_TO_VPS_NORMAL_DEV_1852,"destination_arrived, indoor_state, quality_threshold_failed, reliability_state, transition_step_checkpoint, trial_finished, trial_started, vps_state","EnteringWithPdr, OutdoorGps, VpsScanning","Arrived, EnteringWithPdr, IndoorLocalized, IndoorVps, Navigating, Scanning, StartingVps, VpsScanning","Gps, Pdr, Vps",23
20260916_091434_515_V1_GPS_TO_VPS_NORMAL_DEV_8534,"destination_arrived, indoor_state, indoor_step_checkpoint, quality_threshold_failed, reliability_state, transition_step_checkpoint, trial_finished, trial_started, vps_state","EnteringWithPdr, OutdoorGps, VpsScanning","Arrived, EnteringWithPdr, IndoorLocalized, IndoorVps, Navigating, Scanning, StartingVps, VpsScanning","Gps, Pdr, Vps",35
20260916_094342_063_V5_GPS_TO_VPS_NORMAL_DEV_4822,"destination_arrived, indoor_state, indoor_step_checkpoint, quality_threshold_failed, reliability_state, transition_step_checkpoint, trial_finished, trial_started, vps_state","EnteringWithPdr, OutdoorGps, VpsScanning","Arrived, EnteringWithPdr, IndoorLocalized, IndoorVps, Navigating, Scanning, StartingVps, VpsScanning","Gps, Pdr, Vps",15
20260916_092151_652_V2_GPS_TO_VPS_NORMAL_DEV_7770,"destination_arrived, indoor_state, quality_threshold_failed, reliability_state, transition_step_checkpoint, trial_finished, trial_started, vps_state","EnteringWithPdr, OutdoorGps, VpsScanning","Arrived, EnteringWithPdr, IndoorLocalized, IndoorVps, Navigating, Scanning, StartingVps, VpsScanning","Gps, Pdr, Vps",22
20260906_075007_857_V3_GPS_TO_VPS_NORMAL_DEV_5C58,"indoor_state, indoor_step_checkpoint, outdoor_state, quality_threshold_failed, quality_threshold_passed, reliability_state, source_switched, transition_step_checkpoint, trial_started, vps_state","EnteringWithPdr, Gps, OutdoorGps, Pdr, VpsScanning","Calculating, EnteringWithPdr, Gps, IndoorLocalized, IndoorVps, Navigating, NavigatingToB9Entrance, NoDestination, OutdoorGps, Pdr, Scanning, StartingVps, Vps, VpsScanning","Gps, Pdr, Vps",255
20260906_075227_349_V4_GPS_TO_VPS_NORMAL_DEV_3415,"app_resumed, dwell_passed, dwell_reset, dwell_started, indoor_state, indoor_step_checkpoint, outdoor_state, quality_threshold_failed, quality_threshold_passed, reliability_state, source_switched, transition_step_checkpoint, trial_started, vps_state","EnteringWithPdr, Gps, OutdoorGps, Pdr, VpsScanning","ArrivedAtB9Entrance, Calculating, EnteringWithPdr, IndoorLocalized, IndoorVps, Navigating, NavigatingToB9Entrance, Pdr, RouteUnavailable, Scanning, StartingVps, Vps, VpsScanning, WaitingForGps","Gps, Pdr, Vps",1434
20260906_074640_905_V2_GPS_TO_VPS_NORMAL_DEV_1FA1,"app_resumed, destination_arrived, dwell_passed, dwell_reset, dwell_started, indoor_state, outdoor_state, pdr_destination_arrived, quality_threshold_failed, quality_threshold_passed, reliability_state, source_switched, transition_step_checkpoint, trial_started, vps_state","EnteringWithPdr, Gps, OutdoorGps, Pdr","Arrived, ArrivedAtB9Entrance, Calculating, EnteringWithPdr, IndoorLocalized, NavigatingToB9Entrance, NoDestination, Pdr, Scanning, StartingVps, Vps, VpsScanning, WaitingForGps","Gps, Pdr, Vps",345
20260906_075908_669_BQ_GPS_TO_VPS_NORMAL_DEV_A18D,"app_resumed, destination_arrived, handover_completed_approximate, indoor_state, outdoor_state, pdr_destination_arrived, quality_threshold_failed, quality_threshold_passed, reliability_state, source_switched, transition_step_checkpoint, trial_started, vps_state","EnteringWithPdr, Gps, OutdoorGps, VpsScanning","Arrived, ArrivedAtB9Entrance, Calculating, EnteringWithPdr, IndoorLocalized, IndoorVps, NavigatingToB9Entrance, NoDestination, OutdoorGps, Pdr, RouteUnavailable, Scanning, StartingVps, VpsScanning, WaitingForGps","Gps, Pdr",420
20260906_075703_168_V5_GPS_TO_VPS_NORMAL_DEV_4680,"app_resumed, dwell_passed, dwell_reset, dwell_started, indoor_state, indoor_step_checkpoint, outdoor_state, quality_threshold_failed, quality_threshold_passed, reliability_state, source_switched, transition_step_checkpoint, trial_started, vps_state","EnteringWithPdr, Gps, OutdoorGps, Pdr, VpsScanning","Calculating, EnteringWithPdr, IndoorLocalized, IndoorVps, Navigating, NavigatingToB9Entrance, NoDestination, OutdoorGps, Pdr, RouteUnavailable, Scanning, StartingVps, Vps, VpsScanning, WaitingForGps","Gps, Pdr, Vps",339
20260906_080152_673_BT_GPS_TO_VPS_NORMAL_DEV_4A91,"app_resumed, destination_arrived, dwell_passed, dwell_reset, dwell_started, indoor_state, outdoor_state, pdr_destination_arrived, quality_threshold_failed, quality_threshold_passed, reliability_state, source_switched, transition_step_checkpoint, trial_started, vps_state","EnteringWithPdr, Gps, OutdoorGps, Pdr","Arrived, ArrivedAtB9Entrance, Calculating, EnteringWithPdr, IndoorLocalized, NavigatingToB9Entrance, NoDestination, Pdr, RouteUnavailable, Scanning, StartingVps, Vps, VpsScanning, WaitingForGps","Gps, Pdr, Vps",612
20260906_073558_794_V1_GPS_TO_VPS_NORMAL_DEV_7E24,"app_paused, app_resumed, indoor_state, indoor_step_checkpoint, outdoor_state, quality_threshold_failed, quality_threshold_passed, reliability_state, source_switched, transition_step_checkpoint, trial_started, vps_state","EnteringWithPdr, Gps, OutdoorGps, Pdr, VpsScanning","ArrivedAtB9Entrance, Calculating, EnteringWithPdr, Gps, IndoorLocalized, IndoorVps, Navigating, NavigatingToB9Entrance, NoDestination, OutdoorGps, Pdr, Scanning, StartingVps, Vps, VpsScanning, WaitingForGps","Gps, Pdr, Vps",592
20260912_103747_212_V4_GPS_TO_VPS_NORMAL_DEV_16E6,"destination_changed, dwell_passed, dwell_reset, dwell_started, outdoor_state, quality_threshold_passed, reliability_state, source_switched, transition_step_checkpoint, trial_finished, trial_started, vps_state","EnteringWithPdr, Gps, OutdoorGps, Pdr","ArrivedAtB9Entrance, Calculating, EnteringWithPdr, Gps, IndoorLocalized, NavigatingToB9Entrance, NoDestination, OutdoorGps, Pdr, Scanning, StartingVps, Vps, VpsScanning","Gps, Pdr, Vps",202
20260911_051425_657_V1_GPS_TO_VPS_NORMAL_DEV_F38F,"app_resumed, destination_changed, handover_completed_approximate, outdoor_state, quality_threshold_failed, quality_threshold_passed, reliability_state, source_switched, trial_finished, trial_started, vps_state","EnteringWithPdr, Gps, VpsScanning","ArrivedAtB9Entrance, Calculating, IndoorLocalized, IndoorVps, NavigatingToB9Entrance, NoDestination, Pdr, RouteUnavailable, Scanning, StartingVps, VpsScanning, WaitingForGps","Gps, Pdr",346
20260911_053142_080_V3_GPS_TO_VPS_NORMAL_DEV_BCED,"handover_completed_approximate, outdoor_state, quality_threshold_failed, quality_threshold_passed, reliability_state, source_switched, trial_finished, trial_started, vps_state","EnteringWithPdr, Gps, Pdr, VpsScanning","Calculating, Gps, IndoorLocalized, IndoorVps, NavigatingToB9Entrance, Pdr, Scanning, StartingVps, VpsScanning","Gps, Pdr",500
20260911_052009_268_V2_GPS_TO_VPS_NORMAL_DEV_6D88,"app_resumed, dwell_passed, dwell_reset, dwell_started, outdoor_state, quality_threshold_failed, quality_threshold_passed, reliability_state, source_switched, trial_finished, trial_started, vps_state","EnteringWithPdr, Gps, Pdr","Calculating, Gps, IndoorLocalized, NavigatingToB9Entrance, Pdr, RouteUnavailable, Scanning, StartingVps, Vps, VpsScanning","Gps, Pdr, Vps",544
20260912_104913_515_V5_GPS_TO_VPS_NORMAL_DEV_AAA1,"app_resumed, destination_changed, dwell_passed, dwell_reset, dwell_started, outdoor_state, quality_threshold_failed, quality_threshold_passed, reliability_state, source_switched, trial_finished, trial_started, vps_state","EnteringWithPdr, Gps, Pdr","Calculating, Gps, IndoorLocalized, NavigatingToB9Entrance, NoDestination, Pdr, RouteUnavailable, Scanning, StartingVps, Vps, VpsScanning","Gps, Pdr, Vps",329
20260911_081832_961_V2_GPS_TO_VPS_NORMAL_DEV_B6BE,"app_resumed, dwell_passed, dwell_reset, dwell_started, outdoor_state, quality_threshold_failed, quality_threshold_passed, reliability_state, source_switched, trial_started, vps_state","EnteringWithPdr, Gps, Pdr","ArrivedAtB9Entrance, Calculating, IndoorLocalized, NavigatingToB9Entrance, Pdr, RouteUnavailable, Scanning, StartingVps, Vps, VpsScanning","Gps, Pdr, Vps",508
20260915_042445_835_V5_GPS_TO_VPS_NORMAL_DEV_8795,"app_resumed, dwell_passed, dwell_reset, dwell_started, outdoor_state, quality_threshold_failed, quality_threshold_passed, reliability_state, source_switched, transition_step_checkpoint, trial_started, vps_state","EnteringWithPdr, Gps, OutdoorGps, Pdr, VpsScanning","ArrivedAtB9Entrance, Calculating, EnteringWithPdr, IndoorLocalized, NavigatingToB9Entrance, NoDestination, OutdoorGps, Pdr, RouteUnavailable, Scanning, StartingVps, Vps, VpsScanning","Gps, Pdr, Vps",667
20260911_105854_962_V4_GPS_TO_VPS_NORMAL_DEV_D4A8,"app_resumed, dwell_passed, dwell_reset, dwell_started, indoor_state, indoor_step_checkpoint, outdoor_state, quality_threshold_failed, quality_threshold_passed, reliability_state, source_switched, transition_step_checkpoint, trial_started, vps_state","EnteringWithPdr, Gps, OutdoorGps, Pdr, VpsScanning","ArrivedAtB9Entrance, Calculating, EnteringWithPdr, Gps, IndoorLocalized, IndoorVps, Pdr, RouteUnavailable, Scanning, StartingVps, Vps, VpsScanning","Gps, Pdr, Vps",227
20260915_042206_567_BQ_GPS_TO_VPS_NORMAL_DEV_EBAA,"destination_changed, indoor_state, indoor_step_checkpoint, outdoor_state, reliability_state, source_switched, trial_started, vps_state","EnteringWithPdr, Gps, Pdr","Calculating, Gps, IndoorLocalized, Navigating, Pdr, RouteUnavailable, Scanning, StartingVps, Vps, VpsScanning, WaitingForGps","Gps, Pdr, Vps",457
20260911_081410_344_V1_GPS_TO_VPS_NORMAL_DEV_2379,"destination_arrived, indoor_state, outdoor_state, pdr_destination_arrived, quality_threshold_failed, quality_threshold_passed, reliability_state, source_switched, transition_step_checkpoint, trial_started, vps_state","EnteringWithPdr, Gps, Pdr","Arrived, Calculating, Gps, IndoorLocalized, NoDestination, Pdr, Scanning, StartingVps, Vps, VpsScanning, WaitingForLocalization","Gps, Pdr, Vps",25
20260915_042648_942_BT_GPS_TO_VPS_NORMAL_DEV_7706,"app_resumed, dwell_passed, dwell_reset, dwell_started, handover_completed_approximate, outdoor_state, quality_threshold_failed, quality_threshold_passed, reliability_state, source_switched, trial_started, vps_state","EnteringWithPdr, Gps, VpsScanning","ArrivedAtB9Entrance, Calculating, IndoorLocalized, IndoorVps, NavigatingToB9Entrance, Pdr, RouteUnavailable, Scanning, StartingVps, VpsScanning","Gps, Pdr",883
20260911_105639_912_V3_GPS_TO_VPS_NORMAL_DEV_BB31,"indoor_state, indoor_step_checkpoint, outdoor_state, quality_threshold_failed, quality_threshold_passed, reliability_state, source_switched, transition_step_checkpoint, trial_started, vps_state","EnteringWithPdr, Gps, OutdoorGps, Pdr, VpsScanning","Calculating, EnteringWithPdr, Gps, IndoorLocalized, IndoorVps, Navigating, NavigatingToB9Entrance, OutdoorGps, Pdr, RouteUnavailable, Scanning, StartingVps, Vps, VpsScanning","Gps, Pdr, Vps",1063
20260920_103000_241_BQ_GPS_TO_VPS_NORMAL_DEV_3258,"outdoor_state, reliability_state, transition_step_checkpoint, trial_finished, trial_started, vps_state","EnteringWithPdr, OutdoorGps, VpsScanning","EnteringWithPdr, OutdoorGps, RouteUnavailable, StartingVps, VpsScanning","Gps, Pdr",18
20260920_110625_926_V4_GPS_TO_VPS_NORMAL_DEV_6180,"outdoor_state, reliability_state, transition_step_checkpoint, trial_finished, trial_started, vps_state","EnteringWithPdr, OutdoorGps, VpsScanning","EnteringWithPdr, OutdoorGps, RouteUnavailable, StartingVps, VpsScanning","Gps, Pdr",15
20260920_103717_378_BT_GPS_TO_VPS_NORMAL_DEV_8681,"outdoor_state, reliability_state, transition_step_checkpoint, trial_finished, trial_started, vps_state","EnteringWithPdr, OutdoorGps, VpsScanning","EnteringWithPdr, OutdoorGps, RouteUnavailable, StartingVps, VpsScanning","Gps, Pdr",16
20260920_105908_789_V3_GPS_TO_VPS_NORMAL_DEV_6467,"outdoor_state, reliability_state, transition_step_checkpoint, trial_finished, trial_started, vps_state","EnteringWithPdr, OutdoorGps, VpsScanning","EnteringWithPdr, OutdoorGps, RouteUnavailable, StartingVps, VpsScanning","Gps, Pdr",14
20260920_104434_515_V1_GPS_TO_VPS_NORMAL_DEV_9871,"outdoor_state, reliability_state, transition_step_checkpoint, trial_finished, trial_started, vps_state","EnteringWithPdr, OutdoorGps, VpsScanning","EnteringWithPdr, OutdoorGps, RouteUnavailable, StartingVps, VpsScanning","Gps, Pdr",27
20260920_111342_063_V5_GPS_TO_VPS_NORMAL_DEV_7389,"outdoor_state, reliability_state, transition_step_checkpoint, trial_finished, trial_started, vps_state","EnteringWithPdr, OutdoorGps, VpsScanning","EnteringWithPdr, OutdoorGps, RouteUnavailable, StartingVps, VpsScanning","Gps, Pdr",9
20260920_105151_652_V2_GPS_TO_VPS_NORMAL_DEV_7947,"outdoor_state, reliability_state, transition_step_checkpoint, trial_finished, trial_started, vps_state","EnteringWithPdr, OutdoorGps, VpsScanning","EnteringWithPdr, OutdoorGps, RouteUnavailable, StartingVps, VpsScanning","Gps, Pdr",17
20260919_104434_515_V1_GPS_TO_VPS_NORMAL_DEV_9203,"destination_arrived, indoor_state, indoor_step_checkpoint, reliability_state, transition_step_checkpoint, trial_finished, trial_started, vps_state","EnteringWithPdr, OutdoorGps, VpsScanning","Arrived, EnteringWithPdr, IndoorLocalized, IndoorVps, Navigating, Scanning, StartingVps, VpsScanning","Gps, Pdr, Vps",32
20260919_105908_789_V3_GPS_TO_VPS_NORMAL_DEV_7039,"destination_arrived, indoor_state, indoor_step_checkpoint, reliability_state, transition_step_checkpoint, trial_finished, trial_started, vps_state","EnteringWithPdr, OutdoorGps, VpsScanning","Arrived, EnteringWithPdr, IndoorLocalized, IndoorVps, Navigating, Scanning, StartingVps, VpsScanning","Gps, Pdr, Vps",18
20260919_103000_241_BQ_GPS_TO_VPS_NORMAL_DEV_2228,"destination_arrived, indoor_state, reliability_state, transition_step_checkpoint, trial_finished, trial_started, vps_state","EnteringWithPdr, OutdoorGps, VpsScanning","Arrived, EnteringWithPdr, IndoorLocalized, IndoorVps, Navigating, Scanning, StartingVps, VpsScanning","Gps, Pdr, Vps",21
20260919_103717_378_BT_GPS_TO_VPS_NORMAL_DEV_7814,"destination_arrived, indoor_state, indoor_step_checkpoint, reliability_state, transition_step_checkpoint, trial_finished, trial_started, vps_state","EnteringWithPdr, OutdoorGps, VpsScanning","Arrived, EnteringWithPdr, IndoorLocalized, IndoorVps, Navigating, Scanning, StartingVps, VpsScanning","Gps, Pdr, Vps",24
20260919_111342_063_V5_GPS_TO_VPS_NORMAL_DEV_3934,"destination_arrived, indoor_state, indoor_step_checkpoint, reliability_state, transition_step_checkpoint, trial_finished, trial_started, vps_state","EnteringWithPdr, OutdoorGps, VpsScanning","Arrived, EnteringWithPdr, IndoorLocalized, IndoorVps, Navigating, Scanning, StartingVps, VpsScanning","Gps, Pdr, Vps",13
20260919_105151_652_V2_GPS_TO_VPS_NORMAL_DEV_3348,"destination_arrived, indoor_state, reliability_state, transition_step_checkpoint, trial_finished, trial_started, vps_state","EnteringWithPdr, OutdoorGps, VpsScanning","Arrived, EnteringWithPdr, IndoorLocalized, IndoorVps, Navigating, Scanning, StartingVps, VpsScanning","Gps, Pdr, Vps",20
20260919_110625_926_V4_GPS_TO_VPS_NORMAL_DEV_5436,"destination_arrived, indoor_state, indoor_step_checkpoint, reliability_state, transition_step_checkpoint, trial_finished, trial_started, vps_state","EnteringWithPdr, OutdoorGps, VpsScanning","Arrived, EnteringWithPdr, IndoorLocalized, IndoorVps, Navigating, Scanning, StartingVps, VpsScanning","Gps, Pdr, Vps",23
20260920_075151_652_V2_GPS_TO_VPS_NORMAL_DEV_1702,"destination_arrived, indoor_state, reliability_state, transition_step_checkpoint, trial_finished, trial_started, vps_state, wrong_way_detected","EnteringWithPdr, OutdoorGps, VpsScanning","Arrived, EnteringWithPdr, IndoorLocalized, IndoorVps, Navigating, Scanning, StartingVps, VpsScanning","Gps, Pdr, Vps",21
20260920_073000_241_BQ_GPS_TO_VPS_NORMAL_DEV_7823,"destination_arrived, indoor_state, reliability_state, transition_step_checkpoint, trial_finished, trial_started, vps_state, wrong_way_detected","EnteringWithPdr, OutdoorGps, VpsScanning","Arrived, EnteringWithPdr, IndoorLocalized, IndoorVps, Navigating, Scanning, StartingVps, VpsScanning","Gps, Pdr, Vps",22
20260920_074434_515_V1_GPS_TO_VPS_NORMAL_DEV_9871,"destination_arrived, indoor_state, indoor_step_checkpoint, reliability_state, transition_step_checkpoint, trial_finished, trial_started, vps_state, wrong_way_detected","EnteringWithPdr, OutdoorGps, VpsScanning","Arrived, EnteringWithPdr, IndoorLocalized, IndoorVps, Navigating, Scanning, StartingVps, VpsScanning","Gps, Pdr, Vps",34
20260920_081342_063_V5_GPS_TO_VPS_NORMAL_DEV_3128,"destination_arrived, indoor_state, indoor_step_checkpoint, reliability_state, transition_step_checkpoint, trial_finished, trial_started, vps_state, wrong_way_detected","EnteringWithPdr, OutdoorGps, VpsScanning","Arrived, EnteringWithPdr, IndoorLocalized, IndoorVps, Navigating, Scanning, StartingVps, VpsScanning","Gps, Pdr, Vps",14
20260920_073717_378_BT_GPS_TO_VPS_NORMAL_DEV_9972,"destination_arrived, indoor_state, reliability_state, transition_step_checkpoint, trial_finished, trial_started, vps_state, wrong_way_detected","EnteringWithPdr, OutdoorGps, VpsScanning","Arrived, EnteringWithPdr, IndoorLocalized, IndoorVps, Navigating, Scanning, StartingVps, VpsScanning","Gps, Pdr, Vps",20
20260920_075908_789_V3_GPS_TO_VPS_NORMAL_DEV_3753,"destination_arrived, indoor_state, indoor_step_checkpoint, reliability_state, transition_step_checkpoint, trial_finished, trial_started, vps_state, wrong_way_detected","EnteringWithPdr, OutdoorGps, VpsScanning","Arrived, EnteringWithPdr, IndoorLocalized, IndoorVps, Navigating, Scanning, StartingVps, VpsScanning","Gps, Pdr, Vps",19
20260920_080625_926_V4_GPS_TO_VPS_NORMAL_DEV_7389,"destination_arrived, indoor_state, reliability_state, transition_step_checkpoint, trial_finished, trial_started, vps_state, wrong_way_detected","EnteringWithPdr, OutdoorGps, VpsScanning","Arrived, EnteringWithPdr, IndoorLocalized, IndoorVps, Navigating, Scanning, StartingVps, VpsScanning","Gps, Pdr, Vps",19
20260914_014011_795_V1_GPS_TO_VPS_NORMAL_DEV_2BC4,"quality_threshold_failed, quality_threshold_passed, reliability_state, source_switched, transition_step_checkpoint, trial_started, vps_state","EnteringWithPdr, Gps, Pdr","Gps, IndoorLocalized, Pdr, Scanning, StartingVps, Vps, VpsScanning","Gps, Pdr, Vps",20
20260914_013921_647_V4_GPS_TO_VPS_NORMAL_DEV_3512,"destination_arrived, destination_changed, dwell_passed, dwell_reset, dwell_started, handover_completed_approximate, indoor_state, outdoor_state, pdr_destination_arrived, quality_threshold_failed, quality_threshold_passed, reliability_state, source_switched, transition_step_checkpoint, trial_started, vps_state","EnteringWithPdr, Gps, VpsScanning","Arrived, IndoorLocalized, IndoorVps, NoDestination, Pdr, Scanning, StartingVps, VpsScanning",Pdr,28
20260914_013130_006_V1_GPS_TO_VPS_NORMAL_DEV_08DE,"app_paused, app_resumed, device_low_memory, handover_completed_approximate, outdoor_state, reliability_state, source_switched, trial_started, vps_state","EnteringWithPdr, Gps, Pdr, VpsScanning","Gps, IndoorLocalized, IndoorVps, NoDestination, Pdr, Scanning, StartingVps, VpsScanning, WaitingForGps","Gps, Pdr",17
20260914_013811_332_V3_GPS_TO_VPS_NORMAL_DEV_C7E4,"outdoor_state, quality_threshold_failed, quality_threshold_passed, reliability_state, source_switched, trial_started, vps_state","EnteringWithPdr, Gps, Pdr","Calculating, Gps, IndoorLocalized, NavigatingToB9Entrance, Pdr, Scanning, StartingVps, Vps, VpsScanning","Gps, Pdr, Vps",26
20260914_013648_026_V5_GPS_TO_VPS_NORMAL_DEV_E194,"handover_completed_approximate, outdoor_state, reliability_state, source_switched, trial_started, vps_state","EnteringWithPdr, Gps, VpsScanning","Calculating, IndoorLocalized, IndoorVps, NoDestination, Pdr, RouteUnavailable, Scanning, StartingVps, VpsScanning","Gps, Pdr",1524
20260914_014219_079_BT_GPS_TO_VPS_NORMAL_DEV_C3DE,"dwell_passed, outdoor_state, reliability_state, source_switched, trial_started, vps_state","EnteringWithPdr, Gps, Pdr","Calculating, IndoorLocalized, NavigatingToB9Entrance, Pdr, RouteUnavailable, Scanning, StartingVps, Vps, VpsScanning","Gps, Pdr, Vps",886
20260914_014111_146_V1_GPS_TO_VPS_NORMAL_DEV_CE16,"outdoor_state, quality_threshold_failed, quality_threshold_passed, reliability_state, source_switched, trial_started, vps_state","EnteringWithPdr, Gps, Pdr","Calculating, Gps, IndoorLocalized, NavigatingToB9Entrance, Pdr, RouteUnavailable, Scanning, StartingVps, Vps, VpsScanning","Gps, Pdr, Vps",433
20260920_090000_241_BQ_GPS_TO_VPS_NORMAL_DEV_8655,"destination_arrived, indoor_state, reliability_state, transition_step_checkpoint, trial_finished, trial_started, vps_state","EnteringWithPdr, OutdoorGps, VpsScanning","Arrived, EnteringWithPdr, IndoorLocalized, IndoorVps, Navigating, Scanning, StartingVps, VpsScanning","Gps, Pdr, Vps",21
20260920_093625_926_V4_GPS_TO_VPS_NORMAL_DEV_4605,"destination_arrived, indoor_state, reliability_state, transition_step_checkpoint, trial_finished, trial_started, vps_state","EnteringWithPdr, OutdoorGps, VpsScanning","Arrived, EnteringWithPdr, IndoorLocalized, IndoorVps, Navigating, Scanning, StartingVps, VpsScanning","Gps, Pdr, Vps",18
20260920_092151_652_V2_GPS_TO_VPS_NORMAL_DEV_3028,"destination_arrived, indoor_state, reliability_state, transition_step_checkpoint, trial_finished, trial_started, vps_state","EnteringWithPdr, OutdoorGps, VpsScanning","Arrived, EnteringWithPdr, IndoorLocalized, IndoorVps, Navigating, Scanning, StartingVps, VpsScanning","Gps, Pdr, Vps",20
20260920_092908_789_V3_GPS_TO_VPS_NORMAL_DEV_5436,"destination_arrived, indoor_state, indoor_step_checkpoint, reliability_state, transition_step_checkpoint, trial_finished, trial_started, vps_state","EnteringWithPdr, OutdoorGps, VpsScanning","Arrived, EnteringWithPdr, IndoorLocalized, IndoorVps, Navigating, Scanning, StartingVps, VpsScanning","Gps, Pdr, Vps",18
20260920_090717_378_BT_GPS_TO_VPS_NORMAL_DEV_1286,"destination_arrived, indoor_state, reliability_state, transition_step_checkpoint, trial_finished, trial_started, vps_state","EnteringWithPdr, OutdoorGps, VpsScanning","Arrived, EnteringWithPdr, IndoorLocalized, IndoorVps, Navigating, Scanning, StartingVps, VpsScanning","Gps, Pdr, Vps",19
20260920_091434_515_V1_GPS_TO_VPS_NORMAL_DEV_6790,"destination_arrived, indoor_state, indoor_step_checkpoint, reliability_state, transition_step_checkpoint, trial_finished, trial_started, vps_state","EnteringWithPdr, OutdoorGps, VpsScanning","Arrived, EnteringWithPdr, IndoorLocalized, IndoorVps, Navigating, Scanning, StartingVps, VpsScanning","Gps, Pdr, Vps",32
20260920_094342_063_V5_GPS_TO_VPS_NORMAL_DEV_7937,"destination_arrived, indoor_state, indoor_step_checkpoint, reliability_state, transition_step_checkpoint, trial_finished, trial_started, vps_state","EnteringWithPdr, OutdoorGps, VpsScanning","Arrived, EnteringWithPdr, IndoorLocalized, IndoorVps, Navigating, Scanning, StartingVps, VpsScanning","Gps, Pdr, Vps",13
20260912_034626_883_BQ_GPS_TO_VPS_NORMAL_DEV_F465,"handover_completed_approximate, outdoor_state, quality_threshold_failed, quality_threshold_passed, reliability_state, source_switched, trial_started, vps_state","EnteringWithPdr, Gps, VpsScanning","ArrivedAtB9Entrance, Calculating, IndoorLocalized, IndoorVps, Pdr, Scanning, StartingVps, VpsScanning","Gps, Pdr",13
20260912_032259_625_V3_GPS_TO_VPS_NORMAL_DEV_D0DA,"destination_arrived, indoor_state, indoor_step_checkpoint, outdoor_state, quality_threshold_failed, quality_threshold_passed, reliability_state, source_switched, transition_step_checkpoint, trial_started, vps_state","EnteringWithPdr, Gps, OutdoorGps, Pdr, VpsScanning","Arrived, ArrivedAtB9Entrance, Calculating, EnteringWithPdr, Gps, IndoorLocalized, IndoorVps, Navigating, NavigatingToB9Entrance, Pdr, RouteUnavailable, Scanning, StartingVps, Vps, VpsScanning","Gps, Pdr, Vps",1150
20260912_034402_407_V5_GPS_TO_VPS_NORMAL_DEV_EC78,"dwell_passed, dwell_reset, dwell_started, outdoor_state, quality_threshold_failed, quality_threshold_passed, reliability_state, source_switched, trial_started, vps_state","EnteringWithPdr, Gps, Pdr","IndoorLocalized, NoDestination, Pdr, Scanning, StartingVps, Vps, VpsScanning","Gps, Pdr, Vps",18
20260912_030230_879_V1_GPS_TO_VPS_NORMAL_DEV_DCB4,"app_paused, app_resumed, destination_arrived, device_low_memory, handover_completed_approximate, indoor_state, indoor_step_checkpoint, outdoor_state, quality_threshold_failed, quality_threshold_passed, reliability_state, source_switched, transition_step_checkpoint, trial_started, vps_state","EnteringWithPdr, Gps, OutdoorGps, VpsScanning","Arrived, ArrivedAtB9Entrance, Calculating, EnteringWithPdr, IndoorLocalized, IndoorVps, Navigating, NavigatingToB9Entrance, Pdr, RouteUnavailable, Scanning, StartingVps, VpsScanning","Gps, Pdr",5469
20260912_031840_651_V2_GPS_TO_VPS_NORMAL_DEV_1844,"destination_arrived, dwell_passed, dwell_reset, dwell_started, handover_completed_approximate, indoor_state, indoor_step_checkpoint, outdoor_state, quality_threshold_failed, quality_threshold_passed, reliability_state, source_switched, transition_step_checkpoint, trial_started, vps_state","EnteringWithPdr, Gps, OutdoorGps, VpsScanning","Arrived, ArrivedAtB9Entrance, Calculating, EnteringWithPdr, IndoorLocalized, IndoorVps, Navigating, Pdr, Scanning, StartingVps, VpsScanning","Gps, Pdr",402
20260912_034104_595_V4_GPS_TO_VPS_NORMAL_DEV_294C,"dwell_passed, dwell_reset, dwell_started, outdoor_state, quality_threshold_failed, quality_threshold_passed, reliability_state, source_switched, trial_started, vps_state","EnteringWithPdr, Gps, Pdr","ArrivedAtB9Entrance, Calculating, Gps, IndoorLocalized, NoDestination, Pdr, Scanning, StartingVps, Vps, VpsScanning","Gps, Pdr, Vps",22
20260912_034750_793_BT_GPS_TO_VPS_NORMAL_DEV_EB50,"dwell_passed, dwell_reset, dwell_started, outdoor_state, quality_threshold_failed, quality_threshold_passed, reliability_state, source_switched, trial_started, vps_state","EnteringWithPdr, Gps, Pdr","ArrivedAtB9Entrance, Calculating, Gps, IndoorLocalized, Pdr, Scanning, StartingVps, Vps, VpsScanning","Gps, Pdr, Vps",16
20260919_090717_378_BT_GPS_TO_VPS_NORMAL_DEV_1702,"app_resumed, indoor_state, indoor_step_checkpoint, quality_threshold_passed, reliability_state, source_switched, trial_started","IndoorVps, Pdr, Vps","Gps, IndoorVps, OutdoorGps, Pdr","Gps, Pdr, Vps",12
20260919_092151_652_V2_GPS_TO_VPS_NORMAL_DEV_7591,"app_resumed, indoor_state, indoor_step_checkpoint, quality_threshold_passed, reliability_state, source_switched, trial_started","IndoorVps, Pdr, Vps","Gps, IndoorVps, OutdoorGps, Pdr","Gps, Pdr, Vps",12
20260919_090000_241_BQ_GPS_TO_VPS_NORMAL_DEV_7947,"app_resumed, indoor_state, indoor_step_checkpoint, quality_threshold_passed, reliability_state, source_switched, trial_started","IndoorVps, Pdr, Vps","Gps, IndoorVps, OutdoorGps, Pdr","Gps, Pdr, Vps",12
20260919_093625_926_V4_GPS_TO_VPS_NORMAL_DEV_7770,"app_resumed, indoor_state, indoor_step_checkpoint, quality_threshold_passed, reliability_state, source_switched, trial_started","IndoorVps, Pdr, Vps","Gps, IndoorVps, OutdoorGps, Pdr","Gps, Pdr, Vps",12
20260919_091434_515_V1_GPS_TO_VPS_NORMAL_DEV_8534,"app_resumed, indoor_state, indoor_step_checkpoint, quality_threshold_passed, reliability_state, source_switched, trial_started","IndoorVps, Pdr, Vps","Gps, IndoorVps, OutdoorGps, Pdr","Gps, Pdr, Vps",16
20260919_094342_063_V5_GPS_TO_VPS_NORMAL_DEV_4393,"app_resumed, indoor_state, indoor_step_checkpoint, quality_threshold_passed, reliability_state, source_switched, trial_started","IndoorVps, Pdr, Vps","Gps, IndoorVps, OutdoorGps, Pdr","Gps, Pdr, Vps",11
20260919_092908_789_V3_GPS_TO_VPS_NORMAL_DEV_9871,"app_resumed, indoor_state, indoor_step_checkpoint, quality_threshold_passed, reliability_state, source_switched, trial_started","IndoorVps, Pdr, Vps","Gps, IndoorVps, OutdoorGps, Pdr","Gps, Pdr, Vps",13
20260913_081407_019_BT_GPS_TO_VPS_NORMAL_DEV_0022,"app_resumed, destination_arrived, device_low_memory, dwell_passed, dwell_reset, dwell_started, indoor_state, indoor_step_checkpoint, outdoor_state, quality_threshold_failed, quality_threshold_passed, reliability_state, source_switched, transition_step_checkpoint, trial_started, vps_state","EnteringWithPdr, Gps, OutdoorGps, Pdr, VpsScanning","Arrived, Calculating, EnteringWithPdr, Gps, IndoorLocalized, IndoorVps, Navigating, NavigatingToB9Entrance, NoDestination, OutdoorGps, Pdr, Scanning, StartingVps, Vps, VpsScanning","Gps, Pdr, Vps",279
20260912_080215_923_V1_GPS_TO_VPS_NORMAL_DEV_F4E4,"app_paused, app_resumed, device_low_memory, indoor_state, indoor_step_checkpoint, outdoor_state, quality_threshold_failed, quality_threshold_passed, reliability_state, source_switched, transition_step_checkpoint, trial_started, vps_state","EnteringWithPdr, Gps, OutdoorGps, Pdr, VpsScanning","ArrivedAtB9Entrance, Calculating, EnteringWithPdr, Gps, IndoorLocalized, IndoorVps, NavigatingToB9Entrance, OutdoorGps, Pdr, RouteUnavailable, Scanning, StartingVps, Vps, VpsScanning","Gps, Pdr, Vps",307
20260912_084254_771_V4_GPS_TO_VPS_NORMAL_DEV_163C,"app_resumed, device_low_memory, dwell_passed, dwell_reset, dwell_started, indoor_state, indoor_step_checkpoint, outdoor_state, quality_threshold_failed, quality_threshold_passed, reliability_state, source_switched, transition_step_checkpoint, trial_started, vps_state","EnteringWithPdr, Gps, OutdoorGps, Pdr, VpsScanning","ArrivedAtB9Entrance, Calculating, EnteringWithPdr, Gps, IndoorLocalized, IndoorVps, Navigating, NavigatingToB9Entrance, Pdr, Scanning, StartingVps, Vps, VpsScanning","Gps, Pdr, Vps",285
20260913_081201_663_BQ_GPS_TO_VPS_NORMAL_DEV_3AEE,"app_resumed, destination_arrived, handover_completed_approximate, indoor_state, indoor_step_checkpoint, outdoor_state, quality_threshold_failed, quality_threshold_passed, reliability_state, source_switched, transition_step_checkpoint, trial_started, vps_state","EnteringWithPdr, Gps, OutdoorGps, VpsScanning","Arrived, Calculating, EnteringWithPdr, IndoorLocalized, IndoorVps, Navigating, NavigatingToB9Entrance, OutdoorGps, Pdr, Scanning, StartingVps, VpsScanning","Gps, Pdr",512
20260912_084508_275_V5_GPS_TO_VPS_NORMAL_DEV_ECF7,"app_resumed, destination_arrived, device_low_memory, dwell_passed, dwell_reset, dwell_started, indoor_state, indoor_step_checkpoint, outdoor_state, quality_threshold_failed, quality_threshold_passed, reliability_state, source_switched, transition_step_checkpoint, trial_started, vps_state","EnteringWithPdr, Gps, OutdoorGps, Pdr, VpsScanning","Arrived, Calculating, EnteringWithPdr, IndoorLocalized, IndoorVps, Navigating, NavigatingToB9Entrance, NoDestination, OutdoorGps, Pdr, RouteUnavailable, Scanning, StartingVps, Vps, VpsScanning","Gps, Pdr, Vps",561
20260912_080545_351_V2_GPS_TO_VPS_NORMAL_DEV_5138,"destination_arrived, device_low_memory, dwell_passed, dwell_reset, dwell_started, indoor_state, outdoor_state, pdr_destination_arrived, quality_threshold_failed, quality_threshold_passed, reliability_state, source_switched, transition_step_checkpoint, trial_started, vps_state","EnteringWithPdr, Gps, OutdoorGps, Pdr","Arrived, ArrivedAtB9Entrance, Calculating, EnteringWithPdr, IndoorLocalized, NavigatingToB9Entrance, NoDestination, OutdoorGps, Pdr, Scanning, StartingVps, Vps, VpsScanning","Gps, Pdr, Vps",169
20260912_080953_034_V3_GPS_TO_VPS_NORMAL_DEV_E70A,"app_resumed, device_low_memory, indoor_state, indoor_step_checkpoint, outdoor_state, quality_threshold_failed, quality_threshold_passed, reliability_state, source_switched, transition_step_checkpoint, trial_started, vps_state","EnteringWithPdr, Gps, OutdoorGps, Pdr, VpsScanning","ArrivedAtB9Entrance, Calculating, EnteringWithPdr, Gps, IndoorLocalized, IndoorVps, Navigating, NavigatingToB9Entrance, NoDestination, OutdoorGps, Pdr, Scanning, StartingVps, Vps, VpsScanning","Gps, Pdr, Vps",222
20260920_134342_063_V5_GPS_TO_VPS_NORMAL_DEV_1159,"destination_arrived, indoor_state, indoor_step_checkpoint, reliability_state, source_switched, transition_step_checkpoint, trial_finished, trial_started, vps_state","EnteringWithPdr, IndoorVps, OutdoorGps, Pdr, Vps, VpsScanning","Arrived, EnteringWithPdr, Gps, IndoorLocalized, IndoorVps, Navigating, OutdoorGps, Pdr, Scanning, StartingVps, VpsScanning","Gps, Pdr, Vps",25
20260920_132908_789_V3_GPS_TO_VPS_NORMAL_DEV_6180,"destination_arrived, indoor_state, indoor_step_checkpoint, reliability_state, source_switched, transition_step_checkpoint, trial_finished, trial_started, vps_state","EnteringWithPdr, IndoorVps, OutdoorGps, Pdr, Vps, VpsScanning","Arrived, EnteringWithPdr, Gps, IndoorLocalized, IndoorVps, Navigating, OutdoorGps, Pdr, Scanning, StartingVps, VpsScanning","Gps, Pdr, Vps",35
20260920_132151_652_V2_GPS_TO_VPS_NORMAL_DEV_8524,"destination_arrived, indoor_state, reliability_state, source_switched, transition_step_checkpoint, trial_finished, trial_started, vps_state","EnteringWithPdr, IndoorVps, OutdoorGps, Pdr, Vps, VpsScanning","Arrived, EnteringWithPdr, Gps, IndoorLocalized, IndoorVps, Navigating, OutdoorGps, Pdr, Scanning, StartingVps, VpsScanning","Gps, Pdr, Vps",40
20260920_130717_378_BT_GPS_TO_VPS_NORMAL_DEV_8842,"destination_arrived, indoor_state, reliability_state, source_switched, transition_step_checkpoint, trial_finished, trial_started, vps_state","EnteringWithPdr, IndoorVps, OutdoorGps, Pdr, Vps, VpsScanning","Arrived, EnteringWithPdr, Gps, IndoorLocalized, IndoorVps, Navigating, OutdoorGps, Pdr, Scanning, StartingVps, VpsScanning","Gps, Pdr, Vps",38
20260920_130000_241_BQ_GPS_TO_VPS_NORMAL_DEV_4032,"destination_arrived, indoor_state, reliability_state, source_switched, transition_step_checkpoint, trial_finished, trial_started, vps_state","EnteringWithPdr, IndoorVps, OutdoorGps, Pdr, Vps, VpsScanning","Arrived, EnteringWithPdr, Gps, IndoorLocalized, IndoorVps, Navigating, OutdoorGps, Pdr, Scanning, StartingVps, VpsScanning","Gps, Pdr, Vps",42
20260920_131434_515_V1_GPS_TO_VPS_NORMAL_DEV_7770,"destination_arrived, indoor_state, indoor_step_checkpoint, reliability_state, source_switched, transition_step_checkpoint, trial_finished, trial_started, vps_state","EnteringWithPdr, IndoorVps, OutdoorGps, Pdr, Vps, VpsScanning","Arrived, EnteringWithPdr, Gps, IndoorLocalized, IndoorVps, Navigating, OutdoorGps, Pdr, Scanning, StartingVps, VpsScanning","Gps, Pdr, Vps",63
20260920_133625_926_V4_GPS_TO_VPS_NORMAL_DEV_1852,"destination_arrived, indoor_state, reliability_state, source_switched, transition_step_checkpoint, trial_finished, trial_started, vps_state","EnteringWithPdr, IndoorVps, OutdoorGps, Pdr, Vps, VpsScanning","Arrived, EnteringWithPdr, Gps, IndoorLocalized, IndoorVps, Navigating, OutdoorGps, Pdr, Scanning, StartingVps, VpsScanning","Gps, Pdr, Vps",36
20260915_085823_623_V4_GPS_TO_VPS_NORMAL_DEV_FB68,"dwell_passed, dwell_reset, dwell_started, handover_completed_approximate, outdoor_state, quality_threshold_failed, quality_threshold_passed, reliability_state, source_switched, transition_step_checkpoint, trial_started, vps_state","EnteringWithPdr, Gps, OutdoorGps, VpsScanning","ArrivedAtB9Entrance, Calculating, EnteringWithPdr, IndoorLocalized, IndoorVps, NavigatingToB9Entrance, OutdoorGps, Pdr, RouteUnavailable, Scanning, StartingVps, VpsScanning","Gps, Pdr",418
20260915_085533_277_V3_GPS_TO_VPS_NORMAL_DEV_93D6,"indoor_state, indoor_step_checkpoint, outdoor_state, quality_threshold_failed, quality_threshold_passed, reliability_state, source_switched, transition_step_checkpoint, trial_started, vps_state","EnteringWithPdr, Gps, OutdoorGps, Pdr, VpsScanning","Calculating, EnteringWithPdr, Gps, IndoorLocalized, IndoorVps, NavigatingToB9Entrance, Pdr, RouteUnavailable, Scanning, StartingVps, Vps, VpsScanning","Gps, Pdr, Vps",84
20260915_090604_072_BQ_GPS_TO_VPS_NORMAL_DEV_4784,"destination_arrived, indoor_state, outdoor_state, pdr_destination_arrived, quality_threshold_failed, quality_threshold_passed, reliability_state, source_switched, transition_step_checkpoint, trial_started, vps_state","EnteringWithPdr, Gps, OutdoorGps, Pdr","Arrived, ArrivedAtB9Entrance, Calculating, EnteringWithPdr, Gps, IndoorLocalized, NavigatingToB9Entrance, NoDestination, Pdr, Scanning, StartingVps, Vps, VpsScanning","Gps, Pdr, Vps",155
20260915_084744_254_V1_GPS_TO_VPS_NORMAL_DEV_7E4F,"indoor_state, indoor_step_checkpoint, outdoor_state, quality_threshold_failed, quality_threshold_passed, reliability_state, source_switched, transition_step_checkpoint, trial_started, vps_state","EnteringWithPdr, Gps, OutdoorGps, Pdr, VpsScanning","ArrivedAtB9Entrance, Calculating, EnteringWithPdr, Gps, IndoorLocalized, IndoorVps, Navigating, NavigatingToB9Entrance, Pdr, Scanning, StartingVps, Vps, VpsScanning","Gps, Pdr, Vps",171
20260915_090305_638_V5_GPS_TO_VPS_NORMAL_DEV_F25A,"dwell_passed, dwell_reset, dwell_started, indoor_state, indoor_step_checkpoint, outdoor_state, quality_threshold_failed, quality_threshold_passed, reliability_state, source_switched, transition_step_checkpoint, trial_started, vps_state","EnteringWithPdr, Gps, OutdoorGps, Pdr, VpsScanning","ArrivedAtB9Entrance, Calculating, EnteringWithPdr, IndoorLocalized, IndoorVps, Navigating, NavigatingToB9Entrance, OutdoorGps, Pdr, Scanning, StartingVps, Vps, VpsScanning","Gps, Pdr, Vps",262
20260915_085148_743_V2_GPS_TO_VPS_NORMAL_DEV_7313,"dwell_passed, dwell_reset, dwell_started, indoor_state, indoor_step_checkpoint, outdoor_state, quality_threshold_failed, quality_threshold_passed, reliability_state, source_switched, transition_step_checkpoint, trial_started, vps_state","EnteringWithPdr, Gps, OutdoorGps, Pdr, VpsScanning","ArrivedAtB9Entrance, Calculating, EnteringWithPdr, Gps, IndoorLocalized, IndoorVps, Navigating, NavigatingToB9Entrance, Pdr, Scanning, StartingVps, Vps, VpsScanning","Gps, Pdr, Vps",162
20260915_090910_119_BT_GPS_TO_VPS_NORMAL_DEV_8D8B,"dwell_passed, dwell_reset, dwell_started, outdoor_state, quality_threshold_failed, quality_threshold_passed, reliability_state, source_switched, transition_step_checkpoint, trial_started, vps_state","EnteringWithPdr, Gps, OutdoorGps, Pdr","Calculating, EnteringWithPdr, IndoorLocalized, NavigatingToB9Entrance, Pdr, RouteUnavailable, Scanning, StartingVps, Vps, VpsScanning","Gps, Pdr, Vps",434
20260918_090717_378_BT_GPS_TO_VPS_NORMAL_DEV_1159,"destination_arrived, indoor_state, indoor_step_checkpoint, reliability_state, transition_step_checkpoint, trial_finished, trial_started, vps_state","EnteringWithPdr, OutdoorGps, VpsScanning","Arrived, EnteringWithPdr, IndoorLocalized, IndoorVps, Navigating, Scanning, StartingVps, VpsScanning","Gps, Pdr, Vps",24
20260918_092151_652_V2_GPS_TO_VPS_NORMAL_DEV_4393,"destination_arrived, indoor_state, reliability_state, transition_step_checkpoint, trial_finished, trial_started, vps_state","EnteringWithPdr, OutdoorGps, VpsScanning","Arrived, EnteringWithPdr, IndoorLocalized, IndoorVps, Navigating, Scanning, StartingVps, VpsScanning","Gps, Pdr, Vps",20
20260918_090000_241_BQ_GPS_TO_VPS_NORMAL_DEV_3771,"destination_arrived, indoor_state, reliability_state, transition_step_checkpoint, trial_finished, trial_started, vps_state","EnteringWithPdr, OutdoorGps, VpsScanning","Arrived, EnteringWithPdr, IndoorLocalized, IndoorVps, Navigating, Scanning, StartingVps, VpsScanning","Gps, Pdr, Vps",21
20260918_092908_789_V3_GPS_TO_VPS_NORMAL_DEV_8524,"destination_arrived, indoor_state, indoor_step_checkpoint, reliability_state, transition_step_checkpoint, trial_finished, trial_started, vps_state","EnteringWithPdr, OutdoorGps, VpsScanning","Arrived, EnteringWithPdr, IndoorLocalized, IndoorVps, Navigating, Scanning, StartingVps, VpsScanning","Gps, Pdr, Vps",18
20260918_094342_063_V5_GPS_TO_VPS_NORMAL_DEV_6545,"destination_arrived, indoor_state, indoor_step_checkpoint, reliability_state, transition_step_checkpoint, trial_finished, trial_started, vps_state","EnteringWithPdr, OutdoorGps, VpsScanning","Arrived, EnteringWithPdr, IndoorLocalized, IndoorVps, Navigating, Scanning, StartingVps, VpsScanning","Gps, Pdr, Vps",13
20260918_093625_926_V4_GPS_TO_VPS_NORMAL_DEV_3753,"destination_arrived, indoor_state, indoor_step_checkpoint, reliability_state, transition_step_checkpoint, trial_finished, trial_started, vps_state","EnteringWithPdr, OutdoorGps, VpsScanning","Arrived, EnteringWithPdr, IndoorLocalized, IndoorVps, Navigating, Scanning, StartingVps, VpsScanning","Gps, Pdr, Vps",23
20260918_091434_515_V1_GPS_TO_VPS_NORMAL_DEV_7591,"destination_arrived, indoor_state, indoor_step_checkpoint, reliability_state, transition_step_checkpoint, trial_finished, trial_started, vps_state","EnteringWithPdr, OutdoorGps, VpsScanning","Arrived, EnteringWithPdr, IndoorLocalized, IndoorVps, Navigating, Scanning, StartingVps, VpsScanning","Gps, Pdr, Vps",33
20260912_100806_809_V1_GPS_TO_VPS_NORMAL_DEV_ECFB,"app_resumed, destination_changed, handover_completed_approximate, indoor_state, indoor_step_checkpoint, outdoor_state, quality_threshold_failed, quality_threshold_passed, reliability_state, source_switched, transition_step_checkpoint, trial_started, vps_state","EnteringWithPdr, Gps, OutdoorGps, Pdr, VpsScanning","ArrivedAtB9Entrance, Calculating, EnteringWithPdr, Gps, IndoorLocalized, IndoorVps, Navigating, NavigatingToB9Entrance, NoDestination, OutdoorGps, Pdr, RouteUnavailable, Scanning, StartingVps, VpsScanning","Gps, Pdr",579
20260912_103114_765_BT_GPS_TO_VPS_NORMAL_DEV_F9B7,"app_resumed, destination_changed, dwell_passed, dwell_reset, dwell_started, indoor_state, indoor_step_checkpoint, outdoor_state, quality_threshold_failed, quality_threshold_passed, reliability_state, source_switched, transition_step_checkpoint, trial_started, vps_state","EnteringWithPdr, Gps, OutdoorGps, Pdr, VpsScanning","ArrivedAtB9Entrance, Calculating, EnteringWithPdr, Gps, IndoorLocalized, IndoorVps, Navigating, NavigatingToB9Entrance, NoDestination, Pdr, RouteUnavailable, Scanning, StartingVps, Vps, VpsScanning","Gps, Pdr, Vps",247
20260912_102314_139_V5_GPS_TO_VPS_NORMAL_DEV_D1F5,"app_resumed, destination_changed, dwell_passed, dwell_reset, dwell_started, indoor_state, indoor_step_checkpoint, outdoor_state, quality_threshold_failed, quality_threshold_passed, reliability_state, source_switched, transition_step_checkpoint, trial_started, vps_state","EnteringWithPdr, Gps, OutdoorGps, Pdr, VpsScanning","ArrivedAtB9Entrance, Calculating, EnteringWithPdr, Gps, IndoorLocalized, IndoorVps, Navigating, NavigatingToB9Entrance, NoDestination, OutdoorGps, Pdr, RouteUnavailable, Scanning, StartingVps, Vps, VpsScanning","Gps, Pdr, Vps",645
20260912_102732_818_BQ_GPS_TO_VPS_NORMAL_DEV_78D0,"app_resumed, destination_changed, indoor_state, indoor_step_checkpoint, outdoor_state, quality_threshold_failed, quality_threshold_passed, reliability_state, source_switched, transition_step_checkpoint, trial_started, vps_state","EnteringWithPdr, Gps, OutdoorGps, Pdr, VpsScanning","ArrivedAtB9Entrance, Calculating, EnteringWithPdr, Gps, IndoorLocalized, IndoorVps, Navigating, NavigatingToB9Entrance, NoDestination, Pdr, RouteUnavailable, Scanning, StartingVps, Vps, VpsScanning","Gps, Pdr, Vps",369
20260912_101928_244_V4_GPS_TO_VPS_NORMAL_DEV_FB48,"destination_changed, dwell_passed, dwell_reset, dwell_started, indoor_state, indoor_step_checkpoint, outdoor_state, quality_threshold_failed, quality_threshold_passed, reliability_state, source_switched, transition_step_checkpoint, trial_started, vps_state","EnteringWithPdr, Gps, OutdoorGps, Pdr, VpsScanning","ArrivedAtB9Entrance, Calculating, EnteringWithPdr, Gps, IndoorLocalized, IndoorVps, NavigatingToB9Entrance, Pdr, RouteUnavailable, Scanning, StartingVps, Vps, VpsScanning","Gps, Pdr, Vps",220
20260912_101528_381_V3_GPS_TO_VPS_NORMAL_DEV_7F59,"outdoor_state, quality_threshold_failed, quality_threshold_passed, reliability_state, source_switched, trial_started, vps_state","EnteringWithPdr, Gps, Pdr","ArrivedAtB9Entrance, Calculating, Gps, IndoorLocalized, NavigatingToB9Entrance, NoDestination, Pdr, RouteUnavailable, Scanning, StartingVps, Vps, VpsScanning","Gps, Pdr, Vps",378
20260912_101227_816_V2_GPS_TO_VPS_NORMAL_DEV_E9C2,"app_resumed, destination_arrived, destination_changed, dwell_passed, dwell_reset, dwell_started, indoor_state, indoor_step_checkpoint, outdoor_state, quality_threshold_failed, quality_threshold_passed, reliability_state, source_switched, transition_step_checkpoint, trial_started, vps_state","EnteringWithPdr, Gps, OutdoorGps, Pdr, VpsScanning","Arrived, ArrivedAtB9Entrance, Calculating, EnteringWithPdr, IndoorLocalized, IndoorVps, Navigating, NavigatingToB9Entrance, NoDestination, Pdr, RouteUnavailable, Scanning, StartingVps, Vps, VpsScanning","Gps, Pdr, Vps",350
20260916_105908_789_V3_GPS_TO_VPS_NORMAL_DEV_3545,"destination_arrived, indoor_state, indoor_step_checkpoint, reliability_state, transition_step_checkpoint, trial_finished, trial_started, vps_state","EnteringWithPdr, OutdoorGps, VpsScanning","Arrived, EnteringWithPdr, IndoorLocalized, IndoorVps, Navigating, Scanning, StartingVps, VpsScanning","Gps, Pdr, Vps",18
20260916_111342_063_V5_GPS_TO_VPS_NORMAL_DEV_9203,"destination_arrived, indoor_state, indoor_step_checkpoint, reliability_state, transition_step_checkpoint, trial_finished, trial_started, vps_state","EnteringWithPdr, OutdoorGps, VpsScanning","Arrived, EnteringWithPdr, IndoorLocalized, IndoorVps, Navigating, Scanning, StartingVps, VpsScanning","Gps, Pdr, Vps",13
20260916_105151_652_V2_GPS_TO_VPS_NORMAL_DEV_8534,"destination_arrived, indoor_state, reliability_state, transition_step_checkpoint, trial_finished, trial_started, vps_state","EnteringWithPdr, OutdoorGps, VpsScanning","Arrived, EnteringWithPdr, IndoorLocalized, IndoorVps, Navigating, Scanning, StartingVps, VpsScanning","Gps, Pdr, Vps",20
20260916_103717_378_BT_GPS_TO_VPS_NORMAL_DEV_6790,"destination_arrived, indoor_state, reliability_state, transition_step_checkpoint, trial_finished, trial_started, vps_state","EnteringWithPdr, OutdoorGps, VpsScanning","Arrived, EnteringWithPdr, IndoorLocalized, IndoorVps, Navigating, Scanning, StartingVps, VpsScanning","Gps, Pdr, Vps",19
20260916_110625_926_V4_GPS_TO_VPS_NORMAL_DEV_7591,"destination_arrived, indoor_state, reliability_state, transition_step_checkpoint, trial_finished, trial_started, vps_state","EnteringWithPdr, OutdoorGps, VpsScanning","Arrived, EnteringWithPdr, IndoorLocalized, IndoorVps, Navigating, Scanning, StartingVps, VpsScanning","Gps, Pdr, Vps",18
20260916_104434_515_V1_GPS_TO_VPS_NORMAL_DEV_3432,"destination_arrived, indoor_state, indoor_step_checkpoint, reliability_state, transition_step_checkpoint, trial_finished, trial_started, vps_state","EnteringWithPdr, OutdoorGps, VpsScanning","Arrived, EnteringWithPdr, IndoorLocalized, IndoorVps, Navigating, Scanning, StartingVps, VpsScanning","Gps, Pdr, Vps",33
20260916_103000_241_BQ_GPS_TO_VPS_NORMAL_DEV_9871,"destination_arrived, indoor_state, reliability_state, transition_step_checkpoint, trial_finished, trial_started, vps_state","EnteringWithPdr, OutdoorGps, VpsScanning","Arrived, EnteringWithPdr, IndoorLocalized, IndoorVps, Navigating, Scanning, StartingVps, VpsScanning","Gps, Pdr, Vps",21
20260916_080625_926_V4_GPS_TO_VPS_NORMAL_DEV_2725,"destination_arrived, indoor_state, indoor_step_checkpoint, reliability_state, transition_step_checkpoint, trial_finished, trial_started, vps_state","EnteringWithPdr, OutdoorGps, VpsScanning","Arrived, EnteringWithPdr, IndoorLocalized, IndoorVps, Navigating, Scanning, StartingVps, VpsScanning","Gps, Pdr, Vps",23
20260916_075151_652_V2_GPS_TO_VPS_NORMAL_DEV_6790,"destination_arrived, indoor_state, reliability_state, transition_step_checkpoint, trial_finished, trial_started, vps_state","EnteringWithPdr, OutdoorGps, VpsScanning","Arrived, EnteringWithPdr, IndoorLocalized, IndoorVps, Navigating, Scanning, StartingVps, VpsScanning","Gps, Pdr, Vps",20
20260916_073717_378_BT_GPS_TO_VPS_NORMAL_DEV_3686,"destination_arrived, indoor_state, indoor_step_checkpoint, reliability_state, transition_step_checkpoint, trial_finished, trial_started, vps_state","EnteringWithPdr, OutdoorGps, VpsScanning","Arrived, EnteringWithPdr, IndoorLocalized, IndoorVps, Navigating, Scanning, StartingVps, VpsScanning","Gps, Pdr, Vps",24
20260916_074434_515_V1_GPS_TO_VPS_NORMAL_DEV_3432,"destination_arrived, indoor_state, indoor_step_checkpoint, reliability_state, transition_step_checkpoint, trial_finished, trial_started, vps_state","EnteringWithPdr, OutdoorGps, VpsScanning","Arrived, EnteringWithPdr, IndoorLocalized, IndoorVps, Navigating, Scanning, StartingVps, VpsScanning","Gps, Pdr, Vps",33
20260916_073000_241_BQ_GPS_TO_VPS_NORMAL_DEV_4605,"destination_arrived, indoor_state, reliability_state, transition_step_checkpoint, trial_finished, trial_started, vps_state","EnteringWithPdr, OutdoorGps, VpsScanning","Arrived, EnteringWithPdr, IndoorLocalized, IndoorVps, Navigating, Scanning, StartingVps, VpsScanning","Gps, Pdr, Vps",21
20260916_075908_789_V3_GPS_TO_VPS_NORMAL_DEV_4565,"destination_arrived, indoor_state, indoor_step_checkpoint, reliability_state, transition_step_checkpoint, trial_finished, trial_started, vps_state","EnteringWithPdr, OutdoorGps, VpsScanning","Arrived, EnteringWithPdr, IndoorLocalized, IndoorVps, Navigating, Scanning, StartingVps, VpsScanning","Gps, Pdr, Vps",18
20260916_081342_063_V5_GPS_TO_VPS_NORMAL_DEV_8420,"destination_arrived, indoor_state, indoor_step_checkpoint, reliability_state, transition_step_checkpoint, trial_finished, trial_started, vps_state","EnteringWithPdr, OutdoorGps, VpsScanning","Arrived, EnteringWithPdr, IndoorLocalized, IndoorVps, Navigating, Scanning, StartingVps, VpsScanning","Gps, Pdr, Vps",13
20260918_074434_515_V1_GPS_TO_VPS_NORMAL_DEV_3545,"destination_arrived, dwell_passed, dwell_reset, dwell_started, indoor_state, indoor_step_checkpoint, quality_threshold_failed, quality_threshold_passed, reliability_state, transition_step_checkpoint, trial_finished, trial_started, vps_state","EnteringWithPdr, OutdoorGps, VpsScanning","Arrived, EnteringWithPdr, IndoorLocalized, IndoorVps, Navigating, Scanning, StartingVps, VpsScanning","Gps, Pdr, Vps",41
20260918_073000_241_BQ_GPS_TO_VPS_NORMAL_DEV_8168,"destination_arrived, dwell_passed, dwell_reset, dwell_started, indoor_state, quality_threshold_failed, quality_threshold_passed, reliability_state, transition_step_checkpoint, trial_finished, trial_started, vps_state","EnteringWithPdr, OutdoorGps, VpsScanning","Arrived, EnteringWithPdr, IndoorLocalized, IndoorVps, Navigating, Scanning, StartingVps, VpsScanning","Gps, Pdr, Vps",29
20260918_081342_063_V5_GPS_TO_VPS_NORMAL_DEV_3045,"destination_arrived, dwell_passed, dwell_reset, dwell_started, indoor_state, indoor_step_checkpoint, quality_threshold_failed, quality_threshold_passed, reliability_state, transition_step_checkpoint, trial_finished, trial_started, vps_state","EnteringWithPdr, OutdoorGps, VpsScanning","Arrived, EnteringWithPdr, IndoorLocalized, IndoorVps, Navigating, Scanning, StartingVps, VpsScanning","Gps, Pdr, Vps",21
20260918_075908_789_V3_GPS_TO_VPS_NORMAL_DEV_3028,"destination_arrived, dwell_passed, dwell_reset, dwell_started, indoor_state, indoor_step_checkpoint, quality_threshold_failed, quality_threshold_passed, reliability_state, transition_step_checkpoint, trial_finished, trial_started, vps_state","EnteringWithPdr, OutdoorGps, VpsScanning","Arrived, EnteringWithPdr, IndoorLocalized, IndoorVps, Navigating, Scanning, StartingVps, VpsScanning","Gps, Pdr, Vps",26
20260918_075151_652_V2_GPS_TO_VPS_NORMAL_DEV_1612,"destination_arrived, dwell_passed, dwell_reset, dwell_started, indoor_state, quality_threshold_failed, quality_threshold_passed, reliability_state, transition_step_checkpoint, trial_finished, trial_started, vps_state","EnteringWithPdr, OutdoorGps, VpsScanning","Arrived, EnteringWithPdr, IndoorLocalized, IndoorVps, Navigating, Scanning, StartingVps, VpsScanning","Gps, Pdr, Vps",28
20260918_073717_378_BT_GPS_TO_VPS_NORMAL_DEV_7937,"destination_arrived, dwell_passed, dwell_reset, dwell_started, indoor_state, indoor_step_checkpoint, quality_threshold_failed, quality_threshold_passed, reliability_state, transition_step_checkpoint, trial_finished, trial_started, vps_state","EnteringWithPdr, OutdoorGps, VpsScanning","Arrived, EnteringWithPdr, IndoorLocalized, IndoorVps, Navigating, Scanning, StartingVps, VpsScanning","Gps, Pdr, Vps",32
20260918_080625_926_V4_GPS_TO_VPS_NORMAL_DEV_1350,"destination_arrived, dwell_passed, dwell_reset, dwell_started, indoor_state, indoor_step_checkpoint, quality_threshold_failed, quality_threshold_passed, reliability_state, transition_step_checkpoint, trial_finished, trial_started, vps_state","EnteringWithPdr, OutdoorGps, VpsScanning","Arrived, EnteringWithPdr, IndoorLocalized, IndoorVps, Navigating, Scanning, StartingVps, VpsScanning","Gps, Pdr, Vps",31
20260918_110625_926_V4_GPS_TO_VPS_NORMAL_DEV_8420,"transition_step_checkpoint, trial_finished, trial_started",,,Gps,10
20260918_104434_515_V1_GPS_TO_VPS_NORMAL_DEV_3432,"transition_step_checkpoint, trial_finished, trial_started",,,Gps,7
20260918_103000_241_BQ_GPS_TO_VPS_NORMAL_DEV_7814,"transition_step_checkpoint, trial_finished, trial_started",,,Gps,10
20260918_105151_652_V2_GPS_TO_VPS_NORMAL_DEV_1612,"transition_step_checkpoint, trial_finished, trial_started",,,Gps,11
20260918_103717_378_BT_GPS_TO_VPS_NORMAL_DEV_3772,"transition_step_checkpoint, trial_finished, trial_started",,,Gps,10
20260918_105908_789_V3_GPS_TO_VPS_NORMAL_DEV_7039,"transition_step_checkpoint, trial_finished, trial_started",,,Gps,11
20260918_111342_063_V5_GPS_TO_VPS_NORMAL_DEV_8168,"transition_step_checkpoint, trial_finished, trial_started",,,Gps,10
20260910_070011_120_V1_GPS_TO_VPS_NORMAL_DEV_30D7,"handover_completed_approximate, outdoor_state, quality_threshold_failed, quality_threshold_passed, reliability_state, source_switched, transition_step_checkpoint, trial_started, vps_state","EnteringWithPdr, Gps, OutdoorGps, VpsScanning","Calculating, EnteringWithPdr, IndoorLocalized, IndoorVps, NavigatingToB9Entrance, NoDestination, OutdoorGps, Pdr, Scanning, StartingVps, VpsScanning","Gps, Pdr",102
20260910_065833_404_V2_GPS_TO_VPS_NORMAL_DEV_5D53,"app_resumed, destination_changed, dwell_passed, dwell_reset, dwell_started, indoor_state, indoor_step_checkpoint, outdoor_state, quality_threshold_failed, quality_threshold_passed, reliability_state, source_switched, transition_step_checkpoint, trial_started, vps_state","EnteringWithPdr, Gps, OutdoorGps, Pdr, VpsScanning","Calculating, EnteringWithPdr, IndoorLocalized, IndoorVps, Navigating, NavigatingToB9Entrance, NoDestination, OutdoorGps, Pdr, Scanning, StartingVps, Vps, VpsScanning","Gps, Pdr, Vps",114
20260910_064931_553_BQ_GPS_TO_VPS_NORMAL_DEV_532B,"app_resumed, destination_changed, indoor_state, indoor_step_checkpoint, outdoor_state, quality_threshold_failed, quality_threshold_passed, reliability_state, source_switched, transition_step_checkpoint, trial_started, vps_state","EnteringWithPdr, Gps, OutdoorGps, Pdr, VpsScanning","Calculating, EnteringWithPdr, Gps, IndoorLocalized, IndoorVps, NavigatingToB9Entrance, Pdr, RouteUnavailable, Scanning, StartingVps, Vps, VpsScanning","Gps, Pdr, Vps",360
20260910_064543_930_BT_GPS_TO_VPS_NORMAL_DEV_9325,"app_resumed, dwell_passed, dwell_reset, dwell_started, indoor_state, indoor_step_checkpoint, outdoor_state, quality_threshold_failed, quality_threshold_passed, reliability_state, source_switched, transition_step_checkpoint, trial_finished, trial_started, vps_state","EnteringWithPdr, Gps, OutdoorGps, Pdr, VpsScanning","Calculating, EnteringWithPdr, IndoorLocalized, IndoorVps, Navigating, NavigatingToB9Entrance, Pdr, RouteUnavailable, Scanning, StartingVps, Vps, VpsScanning","Gps, Pdr, Vps",362
20260910_065724_954_V3_GPS_TO_VPS_NORMAL_DEV_6AD5,"app_resumed, outdoor_state, quality_threshold_failed, quality_threshold_passed, reliability_state, source_switched, transition_step_checkpoint, trial_started, vps_state","EnteringWithPdr, Gps, OutdoorGps, Pdr","Calculating, EnteringWithPdr, Gps, IndoorLocalized, NavigatingToB9Entrance, NoDestination, OutdoorGps, Pdr, Scanning, StartingVps, Vps, VpsScanning","Gps, Pdr, Vps",91
20260910_065110_366_V5_GPS_TO_VPS_NORMAL_DEV_2C61,"destination_changed, dwell_passed, dwell_reset, dwell_started, outdoor_state, quality_threshold_failed, quality_threshold_passed, reliability_state, source_switched, transition_step_checkpoint, trial_started, vps_state","EnteringWithPdr, Gps, OutdoorGps, Pdr","Calculating, EnteringWithPdr, IndoorLocalized, NavigatingToB9Entrance, OutdoorGps, Pdr, Scanning, StartingVps, Vps, VpsScanning","Gps, Pdr, Vps",112
20260910_065220_824_V4_GPS_TO_VPS_NORMAL_DEV_C853,"destination_changed, dwell_passed, dwell_reset, dwell_started, indoor_state, indoor_step_checkpoint, outdoor_state, quality_threshold_failed, quality_threshold_passed, reliability_state, source_switched, transition_step_checkpoint, trial_started, vps_state","EnteringWithPdr, Gps, Pdr, VpsScanning","Calculating, IndoorLocalized, IndoorVps, Navigating, Pdr, RouteUnavailable, Scanning, StartingVps, Vps, VpsScanning, WaitingForGps","Pdr, Vps",461
20260918_143000_241_BQ_GPS_TO_VPS_NORMAL_DEV_5802,"destination_arrived, indoor_state, quality_threshold_failed, quality_threshold_passed, reliability_state, transition_step_checkpoint, trial_finished, trial_started, vps_state","EnteringWithPdr, OutdoorGps, VpsScanning","Arrived, EnteringWithPdr, IndoorLocalized, IndoorVps, Navigating, Scanning, StartingVps, VpsScanning","Gps, Pdr, Vps",23
20260918_150625_926_V4_GPS_TO_VPS_NORMAL_DEV_3045,"destination_arrived, indoor_state, quality_threshold_failed, quality_threshold_passed, reliability_state, transition_step_checkpoint, trial_finished, trial_started, vps_state","EnteringWithPdr, OutdoorGps, VpsScanning","Arrived, EnteringWithPdr, IndoorLocalized, IndoorVps, Navigating, Scanning, StartingVps, VpsScanning","Gps, Pdr, Vps",20
20260918_143717_378_BT_GPS_TO_VPS_NORMAL_DEV_6686,"destination_arrived, indoor_state, quality_threshold_failed, quality_threshold_passed, reliability_state, transition_step_checkpoint, trial_finished, trial_started, vps_state","EnteringWithPdr, OutdoorGps, VpsScanning","Arrived, EnteringWithPdr, IndoorLocalized, IndoorVps, Navigating, Scanning, StartingVps, VpsScanning","Gps, Pdr, Vps",21
20260918_145151_652_V2_GPS_TO_VPS_NORMAL_DEV_3348,"destination_arrived, indoor_state, quality_threshold_failed, quality_threshold_passed, reliability_state, transition_step_checkpoint, trial_finished, trial_started, vps_state","EnteringWithPdr, OutdoorGps, VpsScanning","Arrived, EnteringWithPdr, IndoorLocalized, IndoorVps, Navigating, Scanning, StartingVps, VpsScanning","Gps, Pdr, Vps",22
20260918_145908_789_V3_GPS_TO_VPS_NORMAL_DEV_2725,"destination_arrived, indoor_state, indoor_step_checkpoint, quality_threshold_failed, quality_threshold_passed, reliability_state, transition_step_checkpoint, trial_finished, trial_started, vps_state","EnteringWithPdr, OutdoorGps, VpsScanning","Arrived, EnteringWithPdr, IndoorLocalized, IndoorVps, Navigating, Scanning, StartingVps, VpsScanning","Gps, Pdr, Vps",20
20260918_151342_063_V5_GPS_TO_VPS_NORMAL_DEV_2228,"destination_arrived, indoor_state, indoor_step_checkpoint, quality_threshold_failed, quality_threshold_passed, reliability_state, transition_step_checkpoint, trial_finished, trial_started, vps_state","EnteringWithPdr, OutdoorGps, VpsScanning","Arrived, EnteringWithPdr, IndoorLocalized, IndoorVps, Navigating, Scanning, StartingVps, VpsScanning","Gps, Pdr, Vps",15
20260918_144434_515_V1_GPS_TO_VPS_NORMAL_DEV_3545,"destination_arrived, indoor_state, indoor_step_checkpoint, quality_threshold_failed, quality_threshold_passed, reliability_state, transition_step_checkpoint, trial_finished, trial_started, vps_state","EnteringWithPdr, OutdoorGps, VpsScanning","Arrived, EnteringWithPdr, IndoorLocalized, IndoorVps, Navigating, Scanning, StartingVps, VpsScanning","Gps, Pdr, Vps",35
20260915_041512_690_V1_GPS_TO_VPS_NORMAL_DEV_858E,"destination_changed, device_low_memory, handover_completed_approximate, indoor_state, indoor_step_checkpoint, outdoor_state, quality_threshold_failed, quality_threshold_passed, reliability_state, source_switched, transition_step_checkpoint, trial_started, vps_state","EnteringWithPdr, Gps, OutdoorGps, Pdr, VpsScanning","ArrivedAtB9Entrance, Calculating, EnteringWithPdr, Gps, IndoorLocalized, IndoorVps, Navigating, NavigatingToB9Entrance, OutdoorGps, Pdr, RouteUnavailable, Scanning, StartingVps, VpsScanning, WaitingForGps","Gps, Pdr",3773
20260915_043945_288_BQ_GPS_TO_VPS_NORMAL_DEV_3951,"indoor_state, indoor_step_checkpoint, outdoor_state, quality_threshold_failed, quality_threshold_passed, reliability_state, research_marker, source_switched, transition_step_checkpoint, trial_started, vps_state","EnteringWithPdr, Gps, OutdoorGps, Pdr, VpsScanning","ArrivedAtB9Entrance, Calculating, EnteringWithPdr, Gps, IndoorLocalized, IndoorVps, Navigating, NavigatingToB9Entrance, OutdoorGps, Pdr, RouteUnavailable, Scanning, StartingVps, Vps, VpsScanning","Gps, Pdr, Vps",4217
20260915_041925_984_V2_GPS_TO_VPS_NORMAL_DEV_3309,"dwell_passed, dwell_reset, dwell_started, indoor_state, indoor_step_checkpoint, outdoor_state, quality_threshold_failed, quality_threshold_passed, reliability_state, source_switched, transition_step_checkpoint, trial_started, vps_state","EnteringWithPdr, Gps, OutdoorGps, Pdr, VpsScanning","ArrivedAtB9Entrance, Calculating, EnteringWithPdr, IndoorLocalized, IndoorVps, NavigatingToB9Entrance, Pdr, RouteUnavailable, Scanning, StartingVps, Vps, VpsScanning","Gps, Pdr, Vps",225
20260915_042149_473_V3_GPS_TO_VPS_NORMAL_DEV_DC42,"destination_arrived, destination_changed, handover_completed_approximate, indoor_state, indoor_step_checkpoint, outdoor_state, pdr_destination_arrived, quality_threshold_failed, quality_threshold_passed, reliability_state, source_switched, transition_step_checkpoint, trial_started, vps_state","EnteringWithPdr, Gps, OutdoorGps, Pdr, VpsScanning","Arrived, ArrivedAtB9Entrance, Calculating, EnteringWithPdr, Gps, IndoorLocalized, IndoorVps, Navigating, NavigatingToB9Entrance, NoDestination, OutdoorGps, Pdr, RouteUnavailable, Scanning, StartingVps, VpsScanning, WaitingForLocalization","Gps, Pdr",548
20260915_044338_595_BT_GPS_TO_VPS_NORMAL_DEV_FBA2,"app_resumed, device_low_memory, dwell_passed, dwell_reset, dwell_started, handover_completed_approximate, indoor_state, indoor_step_checkpoint, outdoor_state, quality_threshold_failed, quality_threshold_passed, reliability_state, source_switched, transition_step_checkpoint, trial_started, vps_state","EnteringWithPdr, Gps, OutdoorGps, VpsScanning","ArrivedAtB9Entrance, Calculating, EnteringWithPdr, IndoorLocalized, IndoorVps, Navigating, NavigatingToB9Entrance, OutdoorGps, Pdr, Scanning, StartingVps, VpsScanning","Gps, Pdr",223
20260915_042934_425_V5_GPS_TO_VPS_NORMAL_DEV_5F97,"app_resumed, dwell_reset, dwell_started, outdoor_state, quality_threshold_failed, quality_threshold_passed, reliability_state, source_switched, trial_started, vps_state","EnteringWithPdr, Gps, Pdr","Calculating, IndoorLocalized, NavigatingToB9Entrance, Pdr, Scanning, StartingVps, Vps, VpsScanning","Gps, Pdr, Vps",58
20260915_042529_132_V4_GPS_TO_VPS_NORMAL_DEV_72A2,"app_resumed, destination_arrived, dwell_passed, dwell_reset, dwell_started, indoor_state, outdoor_state, pdr_destination_arrived, quality_threshold_failed, quality_threshold_passed, reliability_state, source_switched, transition_step_checkpoint, trial_started, vps_state","EnteringWithPdr, Gps, OutdoorGps, Pdr","Arrived, ArrivedAtB9Entrance, Calculating, EnteringWithPdr, Gps, IndoorLocalized, NavigatingToB9Entrance, NoDestination, Pdr, RouteUnavailable, Scanning, StartingVps, Vps, VpsScanning, WaitingForGps","Gps, Pdr, Vps",959
20260912_054937_286_V5_GPS_TO_VPS_NORMAL_DEV_890A,"destination_arrived, destination_changed, dwell_passed, dwell_reset, dwell_started, indoor_state, indoor_step_checkpoint, outdoor_state, quality_threshold_failed, quality_threshold_passed, reliability_state, source_switched, transition_step_checkpoint, trial_started, vps_state","EnteringWithPdr, Gps, OutdoorGps, Pdr, VpsScanning","Arrived, ArrivedAtB9Entrance, Calculating, EnteringWithPdr, IndoorLocalized, IndoorVps, Navigating, NavigatingToB9Entrance, Pdr, Scanning, StartingVps, Vps, VpsScanning","Gps, Pdr, Vps",753
20260912_074926_945_BQ_GPS_TO_VPS_NORMAL_DEV_F2F8,"app_resumed, destination_arrived, destination_changed, device_low_memory, indoor_state, indoor_step_checkpoint, outdoor_state, quality_threshold_failed, quality_threshold_passed, reliability_state, source_switched, transition_step_checkpoint, trial_started, vps_state","EnteringWithPdr, Gps, OutdoorGps, Pdr, VpsScanning","Arrived, Calculating, EnteringWithPdr, Gps, IndoorLocalized, IndoorVps, Navigating, NavigatingToB9Entrance, OutdoorGps, Pdr, Scanning, StartingVps, Vps, VpsScanning","Gps, Pdr, Vps",194
20260912_055419_224_V3_GPS_TO_VPS_NORMAL_DEV_F251,"outdoor_state, quality_threshold_failed, quality_threshold_passed, reliability_state, research_marker, source_switched, transition_step_checkpoint, trial_started, vps_state","EnteringWithPdr, Gps, OutdoorGps, Pdr","ArrivedAtB9Entrance, Calculating, EnteringWithPdr, Gps, IndoorLocalized, NavigatingToB9Entrance, OutdoorGps, Pdr, Scanning, StartingVps, Vps, VpsScanning","Gps, Pdr, Vps",140
20260912_062236_926_V1_GPS_TO_VPS_NORMAL_DEV_DA16,"destination_arrived, destination_changed, indoor_state, indoor_step_checkpoint, outdoor_state, quality_threshold_failed, quality_threshold_passed, reliability_state, source_switched, transition_step_checkpoint, trial_started, vps_state","EnteringWithPdr, Gps, OutdoorGps, Pdr, VpsScanning","Arrived, ArrivedAtB9Entrance, Calculating, EnteringWithPdr, Gps, IndoorLocalized, IndoorVps, Navigating, NavigatingToB9Entrance, Pdr, Scanning, StartingVps, Vps, VpsScanning","Gps, Pdr, Vps",363
20260912_063230_287_BT_GPS_TO_VPS_NORMAL_DEV_7870,"destination_arrived, destination_changed, device_low_memory, dwell_passed, dwell_reset, dwell_started, indoor_state, indoor_step_checkpoint, outdoor_state, quality_threshold_failed, quality_threshold_passed, reliability_state, source_switched, transition_step_checkpoint, trial_started, vps_state","EnteringWithPdr, Gps, OutdoorGps, Pdr, VpsScanning","Arrived, ArrivedAtB9Entrance, Calculating, EnteringWithPdr, Gps, IndoorLocalized, IndoorVps, NavigatingToB9Entrance, OutdoorGps, Pdr, Scanning, StartingVps, Vps, VpsScanning","Gps, Pdr, Vps",390
20260912_054551_539_V4_GPS_TO_VPS_NORMAL_DEV_5680,"app_resumed, destination_arrived, destination_changed, dwell_passed, dwell_reset, dwell_started, handover_completed_approximate, indoor_state, indoor_step_checkpoint, outdoor_state, quality_threshold_failed, quality_threshold_passed, reliability_state, source_switched, transition_step_checkpoint, trial_started, vps_state","EnteringWithPdr, Gps, OutdoorGps, VpsScanning","Arrived, Calculating, EnteringWithPdr, IndoorLocalized, IndoorVps, Navigating, NavigatingToB9Entrance, Pdr, RouteUnavailable, Scanning, StartingVps, VpsScanning","Gps, Pdr",558
20260912_060829_927_V2_GPS_TO_VPS_NORMAL_DEV_F796,"app_resumed, destination_arrived, destination_changed, dwell_passed, dwell_reset, dwell_started, indoor_state, indoor_step_checkpoint, outdoor_state, quality_threshold_failed, quality_threshold_passed, reliability_state, source_switched, transition_step_checkpoint, trial_started, vps_state","EnteringWithPdr, Gps, OutdoorGps, Pdr, VpsScanning","Arrived, ArrivedAtB9Entrance, Calculating, EnteringWithPdr, IndoorLocalized, IndoorVps, Navigating, NavigatingToB9Entrance, OutdoorGps, Pdr, Scanning, StartingVps, Vps, VpsScanning","Gps, Pdr, Vps",356
20260919_130717_378_BT_GPS_TO_VPS_NORMAL_DEV_1327,"destination_arrived, indoor_state, reliability_state, transition_step_checkpoint, trial_finished, trial_started, vps_state","EnteringWithPdr, OutdoorGps, VpsScanning","Arrived, EnteringWithPdr, IndoorLocalized, IndoorVps, Navigating, Scanning, StartingVps, VpsScanning","Gps, Pdr, Vps",19
20260919_133625_926_V4_GPS_TO_VPS_NORMAL_DEV_3934,"destination_arrived, indoor_state, reliability_state, transition_step_checkpoint, trial_finished, trial_started, vps_state","EnteringWithPdr, OutdoorGps, VpsScanning","Arrived, EnteringWithPdr, IndoorLocalized, IndoorVps, Navigating, Scanning, StartingVps, VpsScanning","Gps, Pdr, Vps",18
20260919_132908_789_V3_GPS_TO_VPS_NORMAL_DEV_1350,"destination_arrived, indoor_state, indoor_step_checkpoint, quality_threshold_failed, reliability_state, transition_step_checkpoint, trial_finished, trial_started, vps_state","EnteringWithPdr, OutdoorGps, VpsScanning","Arrived, EnteringWithPdr, IndoorLocalized, IndoorVps, Navigating, Scanning, StartingVps, VpsScanning","Gps, Pdr, Vps",19
20260919_131434_515_V1_GPS_TO_VPS_NORMAL_DEV_9203,"destination_arrived, indoor_state, indoor_step_checkpoint, quality_threshold_failed, reliability_state, transition_step_checkpoint, trial_finished, trial_started, vps_state","EnteringWithPdr, OutdoorGps, VpsScanning","Arrived, EnteringWithPdr, IndoorLocalized, IndoorVps, Navigating, Scanning, StartingVps, VpsScanning","Gps, Pdr, Vps",34
20260919_132151_652_V2_GPS_TO_VPS_NORMAL_DEV_4565,"destination_arrived, indoor_state, reliability_state, transition_step_checkpoint, trial_finished, trial_started, vps_state","EnteringWithPdr, OutdoorGps, VpsScanning","Arrived, EnteringWithPdr, IndoorLocalized, IndoorVps, Navigating, Scanning, StartingVps, VpsScanning","Gps, Pdr, Vps",20
20260919_130000_241_BQ_GPS_TO_VPS_NORMAL_DEV_1679,"destination_arrived, indoor_state, reliability_state, transition_step_checkpoint, trial_finished, trial_started, vps_state","EnteringWithPdr, OutdoorGps, VpsScanning","Arrived, EnteringWithPdr, IndoorLocalized, IndoorVps, Navigating, Scanning, StartingVps, VpsScanning","Gps, Pdr, Vps",21
20260919_134342_063_V5_GPS_TO_VPS_NORMAL_DEV_3686,"destination_arrived, indoor_state, indoor_step_checkpoint, reliability_state, transition_step_checkpoint, trial_finished, trial_started, vps_state","EnteringWithPdr, OutdoorGps, VpsScanning","Arrived, EnteringWithPdr, IndoorLocalized, IndoorVps, Navigating, Scanning, StartingVps, VpsScanning","Gps, Pdr, Vps",13
20260912_102831_991_BT_GPS_TO_VPS_NORMAL_DEV_AB40,"app_resumed, destination_changed, dwell_passed, dwell_reset, dwell_started, indoor_state, indoor_step_checkpoint, outdoor_state, quality_threshold_failed, quality_threshold_passed, reliability_state, source_switched, transition_step_checkpoint, trial_started, vps_state","EnteringWithPdr, Gps, OutdoorGps, Pdr, VpsScanning","ArrivedAtB9Entrance, Calculating, EnteringWithPdr, IndoorLocalized, IndoorVps, Navigating, Pdr, RouteUnavailable, Scanning, StartingVps, Vps, VpsScanning, WaitingForGps","Gps, Pdr, Vps",383
20260912_103441_580_BQ_GPS_TO_VPS_NORMAL_DEV_1510,"app_resumed, destination_arrived, destination_changed, indoor_state, indoor_step_checkpoint, outdoor_state, pdr_destination_arrived, quality_threshold_failed, quality_threshold_passed, reliability_state, source_switched, transition_step_checkpoint, trial_started, vps_state","EnteringWithPdr, Gps, OutdoorGps, Pdr, VpsScanning","Arrived, ArrivedAtB9Entrance, Calculating, EnteringWithPdr, Gps, IndoorLocalized, IndoorVps, Navigating, NavigatingToB9Entrance, NoDestination, OutdoorGps, Pdr, RouteUnavailable, Scanning, StartingVps, Vps, VpsScanning, WaitingForLocalization","Gps, Pdr, Vps",202
20260912_101355_285_V2_GPS_TO_VPS_NORMAL_DEV_280D,"app_resumed, destination_arrived, destination_changed, dwell_passed, dwell_reset, dwell_started, indoor_state, indoor_step_checkpoint, outdoor_state, pdr_destination_arrived, quality_threshold_failed, quality_threshold_passed, reliability_state, source_switched, transition_step_checkpoint, trial_started, vps_state","EnteringWithPdr, ExitingWithPdr, Gps, IndoorVps, OutdoorGps, Pdr, VpsScanning","Arrived, ArrivedAtB9Entrance, Calculating, EnteringWithPdr, ExitingWithPdr, IndoorLocalized, IndoorVps, Navigating, NavigatingToB9Entrance, NoDestination, OutdoorGps, Pdr, RouteUnavailable, Scanning, StartingVps, Vps, VpsScanning, WaitingForGps, WaitingForLocalization","Gps, Pdr, Vps",1083
20260912_102449_585_V5_GPS_TO_VPS_NORMAL_DEV_9683,"destination_arrived, destination_changed, dwell_passed, dwell_reset, dwell_started, indoor_state, indoor_step_checkpoint, outdoor_state, quality_threshold_failed, quality_threshold_passed, reliability_state, source_switched, transition_step_checkpoint, trial_started, vps_state","EnteringWithPdr, Gps, OutdoorGps, Pdr, VpsScanning","Arrived, ArrivedAtB9Entrance, Calculating, EnteringWithPdr, IndoorLocalized, IndoorVps, Navigating, NavigatingToB9Entrance, Pdr, RouteUnavailable, Scanning, StartingVps, Vps, VpsScanning, WaitingForGps","Gps, Pdr, Vps",1140
20260912_102134_888_V3_GPS_TO_VPS_NORMAL_DEV_74A7,"app_resumed, destination_arrived, destination_changed, indoor_state, indoor_step_checkpoint, outdoor_state, quality_threshold_failed, quality_threshold_passed, reliability_state, source_switched, transition_step_checkpoint, trial_started, vps_state","EnteringWithPdr, Gps, OutdoorGps, Pdr, VpsScanning","Arrived, ArrivedAtB9Entrance, Calculating, EnteringWithPdr, Gps, IndoorLocalized, IndoorVps, Navigating, Pdr, RouteUnavailable, Scanning, StartingVps, Vps, VpsScanning, WaitingForGps","Gps, Pdr, Vps",1268
20260912_102736_027_V4_GPS_TO_VPS_NORMAL_DEV_C329,"app_resumed, destination_arrived, destination_changed, dwell_passed, dwell_reset, dwell_started, indoor_state, indoor_step_checkpoint, outdoor_state, quality_threshold_failed, quality_threshold_passed, reliability_state, source_switched, transition_step_checkpoint, trial_started, vps_state","EnteringWithPdr, Gps, OutdoorGps, Pdr, VpsScanning","Arrived, ArrivedAtB9Entrance, Calculating, EnteringWithPdr, Gps, IndoorLocalized, IndoorVps, Navigating, NavigatingToB9Entrance, OutdoorGps, Pdr, RouteUnavailable, Scanning, StartingVps, Vps, VpsScanning, WaitingForGps","Gps, Pdr, Vps",4226
20260912_101203_701_V1_GPS_TO_VPS_NORMAL_DEV_0951,"app_resumed, destination_changed, dwell_passed, indoor_state, indoor_step_checkpoint, outdoor_state, quality_threshold_failed, quality_threshold_passed, reliability_state, source_switched, transition_step_checkpoint, trial_started, vps_state","EnteringWithPdr, ExitingWithPdr, Gps, IndoorVps, OutdoorGps, Pdr, VpsScanning","ArrivedAtB9Entrance, Calculating, EnteringWithPdr, ExitingWithPdr, Gps, IndoorLocalized, IndoorVps, Navigating, NavigatingToB9Entrance, NoDestination, OutdoorGps, Pdr, RouteUnavailable, Scanning, StartingVps, Vps, VpsScanning, WaitingForGps, WaitingForLocalization","Gps, Pdr, Vps",284
20260918_131434_515_V1_GPS_TO_VPS_NORMAL_DEV_8534,"destination_arrived, indoor_state, indoor_step_checkpoint, reliability_state, transition_step_checkpoint, trial_finished, trial_started, vps_state","EnteringWithPdr, OutdoorGps, VpsScanning","Arrived, EnteringWithPdr, IndoorLocalized, IndoorVps, Navigating, Scanning, StartingVps, VpsScanning","Gps, Pdr, Vps",33
20260918_134342_063_V5_GPS_TO_VPS_NORMAL_DEV_3771,"destination_arrived, indoor_state, indoor_step_checkpoint, reliability_state, transition_step_checkpoint, trial_finished, trial_started, vps_state","EnteringWithPdr, OutdoorGps, VpsScanning","Arrived, EnteringWithPdr, IndoorLocalized, IndoorVps, Navigating, Scanning, StartingVps, VpsScanning","Gps, Pdr, Vps",13
20260918_132908_789_V3_GPS_TO_VPS_NORMAL_DEV_6467,"destination_arrived, indoor_state, indoor_step_checkpoint, reliability_state, transition_step_checkpoint, trial_finished, trial_started, vps_state","EnteringWithPdr, OutdoorGps, VpsScanning","Arrived, EnteringWithPdr, IndoorLocalized, IndoorVps, Navigating, Scanning, StartingVps, VpsScanning","Gps, Pdr, Vps",18
20260918_130000_241_BQ_GPS_TO_VPS_NORMAL_DEV_8681,"destination_arrived, indoor_state, reliability_state, transition_step_checkpoint, trial_finished, trial_started, vps_state","EnteringWithPdr, OutdoorGps, VpsScanning","Arrived, EnteringWithPdr, IndoorLocalized, IndoorVps, Navigating, Scanning, StartingVps, VpsScanning","Gps, Pdr, Vps",21
20260918_133625_926_V4_GPS_TO_VPS_NORMAL_DEV_4822,"destination_arrived, indoor_state, reliability_state, transition_step_checkpoint, trial_finished, trial_started, vps_state","EnteringWithPdr, OutdoorGps, VpsScanning","Arrived, EnteringWithPdr, IndoorLocalized, IndoorVps, Navigating, Scanning, StartingVps, VpsScanning","Gps, Pdr, Vps",18
20260918_130717_378_BT_GPS_TO_VPS_NORMAL_DEV_3403,"destination_arrived, indoor_state, reliability_state, transition_step_checkpoint, trial_finished, trial_started, vps_state","EnteringWithPdr, OutdoorGps, VpsScanning","Arrived, EnteringWithPdr, IndoorLocalized, IndoorVps, Navigating, Scanning, StartingVps, VpsScanning","Gps, Pdr, Vps",19
20260918_132151_652_V2_GPS_TO_VPS_NORMAL_DEV_4393,"destination_arrived, indoor_state, reliability_state, transition_step_checkpoint, trial_finished, trial_started, vps_state","EnteringWithPdr, OutdoorGps, VpsScanning","Arrived, EnteringWithPdr, IndoorLocalized, IndoorVps, Navigating, Scanning, StartingVps, VpsScanning","Gps, Pdr, Vps",20
20260919_081342_063_V5_GPS_TO_VPS_NORMAL_DEV_3258,"destination_arrived, indoor_state, indoor_step_checkpoint, quality_threshold_failed, reliability_state, transition_step_checkpoint, trial_finished, trial_started, vps_state","EnteringWithPdr, OutdoorGps, VpsScanning","Arrived, EnteringWithPdr, IndoorLocalized, IndoorVps, Navigating, Scanning, StartingVps, VpsScanning","Gps, Pdr, Vps",14
20260919_075151_652_V2_GPS_TO_VPS_NORMAL_DEV_7947,"destination_arrived, indoor_state, reliability_state, transition_step_checkpoint, trial_finished, trial_started, vps_state","EnteringWithPdr, OutdoorGps, VpsScanning","Arrived, EnteringWithPdr, IndoorLocalized, IndoorVps, Navigating, Scanning, StartingVps, VpsScanning","Gps, Pdr, Vps",20
20260919_074434_515_V1_GPS_TO_VPS_NORMAL_DEV_7591,"destination_arrived, indoor_state, indoor_step_checkpoint, quality_threshold_failed, reliability_state, transition_step_checkpoint, trial_finished, trial_started, vps_state","EnteringWithPdr, OutdoorGps, VpsScanning","Arrived, EnteringWithPdr, IndoorLocalized, IndoorVps, Navigating, Scanning, StartingVps, VpsScanning","Gps, Pdr, Vps",35
20260919_080625_926_V4_GPS_TO_VPS_NORMAL_DEV_6545,"destination_arrived, indoor_state, reliability_state, transition_step_checkpoint, trial_finished, trial_started, vps_state","EnteringWithPdr, OutdoorGps, VpsScanning","Arrived, EnteringWithPdr, IndoorLocalized, IndoorVps, Navigating, Scanning, StartingVps, VpsScanning","Gps, Pdr, Vps",18
20260919_075908_789_V3_GPS_TO_VPS_NORMAL_DEV_8553,"destination_arrived, indoor_state, indoor_step_checkpoint, quality_threshold_failed, reliability_state, transition_step_checkpoint, trial_finished, trial_started, vps_state","EnteringWithPdr, OutdoorGps, VpsScanning","Arrived, EnteringWithPdr, IndoorLocalized, IndoorVps, Navigating, Scanning, StartingVps, VpsScanning","Gps, Pdr, Vps",19
20260919_073717_378_BT_GPS_TO_VPS_NORMAL_DEV_4671,"destination_arrived, indoor_state, reliability_state, transition_step_checkpoint, trial_finished, trial_started, vps_state","EnteringWithPdr, OutdoorGps, VpsScanning","Arrived, EnteringWithPdr, IndoorLocalized, IndoorVps, Navigating, Scanning, StartingVps, VpsScanning","Gps, Pdr, Vps",19
20260919_073000_241_BQ_GPS_TO_VPS_NORMAL_DEV_7281,"destination_arrived, indoor_state, reliability_state, transition_step_checkpoint, trial_finished, trial_started, vps_state","EnteringWithPdr, OutdoorGps, VpsScanning","Arrived, EnteringWithPdr, IndoorLocalized, IndoorVps, Navigating, Scanning, StartingVps, VpsScanning","Gps, Pdr, Vps",21
