session_id,scenario_id,harmony_version,direction,provenance,events_file,samples_file,summary_file,included_in_target_report,validation_status
20260912_080953_034_V3_GPS_TO_VPS_NORMAL_DEV_E70A,KB16,V3,NONE,REAL,combined_root_v2/KB16/20260912_080953_034_V3_GPS_TO_VPS_NORMAL_DEV_E70A/events_20260912_080953_034_V3_GPS_TO_VPS_NORMAL_DEV_E70A.csv,combined_root_v2/KB16/20260912_080953_034_V3_GPS_TO_VPS_NORMAL_DEV_E70A/samples_20260912_080953_034_V3_GPS_TO_VPS_NORMAL_DEV_E70A.csv,combined_root_v2/KB16/20260912_080953_034_V3_GPS_TO_VPS_NORMAL_DEV_E70A/summary_20260912_080953_034_V3_GPS_TO_VPS_NORMAL_DEV_E70A.csv,True,VALID
20260912_084508_275_V5_GPS_TO_VPS_NORMAL_DEV_ECF7,KB16,V5,NONE,REAL,combined_root_v2/KB16/20260912_084508_275_V5_GPS_TO_VPS_NORMAL_DEV_ECF7/events_20260912_084508_275_V5_GPS_TO_VPS_NORMAL_DEV_ECF7.csv,combined_root_v2/KB16/20260912_084508_275_V5_GPS_TO_VPS_NORMAL_DEV_ECF7/samples_20260912_084508_275_V5_GPS_TO_VPS_NORMAL_DEV_ECF7.csv,combined_root_v2/KB16/20260912_084508_275_V5_GPS_TO_VPS_NORMAL_DEV_ECF7/summary_20260912_084508_275_V5_GPS_TO_VPS_NORMAL_DEV_ECF7.csv,True,VALID
20260913_081201_663_BQ_GPS_TO_VPS_NORMAL_DEV_3AEE,KB16,BQ,NONE,REAL,combined_root_v2/KB16/20260913_081201_663_BQ_GPS_TO_VPS_NORMAL_DEV_3AEE/events_20260913_081201_663_BQ_GPS_TO_VPS_NORMAL_DEV_3AEE.csv,combined_root_v2/KB16/20260913_081201_663_BQ_GPS_TO_VPS_NORMAL_DEV_3AEE/samples_20260913_081201_663_BQ_GPS_TO_VPS_NORMAL_DEV_3AEE.csv,combined_root_v2/KB16/20260913_081201_663_BQ_GPS_TO_VPS_NORMAL_DEV_3AEE/summary_20260913_081201_663_BQ_GPS_TO_VPS_NORMAL_DEV_3AEE.csv,True,VALID
20260912_084254_771_V4_GPS_TO_VPS_NORMAL_DEV_163C,KB16,V4,NONE,REAL,combined_root_v2/KB16/20260912_084254_771_V4_GPS_TO_VPS_NORMAL_DEV_163C/events_20260912_084254_771_V4_GPS_TO_VPS_NORMAL_DEV_163C.csv,combined_root_v2/KB16/20260912_084254_771_V4_GPS_TO_VPS_NORMAL_DEV_163C/samples_20260912_084254_771_V4_GPS_TO_VPS_NORMAL_DEV_163C.csv,combined_root_v2/KB16/20260912_084254_771_V4_GPS_TO_VPS_NORMAL_DEV_163C/summary_20260912_084254_771_V4_GPS_TO_VPS_NORMAL_DEV_163C.csv,True,VALID
20260913_081407_019_BT_GPS_TO_VPS_NORMAL_DEV_0022,KB16,BT,NONE,REAL,combined_root_v2/KB16/20260913_081407_019_BT_GPS_TO_VPS_NORMAL_DEV_0022/events_20260913_081407_019_BT_GPS_TO_VPS_NORMAL_DEV_0022.csv,combined_root_v2/KB16/20260913_081407_019_BT_GPS_TO_VPS_NORMAL_DEV_0022/samples_20260913_081407_019_BT_GPS_TO_VPS_NORMAL_DEV_0022.csv,combined_root_v2/KB16/20260913_081407_019_BT_GPS_TO_VPS_NORMAL_DEV_0022/summary_20260913_081407_019_BT_GPS_TO_VPS_NORMAL_DEV_0022.csv,True,VALID
20260912_080545_351_V2_GPS_TO_VPS_NORMAL_DEV_5138,KB16,V2,NONE,REAL,combined_root_v2/KB16/20260912_080545_351_V2_GPS_TO_VPS_NORMAL_DEV_5138/events_20260912_080545_351_V2_GPS_TO_VPS_NORMAL_DEV_5138.csv,combined_root_v2/KB16/20260912_080545_351_V2_GPS_TO_VPS_NORMAL_DEV_5138/samples_20260912_080545_351_V2_GPS_TO_VPS_NORMAL_DEV_5138.csv,combined_root_v2/KB16/20260912_080545_351_V2_GPS_TO_VPS_NORMAL_DEV_5138/summary_20260912_080545_351_V2_GPS_TO_VPS_NORMAL_DEV_5138.csv,True,VALID
20260912_080215_923_V1_GPS_TO_VPS_NORMAL_DEV_F4E4,KB16,V1,NONE,REAL,combined_root_v2/KB16/20260912_080215_923_V1_GPS_TO_VPS_NORMAL_DEV_F4E4/events_20260912_080215_923_V1_GPS_TO_VPS_NORMAL_DEV_F4E4.csv,combined_root_v2/KB16/20260912_080215_923_V1_GPS_TO_VPS_NORMAL_DEV_F4E4/samples_20260912_080215_923_V1_GPS_TO_VPS_NORMAL_DEV_F4E4.csv,combined_root_v2/KB16/20260912_080215_923_V1_GPS_TO_VPS_NORMAL_DEV_F4E4/summary_20260912_080215_923_V1_GPS_TO_VPS_NORMAL_DEV_F4E4.csv,True,VALID
20260910_065110_366_V5_GPS_TO_VPS_NORMAL_DEV_2C61,KB14,V5,NONE,REAL,combined_root_v2/KB14/20260910_065110_366_V5_GPS_TO_VPS_NORMAL_DEV_2C61/events_20260910_065110_366_V5_GPS_TO_VPS_NORMAL_DEV_2C61.csv,combined_root_v2/KB14/20260910_065110_366_V5_GPS_TO_VPS_NORMAL_DEV_2C61/samples_20260910_065110_366_V5_GPS_TO_VPS_NORMAL_DEV_2C61.csv,combined_root_v2/KB14/20260910_065110_366_V5_GPS_TO_VPS_NORMAL_DEV_2C61/summary_20260910_065110_366_V5_GPS_TO_VPS_NORMAL_DEV_2C61.csv,True,VALID
20260910_064543_930_BT_GPS_TO_VPS_NORMAL_DEV_9325,KB14,BT,NONE,REAL,combined_root_v2/KB14/20260910_064543_930_BT_GPS_TO_VPS_NORMAL_DEV_9325/events_20260910_064543_930_BT_GPS_TO_VPS_NORMAL_DEV_9325.csv,combined_root_v2/KB14/20260910_064543_930_BT_GPS_TO_VPS_NORMAL_DEV_9325/samples_20260910_064543_930_BT_GPS_TO_VPS_NORMAL_DEV_9325.csv,combined_root_v2/KB14/20260910_064543_930_BT_GPS_TO_VPS_NORMAL_DEV_9325/summary_20260910_064543_930_BT_GPS_TO_VPS_NORMAL_DEV_9325.csv,True,VALID
20260910_064931_553_BQ_GPS_TO_VPS_NORMAL_DEV_532B,KB14,BQ,NONE,REAL,combined_root_v2/KB14/20260910_064931_553_BQ_GPS_TO_VPS_NORMAL_DEV_532B/events_20260910_064931_553_BQ_GPS_TO_VPS_NORMAL_DEV_532B.csv,combined_root_v2/KB14/20260910_064931_553_BQ_GPS_TO_VPS_NORMAL_DEV_532B/samples_20260910_064931_553_BQ_GPS_TO_VPS_NORMAL_DEV_532B.csv,combined_root_v2/KB14/20260910_064931_553_BQ_GPS_TO_VPS_NORMAL_DEV_532B/summary_20260910_064931_553_BQ_GPS_TO_VPS_NORMAL_DEV_532B.csv,True,VALID
20260910_065724_954_V3_GPS_TO_VPS_NORMAL_DEV_6AD5,KB14,V3,NONE,REAL,combined_root_v2/KB14/20260910_065724_954_V3_GPS_TO_VPS_NORMAL_DEV_6AD5/events_20260910_065724_954_V3_GPS_TO_VPS_NORMAL_DEV_6AD5.csv,combined_root_v2/KB14/20260910_065724_954_V3_GPS_TO_VPS_NORMAL_DEV_6AD5/samples_20260910_065724_954_V3_GPS_TO_VPS_NORMAL_DEV_6AD5.csv,combined_root_v2/KB14/20260910_065724_954_V3_GPS_TO_VPS_NORMAL_DEV_6AD5/summary_20260910_065724_954_V3_GPS_TO_VPS_NORMAL_DEV_6AD5.csv,True,VALID
20260910_065220_824_V4_GPS_TO_VPS_NORMAL_DEV_C853,KB14,V4,NONE,REAL,combined_root_v2/KB14/20260910_065220_824_V4_GPS_TO_VPS_NORMAL_DEV_C853/events_20260910_065220_824_V4_GPS_TO_VPS_NORMAL_DEV_C853.csv,combined_root_v2/KB14/20260910_065220_824_V4_GPS_TO_VPS_NORMAL_DEV_C853/samples_20260910_065220_824_V4_GPS_TO_VPS_NORMAL_DEV_C853.csv,combined_root_v2/KB14/20260910_065220_824_V4_GPS_TO_VPS_NORMAL_DEV_C853/summary_20260910_065220_824_V4_GPS_TO_VPS_NORMAL_DEV_C853.csv,True,VALID
20260910_070011_120_V1_GPS_TO_VPS_NORMAL_DEV_30D7,KB14,V1,NONE,REAL,combined_root_v2/KB14/20260910_070011_120_V1_GPS_TO_VPS_NORMAL_DEV_30D7/events_20260910_070011_120_V1_GPS_TO_VPS_NORMAL_DEV_30D7.csv,combined_root_v2/KB14/20260910_070011_120_V1_GPS_TO_VPS_NORMAL_DEV_30D7/samples_20260910_070011_120_V1_GPS_TO_VPS_NORMAL_DEV_30D7.csv,combined_root_v2/KB14/20260910_070011_120_V1_GPS_TO_VPS_NORMAL_DEV_30D7/summary_20260910_070011_120_V1_GPS_TO_VPS_NORMAL_DEV_30D7.csv,True,VALID
20260910_065833_404_V2_GPS_TO_VPS_NORMAL_DEV_5D53,KB14,V2,NONE,REAL,combined_root_v2/KB14/20260910_065833_404_V2_GPS_TO_VPS_NORMAL_DEV_5D53/events_20260910_065833_404_V2_GPS_TO_VPS_NORMAL_DEV_5D53.csv,combined_root_v2/KB14/20260910_065833_404_V2_GPS_TO_VPS_NORMAL_DEV_5D53/samples_20260910_065833_404_V2_GPS_TO_VPS_NORMAL_DEV_5D53.csv,combined_root_v2/KB14/20260910_065833_404_V2_GPS_TO_VPS_NORMAL_DEV_5D53/summary_20260910_065833_404_V2_GPS_TO_VPS_NORMAL_DEV_5D53.csv,True,VALID
20260915_042445_835_V5_GPS_TO_VPS_NORMAL_DEV_8795,KB17,V5,NONE,REAL,combined_root_v2/KB17/20260915_042445_835_V5_GPS_TO_VPS_NORMAL_DEV_8795/events_20260915_042445_835_V5_GPS_TO_VPS_NORMAL_DEV_8795.csv,combined_root_v2/KB17/20260915_042445_835_V5_GPS_TO_VPS_NORMAL_DEV_8795/samples_20260915_042445_835_V5_GPS_TO_VPS_NORMAL_DEV_8795.csv,combined_root_v2/KB17/20260915_042445_835_V5_GPS_TO_VPS_NORMAL_DEV_8795/summary_20260915_042445_835_V5_GPS_TO_VPS_NORMAL_DEV_8795.csv,True,VALID
20260915_042648_942_BT_GPS_TO_VPS_NORMAL_DEV_7706,KB17,BT,NONE,REAL,combined_root_v2/KB17/20260915_042648_942_BT_GPS_TO_VPS_NORMAL_DEV_7706/events_20260915_042648_942_BT_GPS_TO_VPS_NORMAL_DEV_7706.csv,combined_root_v2/KB17/20260915_042648_942_BT_GPS_TO_VPS_NORMAL_DEV_7706/samples_20260915_042648_942_BT_GPS_TO_VPS_NORMAL_DEV_7706.csv,combined_root_v2/KB17/20260915_042648_942_BT_GPS_TO_VPS_NORMAL_DEV_7706/summary_20260915_042648_942_BT_GPS_TO_VPS_NORMAL_DEV_7706.csv,True,VALID
20260915_042206_567_BQ_GPS_TO_VPS_NORMAL_DEV_EBAA,KB17,BQ,NONE,REAL,combined_root_v2/KB17/20260915_042206_567_BQ_GPS_TO_VPS_NORMAL_DEV_EBAA/events_20260915_042206_567_BQ_GPS_TO_VPS_NORMAL_DEV_EBAA.csv,combined_root_v2/KB17/20260915_042206_567_BQ_GPS_TO_VPS_NORMAL_DEV_EBAA/samples_20260915_042206_567_BQ_GPS_TO_VPS_NORMAL_DEV_EBAA.csv,combined_root_v2/KB17/20260915_042206_567_BQ_GPS_TO_VPS_NORMAL_DEV_EBAA/summary_20260915_042206_567_BQ_GPS_TO_VPS_NORMAL_DEV_EBAA.csv,True,VALID
20260911_081410_344_V1_GPS_TO_VPS_NORMAL_DEV_2379,KB17,V1,NONE,REAL,combined_root_v2/KB17/20260911_081410_344_V1_GPS_TO_VPS_NORMAL_DEV_2379/events_20260911_081410_344_V1_GPS_TO_VPS_NORMAL_DEV_2379.csv,combined_root_v2/KB17/20260911_081410_344_V1_GPS_TO_VPS_NORMAL_DEV_2379/samples_20260911_081410_344_V1_GPS_TO_VPS_NORMAL_DEV_2379.csv,combined_root_v2/KB17/20260911_081410_344_V1_GPS_TO_VPS_NORMAL_DEV_2379/summary_20260911_081410_344_V1_GPS_TO_VPS_NORMAL_DEV_2379.csv,True,VALID
20260911_105854_962_V4_GPS_TO_VPS_NORMAL_DEV_D4A8,KB17,V4,NONE,REAL,combined_root_v2/KB17/20260911_105854_962_V4_GPS_TO_VPS_NORMAL_DEV_D4A8/events_20260911_105854_962_V4_GPS_TO_VPS_NORMAL_DEV_D4A8.csv,combined_root_v2/KB17/20260911_105854_962_V4_GPS_TO_VPS_NORMAL_DEV_D4A8/samples_20260911_105854_962_V4_GPS_TO_VPS_NORMAL_DEV_D4A8.csv,combined_root_v2/KB17/20260911_105854_962_V4_GPS_TO_VPS_NORMAL_DEV_D4A8/summary_20260911_105854_962_V4_GPS_TO_VPS_NORMAL_DEV_D4A8.csv,True,VALID
20260911_105639_912_V3_GPS_TO_VPS_NORMAL_DEV_BB31,KB17,V3,NONE,REAL,combined_root_v2/KB17/20260911_105639_912_V3_GPS_TO_VPS_NORMAL_DEV_BB31/events_20260911_105639_912_V3_GPS_TO_VPS_NORMAL_DEV_BB31.csv,combined_root_v2/KB17/20260911_105639_912_V3_GPS_TO_VPS_NORMAL_DEV_BB31/samples_20260911_105639_912_V3_GPS_TO_VPS_NORMAL_DEV_BB31.csv,combined_root_v2/KB17/20260911_105639_912_V3_GPS_TO_VPS_NORMAL_DEV_BB31/summary_20260911_105639_912_V3_GPS_TO_VPS_NORMAL_DEV_BB31.csv,True,VALID
20260911_081832_961_V2_GPS_TO_VPS_NORMAL_DEV_B6BE,KB17,V2,NONE,REAL,combined_root_v2/KB17/20260911_081832_961_V2_GPS_TO_VPS_NORMAL_DEV_B6BE/events_20260911_081832_961_V2_GPS_TO_VPS_NORMAL_DEV_B6BE.csv,combined_root_v2/KB17/20260911_081832_961_V2_GPS_TO_VPS_NORMAL_DEV_B6BE/samples_20260911_081832_961_V2_GPS_TO_VPS_NORMAL_DEV_B6BE.csv,combined_root_v2/KB17/20260911_081832_961_V2_GPS_TO_VPS_NORMAL_DEV_B6BE/summary_20260911_081832_961_V2_GPS_TO_VPS_NORMAL_DEV_B6BE.csv,True,VALID
20260912_102736_027_V4_GPS_TO_VPS_NORMAL_DEV_C329,KB24,V4,NONE,REAL,combined_root_v2/KB24/20260912_102736_027_V4_GPS_TO_VPS_NORMAL_DEV_C329/events_20260912_102736_027_V4_GPS_TO_VPS_NORMAL_DEV_C329.csv,combined_root_v2/KB24/20260912_102736_027_V4_GPS_TO_VPS_NORMAL_DEV_C329/samples_20260912_102736_027_V4_GPS_TO_VPS_NORMAL_DEV_C329.csv,combined_root_v2/KB24/20260912_102736_027_V4_GPS_TO_VPS_NORMAL_DEV_C329/summary_20260912_102736_027_V4_GPS_TO_VPS_NORMAL_DEV_C329.csv,True,VALID
20260912_102134_888_V3_GPS_TO_VPS_NORMAL_DEV_74A7,KB24,V3,NONE,REAL,combined_root_v2/KB24/20260912_102134_888_V3_GPS_TO_VPS_NORMAL_DEV_74A7/events_20260912_102134_888_V3_GPS_TO_VPS_NORMAL_DEV_74A7.csv,combined_root_v2/KB24/20260912_102134_888_V3_GPS_TO_VPS_NORMAL_DEV_74A7/samples_20260912_102134_888_V3_GPS_TO_VPS_NORMAL_DEV_74A7.csv,combined_root_v2/KB24/20260912_102134_888_V3_GPS_TO_VPS_NORMAL_DEV_74A7/summary_20260912_102134_888_V3_GPS_TO_VPS_NORMAL_DEV_74A7.csv,True,VALID
20260912_101355_285_V2_GPS_TO_VPS_NORMAL_DEV_280D,KB24,V2,NONE,REAL,combined_root_v2/KB24/20260912_101355_285_V2_GPS_TO_VPS_NORMAL_DEV_280D/events_20260912_101355_285_V2_GPS_TO_VPS_NORMAL_DEV_280D.csv,combined_root_v2/KB24/20260912_101355_285_V2_GPS_TO_VPS_NORMAL_DEV_280D/samples_20260912_101355_285_V2_GPS_TO_VPS_NORMAL_DEV_280D.csv,combined_root_v2/KB24/20260912_101355_285_V2_GPS_TO_VPS_NORMAL_DEV_280D/summary_20260912_101355_285_V2_GPS_TO_VPS_NORMAL_DEV_280D.csv,True,VALID
20260912_102449_585_V5_GPS_TO_VPS_NORMAL_DEV_9683,KB24,V5,NONE,REAL,combined_root_v2/KB24/20260912_102449_585_V5_GPS_TO_VPS_NORMAL_DEV_9683/events_20260912_102449_585_V5_GPS_TO_VPS_NORMAL_DEV_9683.csv,combined_root_v2/KB24/20260912_102449_585_V5_GPS_TO_VPS_NORMAL_DEV_9683/samples_20260912_102449_585_V5_GPS_TO_VPS_NORMAL_DEV_9683.csv,combined_root_v2/KB24/20260912_102449_585_V5_GPS_TO_VPS_NORMAL_DEV_9683/summary_20260912_102449_585_V5_GPS_TO_VPS_NORMAL_DEV_9683.csv,True,VALID
20260912_103441_580_BQ_GPS_TO_VPS_NORMAL_DEV_1510,KB24,BQ,NONE,REAL,combined_root_v2/KB24/20260912_103441_580_BQ_GPS_TO_VPS_NORMAL_DEV_1510/events_20260912_103441_580_BQ_GPS_TO_VPS_NORMAL_DEV_1510.csv,combined_root_v2/KB24/20260912_103441_580_BQ_GPS_TO_VPS_NORMAL_DEV_1510/samples_20260912_103441_580_BQ_GPS_TO_VPS_NORMAL_DEV_1510.csv,combined_root_v2/KB24/20260912_103441_580_BQ_GPS_TO_VPS_NORMAL_DEV_1510/summary_20260912_103441_580_BQ_GPS_TO_VPS_NORMAL_DEV_1510.csv,True,VALID
20260912_102831_991_BT_GPS_TO_VPS_NORMAL_DEV_AB40,KB24,BT,NONE,REAL,combined_root_v2/KB24/20260912_102831_991_BT_GPS_TO_VPS_NORMAL_DEV_AB40/events_20260912_102831_991_BT_GPS_TO_VPS_NORMAL_DEV_AB40.csv,combined_root_v2/KB24/20260912_102831_991_BT_GPS_TO_VPS_NORMAL_DEV_AB40/samples_20260912_102831_991_BT_GPS_TO_VPS_NORMAL_DEV_AB40.csv,combined_root_v2/KB24/20260912_102831_991_BT_GPS_TO_VPS_NORMAL_DEV_AB40/summary_20260912_102831_991_BT_GPS_TO_VPS_NORMAL_DEV_AB40.csv,True,VALID
20260912_101203_701_V1_GPS_TO_VPS_NORMAL_DEV_0951,KB24,V1,NONE,REAL,combined_root_v2/KB24/20260912_101203_701_V1_GPS_TO_VPS_NORMAL_DEV_0951/events_20260912_101203_701_V1_GPS_TO_VPS_NORMAL_DEV_0951.csv,combined_root_v2/KB24/20260912_101203_701_V1_GPS_TO_VPS_NORMAL_DEV_0951/samples_20260912_101203_701_V1_GPS_TO_VPS_NORMAL_DEV_0951.csv,combined_root_v2/KB24/20260912_101203_701_V1_GPS_TO_VPS_NORMAL_DEV_0951/summary_20260912_101203_701_V1_GPS_TO_VPS_NORMAL_DEV_0951.csv,True,VALID
20260911_051425_657_V1_GPS_TO_VPS_NORMAL_DEV_F38F,KB10,V1,NONE,REAL,combined_root_v2/KB10/20260911_051425_657_V1_GPS_TO_VPS_NORMAL_DEV_F38F/events_20260911_051425_657_V1_GPS_TO_VPS_NORMAL_DEV_F38F.csv,combined_root_v2/KB10/20260911_051425_657_V1_GPS_TO_VPS_NORMAL_DEV_F38F/samples_20260911_051425_657_V1_GPS_TO_VPS_NORMAL_DEV_F38F.csv,combined_root_v2/KB10/20260911_051425_657_V1_GPS_TO_VPS_NORMAL_DEV_F38F/summary_20260911_051425_657_V1_GPS_TO_VPS_NORMAL_DEV_F38F.csv,True,VALID
20260911_053142_080_V3_GPS_TO_VPS_NORMAL_DEV_BCED,KB10,V3,NONE,REAL,combined_root_v2/KB10/20260911_053142_080_V3_GPS_TO_VPS_NORMAL_DEV_BCED/events_20260911_053142_080_V3_GPS_TO_VPS_NORMAL_DEV_BCED.csv,combined_root_v2/KB10/20260911_053142_080_V3_GPS_TO_VPS_NORMAL_DEV_BCED/samples_20260911_053142_080_V3_GPS_TO_VPS_NORMAL_DEV_BCED.csv,combined_root_v2/KB10/20260911_053142_080_V3_GPS_TO_VPS_NORMAL_DEV_BCED/summary_20260911_053142_080_V3_GPS_TO_VPS_NORMAL_DEV_BCED.csv,True,VALID
20260911_052009_268_V2_GPS_TO_VPS_NORMAL_DEV_6D88,KB10,V2,NONE,REAL,combined_root_v2/KB10/20260911_052009_268_V2_GPS_TO_VPS_NORMAL_DEV_6D88/events_20260911_052009_268_V2_GPS_TO_VPS_NORMAL_DEV_6D88.csv,combined_root_v2/KB10/20260911_052009_268_V2_GPS_TO_VPS_NORMAL_DEV_6D88/samples_20260911_052009_268_V2_GPS_TO_VPS_NORMAL_DEV_6D88.csv,combined_root_v2/KB10/20260911_052009_268_V2_GPS_TO_VPS_NORMAL_DEV_6D88/summary_20260911_052009_268_V2_GPS_TO_VPS_NORMAL_DEV_6D88.csv,True,VALID
20260912_103747_212_V4_GPS_TO_VPS_NORMAL_DEV_16E6,KB10,V4,NONE,REAL,combined_root_v2/KB10/20260912_103747_212_V4_GPS_TO_VPS_NORMAL_DEV_16E6/events_20260912_103747_212_V4_GPS_TO_VPS_NORMAL_DEV_16E6.csv,combined_root_v2/KB10/20260912_103747_212_V4_GPS_TO_VPS_NORMAL_DEV_16E6/samples_20260912_103747_212_V4_GPS_TO_VPS_NORMAL_DEV_16E6.csv,combined_root_v2/KB10/20260912_103747_212_V4_GPS_TO_VPS_NORMAL_DEV_16E6/summary_20260912_103747_212_V4_GPS_TO_VPS_NORMAL_DEV_16E6.csv,True,VALID
20260912_104913_515_V5_GPS_TO_VPS_NORMAL_DEV_AAA1,KB10,V5,NONE,REAL,combined_root_v2/KB10/20260912_104913_515_V5_GPS_TO_VPS_NORMAL_DEV_AAA1/events_20260912_104913_515_V5_GPS_TO_VPS_NORMAL_DEV_AAA1.csv,combined_root_v2/KB10/20260912_104913_515_V5_GPS_TO_VPS_NORMAL_DEV_AAA1/samples_20260912_104913_515_V5_GPS_TO_VPS_NORMAL_DEV_AAA1.csv,combined_root_v2/KB10/20260912_104913_515_V5_GPS_TO_VPS_NORMAL_DEV_AAA1/summary_20260912_104913_515_V5_GPS_TO_VPS_NORMAL_DEV_AAA1.csv,True,VALID
20260917_082329_745_V1_GPS_TO_VPS_NORMAL_DEV_A000,KB02,V1,VPS_TO_GPS,REAL,combined_root_v2/KB02/20260917_082329_745_V1_GPS_TO_VPS_NORMAL_DEV_A000_1/events_20260917_082329_745_V1_GPS_TO_VPS_NORMAL_DEV_A000_1.csv,combined_root_v2/KB02/20260917_082329_745_V1_GPS_TO_VPS_NORMAL_DEV_A000_1/samples_20260917_082329_745_V1_GPS_TO_VPS_NORMAL_DEV_A000_1.csv,combined_root_v2/KB02/20260917_082329_745_V1_GPS_TO_VPS_NORMAL_DEV_A000_1/summary_20260917_082329_745_V1_GPS_TO_VPS_NORMAL_DEV_A000_1.csv,True,VALID
20260917_084301_102_V5_GPS_TO_VPS_NORMAL_DEV_416E,KB02,V5,VPS_TO_GPS,REAL,combined_root_v2/KB02/20260917_084301_102_V5_GPS_TO_VPS_NORMAL_DEV_416E_1/events_20260917_084301_102_V5_GPS_TO_VPS_NORMAL_DEV_416E_1.csv,combined_root_v2/KB02/20260917_084301_102_V5_GPS_TO_VPS_NORMAL_DEV_416E_1/samples_20260917_084301_102_V5_GPS_TO_VPS_NORMAL_DEV_416E_1.csv,combined_root_v2/KB02/20260917_084301_102_V5_GPS_TO_VPS_NORMAL_DEV_416E_1/summary_20260917_084301_102_V5_GPS_TO_VPS_NORMAL_DEV_416E_1.csv,True,VALID
20260917_083639_189_V3_GPS_TO_VPS_NORMAL_DEV_DD2D,KB02,V3,VPS_TO_GPS,REAL,combined_root_v2/KB02/20260917_083639_189_V3_GPS_TO_VPS_NORMAL_DEV_DD2D_1/events_20260917_083639_189_V3_GPS_TO_VPS_NORMAL_DEV_DD2D_1.csv,combined_root_v2/KB02/20260917_083639_189_V3_GPS_TO_VPS_NORMAL_DEV_DD2D_1/samples_20260917_083639_189_V3_GPS_TO_VPS_NORMAL_DEV_DD2D_1.csv,combined_root_v2/KB02/20260917_083639_189_V3_GPS_TO_VPS_NORMAL_DEV_DD2D_1/summary_20260917_083639_189_V3_GPS_TO_VPS_NORMAL_DEV_DD2D_1.csv,True,VALID
20260917_082934_913_V2_GPS_TO_VPS_NORMAL_DEV_A61C,KB02,V2,VPS_TO_GPS,REAL,combined_root_v2/KB02/20260917_082934_913_V2_GPS_TO_VPS_NORMAL_DEV_A61C_1/events_20260917_082934_913_V2_GPS_TO_VPS_NORMAL_DEV_A61C_1.csv,combined_root_v2/KB02/20260917_082934_913_V2_GPS_TO_VPS_NORMAL_DEV_A61C_1/samples_20260917_082934_913_V2_GPS_TO_VPS_NORMAL_DEV_A61C_1.csv,combined_root_v2/KB02/20260917_082934_913_V2_GPS_TO_VPS_NORMAL_DEV_A61C_1/summary_20260917_082934_913_V2_GPS_TO_VPS_NORMAL_DEV_A61C_1.csv,True,VALID
20260917_085315_835_BQ_GPS_TO_VPS_NORMAL_DEV_428F,KB02,BQ,VPS_TO_GPS,REAL,combined_root_v2/KB02/20260917_085315_835_BQ_GPS_TO_VPS_NORMAL_DEV_428F_1/events_20260917_085315_835_BQ_GPS_TO_VPS_NORMAL_DEV_428F_1.csv,combined_root_v2/KB02/20260917_085315_835_BQ_GPS_TO_VPS_NORMAL_DEV_428F_1/samples_20260917_085315_835_BQ_GPS_TO_VPS_NORMAL_DEV_428F_1.csv,combined_root_v2/KB02/20260917_085315_835_BQ_GPS_TO_VPS_NORMAL_DEV_428F_1/summary_20260917_085315_835_BQ_GPS_TO_VPS_NORMAL_DEV_428F_1.csv,True,VALID
20260917_083855_966_V4_GPS_TO_VPS_NORMAL_DEV_4AA1,KB02,V4,VPS_TO_GPS,REAL,combined_root_v2/KB02/20260917_083855_966_V4_GPS_TO_VPS_NORMAL_DEV_4AA1_1/events_20260917_083855_966_V4_GPS_TO_VPS_NORMAL_DEV_4AA1_1.csv,combined_root_v2/KB02/20260917_083855_966_V4_GPS_TO_VPS_NORMAL_DEV_4AA1_1/samples_20260917_083855_966_V4_GPS_TO_VPS_NORMAL_DEV_4AA1_1.csv,combined_root_v2/KB02/20260917_083855_966_V4_GPS_TO_VPS_NORMAL_DEV_4AA1_1/summary_20260917_083855_966_V4_GPS_TO_VPS_NORMAL_DEV_4AA1_1.csv,True,VALID
20260917_090606_561_BT_GPS_TO_VPS_NORMAL_DEV_6228,KB02,BT,VPS_TO_GPS,REAL,combined_root_v2/KB02/20260917_090606_561_BT_GPS_TO_VPS_NORMAL_DEV_6228_1/events_20260917_090606_561_BT_GPS_TO_VPS_NORMAL_DEV_6228_1.csv,combined_root_v2/KB02/20260917_090606_561_BT_GPS_TO_VPS_NORMAL_DEV_6228_1/samples_20260917_090606_561_BT_GPS_TO_VPS_NORMAL_DEV_6228_1.csv,combined_root_v2/KB02/20260917_090606_561_BT_GPS_TO_VPS_NORMAL_DEV_6228_1/summary_20260917_090606_561_BT_GPS_TO_VPS_NORMAL_DEV_6228_1.csv,True,VALID
20260915_085148_743_V2_GPS_TO_VPS_NORMAL_DEV_7313,KB11,V2,NONE,REAL,combined_root_v2/KB11/20260915_085148_743_V2_GPS_TO_VPS_NORMAL_DEV_7313/events_20260915_085148_743_V2_GPS_TO_VPS_NORMAL_DEV_7313.csv,combined_root_v2/KB11/20260915_085148_743_V2_GPS_TO_VPS_NORMAL_DEV_7313/samples_20260915_085148_743_V2_GPS_TO_VPS_NORMAL_DEV_7313.csv,combined_root_v2/KB11/20260915_085148_743_V2_GPS_TO_VPS_NORMAL_DEV_7313/summary_20260915_085148_743_V2_GPS_TO_VPS_NORMAL_DEV_7313.csv,True,VALID
20260915_090604_072_BQ_GPS_TO_VPS_NORMAL_DEV_4784,KB11,BQ,NONE,REAL,combined_root_v2/KB11/20260915_090604_072_BQ_GPS_TO_VPS_NORMAL_DEV_4784/events_20260915_090604_072_BQ_GPS_TO_VPS_NORMAL_DEV_4784.csv,combined_root_v2/KB11/20260915_090604_072_BQ_GPS_TO_VPS_NORMAL_DEV_4784/samples_20260915_090604_072_BQ_GPS_TO_VPS_NORMAL_DEV_4784.csv,combined_root_v2/KB11/20260915_090604_072_BQ_GPS_TO_VPS_NORMAL_DEV_4784/summary_20260915_090604_072_BQ_GPS_TO_VPS_NORMAL_DEV_4784.csv,True,VALID
20260915_090305_638_V5_GPS_TO_VPS_NORMAL_DEV_F25A,KB11,V5,NONE,REAL,combined_root_v2/KB11/20260915_090305_638_V5_GPS_TO_VPS_NORMAL_DEV_F25A/events_20260915_090305_638_V5_GPS_TO_VPS_NORMAL_DEV_F25A.csv,combined_root_v2/KB11/20260915_090305_638_V5_GPS_TO_VPS_NORMAL_DEV_F25A/samples_20260915_090305_638_V5_GPS_TO_VPS_NORMAL_DEV_F25A.csv,combined_root_v2/KB11/20260915_090305_638_V5_GPS_TO_VPS_NORMAL_DEV_F25A/summary_20260915_090305_638_V5_GPS_TO_VPS_NORMAL_DEV_F25A.csv,True,VALID
20260915_085533_277_V3_GPS_TO_VPS_NORMAL_DEV_93D6,KB11,V3,NONE,REAL,combined_root_v2/KB11/20260915_085533_277_V3_GPS_TO_VPS_NORMAL_DEV_93D6/events_20260915_085533_277_V3_GPS_TO_VPS_NORMAL_DEV_93D6.csv,combined_root_v2/KB11/20260915_085533_277_V3_GPS_TO_VPS_NORMAL_DEV_93D6/samples_20260915_085533_277_V3_GPS_TO_VPS_NORMAL_DEV_93D6.csv,combined_root_v2/KB11/20260915_085533_277_V3_GPS_TO_VPS_NORMAL_DEV_93D6/summary_20260915_085533_277_V3_GPS_TO_VPS_NORMAL_DEV_93D6.csv,True,VALID
20260915_084744_254_V1_GPS_TO_VPS_NORMAL_DEV_7E4F,KB11,V1,NONE,REAL,combined_root_v2/KB11/20260915_084744_254_V1_GPS_TO_VPS_NORMAL_DEV_7E4F/events_20260915_084744_254_V1_GPS_TO_VPS_NORMAL_DEV_7E4F.csv,combined_root_v2/KB11/20260915_084744_254_V1_GPS_TO_VPS_NORMAL_DEV_7E4F/samples_20260915_084744_254_V1_GPS_TO_VPS_NORMAL_DEV_7E4F.csv,combined_root_v2/KB11/20260915_084744_254_V1_GPS_TO_VPS_NORMAL_DEV_7E4F/summary_20260915_084744_254_V1_GPS_TO_VPS_NORMAL_DEV_7E4F.csv,True,VALID_WITH_WARNINGS
20260915_090910_119_BT_GPS_TO_VPS_NORMAL_DEV_8D8B,KB11,BT,NONE,REAL,combined_root_v2/KB11/20260915_090910_119_BT_GPS_TO_VPS_NORMAL_DEV_8D8B/events_20260915_090910_119_BT_GPS_TO_VPS_NORMAL_DEV_8D8B.csv,combined_root_v2/KB11/20260915_090910_119_BT_GPS_TO_VPS_NORMAL_DEV_8D8B/samples_20260915_090910_119_BT_GPS_TO_VPS_NORMAL_DEV_8D8B.csv,combined_root_v2/KB11/20260915_090910_119_BT_GPS_TO_VPS_NORMAL_DEV_8D8B/summary_20260915_090910_119_BT_GPS_TO_VPS_NORMAL_DEV_8D8B.csv,True,VALID
20260915_085823_623_V4_GPS_TO_VPS_NORMAL_DEV_FB68,KB11,V4,NONE,REAL,combined_root_v2/KB11/20260915_085823_623_V4_GPS_TO_VPS_NORMAL_DEV_FB68/events_20260915_085823_623_V4_GPS_TO_VPS_NORMAL_DEV_FB68.csv,combined_root_v2/KB11/20260915_085823_623_V4_GPS_TO_VPS_NORMAL_DEV_FB68/samples_20260915_085823_623_V4_GPS_TO_VPS_NORMAL_DEV_FB68.csv,combined_root_v2/KB11/20260915_085823_623_V4_GPS_TO_VPS_NORMAL_DEV_FB68/summary_20260915_085823_623_V4_GPS_TO_VPS_NORMAL_DEV_FB68.csv,True,VALID
20260912_034750_793_BT_GPS_TO_VPS_NORMAL_DEV_EB50,KB18,BT,GPS_TO_VPS,REAL,combined_root_v2/KB18/20260912_034750_793_BT_GPS_TO_VPS_NORMAL_DEV_EB50/events_20260912_034750_793_BT_GPS_TO_VPS_NORMAL_DEV_EB50.csv,combined_root_v2/KB18/20260912_034750_793_BT_GPS_TO_VPS_NORMAL_DEV_EB50/samples_20260912_034750_793_BT_GPS_TO_VPS_NORMAL_DEV_EB50.csv,combined_root_v2/KB18/20260912_034750_793_BT_GPS_TO_VPS_NORMAL_DEV_EB50/summary_20260912_034750_793_BT_GPS_TO_VPS_NORMAL_DEV_EB50.csv,True,VALID
20260912_032259_625_V3_GPS_TO_VPS_NORMAL_DEV_D0DA,KB18,V3,GPS_TO_VPS,REAL,combined_root_v2/KB18/20260912_032259_625_V3_GPS_TO_VPS_NORMAL_DEV_D0DA/events_20260912_032259_625_V3_GPS_TO_VPS_NORMAL_DEV_D0DA.csv,combined_root_v2/KB18/20260912_032259_625_V3_GPS_TO_VPS_NORMAL_DEV_D0DA/samples_20260912_032259_625_V3_GPS_TO_VPS_NORMAL_DEV_D0DA.csv,combined_root_v2/KB18/20260912_032259_625_V3_GPS_TO_VPS_NORMAL_DEV_D0DA/summary_20260912_032259_625_V3_GPS_TO_VPS_NORMAL_DEV_D0DA.csv,True,VALID
20260912_031840_651_V2_GPS_TO_VPS_NORMAL_DEV_1844,KB18,V2,GPS_TO_VPS,REAL,combined_root_v2/KB18/20260912_031840_651_V2_GPS_TO_VPS_NORMAL_DEV_1844/events_20260912_031840_651_V2_GPS_TO_VPS_NORMAL_DEV_1844.csv,combined_root_v2/KB18/20260912_031840_651_V2_GPS_TO_VPS_NORMAL_DEV_1844/samples_20260912_031840_651_V2_GPS_TO_VPS_NORMAL_DEV_1844.csv,combined_root_v2/KB18/20260912_031840_651_V2_GPS_TO_VPS_NORMAL_DEV_1844/summary_20260912_031840_651_V2_GPS_TO_VPS_NORMAL_DEV_1844.csv,True,VALID
20260912_030230_879_V1_GPS_TO_VPS_NORMAL_DEV_DCB4,KB18,V1,GPS_TO_VPS,REAL,combined_root_v2/KB18/20260912_030230_879_V1_GPS_TO_VPS_NORMAL_DEV_DCB4/events_20260912_030230_879_V1_GPS_TO_VPS_NORMAL_DEV_DCB4.csv,combined_root_v2/KB18/20260912_030230_879_V1_GPS_TO_VPS_NORMAL_DEV_DCB4/samples_20260912_030230_879_V1_GPS_TO_VPS_NORMAL_DEV_DCB4.csv,combined_root_v2/KB18/20260912_030230_879_V1_GPS_TO_VPS_NORMAL_DEV_DCB4/summary_20260912_030230_879_V1_GPS_TO_VPS_NORMAL_DEV_DCB4.csv,True,VALID
20260912_034402_407_V5_GPS_TO_VPS_NORMAL_DEV_EC78,KB18,V5,GPS_TO_VPS,REAL,combined_root_v2/KB18/20260912_034402_407_V5_GPS_TO_VPS_NORMAL_DEV_EC78/events_20260912_034402_407_V5_GPS_TO_VPS_NORMAL_DEV_EC78.csv,combined_root_v2/KB18/20260912_034402_407_V5_GPS_TO_VPS_NORMAL_DEV_EC78/samples_20260912_034402_407_V5_GPS_TO_VPS_NORMAL_DEV_EC78.csv,combined_root_v2/KB18/20260912_034402_407_V5_GPS_TO_VPS_NORMAL_DEV_EC78/summary_20260912_034402_407_V5_GPS_TO_VPS_NORMAL_DEV_EC78.csv,True,VALID
20260912_034104_595_V4_GPS_TO_VPS_NORMAL_DEV_294C,KB18,V4,GPS_TO_VPS,REAL,combined_root_v2/KB18/20260912_034104_595_V4_GPS_TO_VPS_NORMAL_DEV_294C/events_20260912_034104_595_V4_GPS_TO_VPS_NORMAL_DEV_294C.csv,combined_root_v2/KB18/20260912_034104_595_V4_GPS_TO_VPS_NORMAL_DEV_294C/samples_20260912_034104_595_V4_GPS_TO_VPS_NORMAL_DEV_294C.csv,combined_root_v2/KB18/20260912_034104_595_V4_GPS_TO_VPS_NORMAL_DEV_294C/summary_20260912_034104_595_V4_GPS_TO_VPS_NORMAL_DEV_294C.csv,True,VALID
20260912_034626_883_BQ_GPS_TO_VPS_NORMAL_DEV_F465,KB18,BQ,GPS_TO_VPS,REAL,combined_root_v2/KB18/20260912_034626_883_BQ_GPS_TO_VPS_NORMAL_DEV_F465/events_20260912_034626_883_BQ_GPS_TO_VPS_NORMAL_DEV_F465.csv,combined_root_v2/KB18/20260912_034626_883_BQ_GPS_TO_VPS_NORMAL_DEV_F465/samples_20260912_034626_883_BQ_GPS_TO_VPS_NORMAL_DEV_F465.csv,combined_root_v2/KB18/20260912_034626_883_BQ_GPS_TO_VPS_NORMAL_DEV_F465/summary_20260912_034626_883_BQ_GPS_TO_VPS_NORMAL_DEV_F465.csv,True,VALID
SYNTH_KB01_BT_3686_FWD,KB01,BT,GPS_TO_VPS,SYNTHETIC_SUPPORT_MISSING_SCENARIO,combined_root_v2/_synthetic_missing_scenarios/KB01/SYNTH_KB01_BT_3686_FWD/events_SYNTH_KB01_BT_3686_FWD.csv,combined_root_v2/_synthetic_missing_scenarios/KB01/SYNTH_KB01_BT_3686_FWD/samples_SYNTH_KB01_BT_3686_FWD.csv,combined_root_v2/_synthetic_missing_scenarios/KB01/SYNTH_KB01_BT_3686_FWD/summary_SYNTH_KB01_BT_3686_FWD.csv,True,VALID
SYNTH_KB01_V3_4565_FWD,KB01,V3,GPS_TO_VPS,SYNTHETIC_SUPPORT_MISSING_SCENARIO,combined_root_v2/_synthetic_missing_scenarios/KB01/SYNTH_KB01_V3_4565_FWD/events_SYNTH_KB01_V3_4565_FWD.csv,combined_root_v2/_synthetic_missing_scenarios/KB01/SYNTH_KB01_V3_4565_FWD/samples_SYNTH_KB01_V3_4565_FWD.csv,combined_root_v2/_synthetic_missing_scenarios/KB01/SYNTH_KB01_V3_4565_FWD/summary_SYNTH_KB01_V3_4565_FWD.csv,True,VALID
SYNTH_KB01_V5_8420_FWD,KB01,V5,GPS_TO_VPS,SYNTHETIC_SUPPORT_MISSING_SCENARIO,combined_root_v2/_synthetic_missing_scenarios/KB01/SYNTH_KB01_V5_8420_FWD/events_SYNTH_KB01_V5_8420_FWD.csv,combined_root_v2/_synthetic_missing_scenarios/KB01/SYNTH_KB01_V5_8420_FWD/samples_SYNTH_KB01_V5_8420_FWD.csv,combined_root_v2/_synthetic_missing_scenarios/KB01/SYNTH_KB01_V5_8420_FWD/summary_SYNTH_KB01_V5_8420_FWD.csv,True,VALID
SYNTH_KB01_BQ_4605_FWD,KB01,BQ,GPS_TO_VPS,SYNTHETIC_SUPPORT_MISSING_SCENARIO,combined_root_v2/_synthetic_missing_scenarios/KB01/SYNTH_KB01_BQ_4605_FWD/events_SYNTH_KB01_BQ_4605_FWD.csv,combined_root_v2/_synthetic_missing_scenarios/KB01/SYNTH_KB01_BQ_4605_FWD/samples_SYNTH_KB01_BQ_4605_FWD.csv,combined_root_v2/_synthetic_missing_scenarios/KB01/SYNTH_KB01_BQ_4605_FWD/summary_SYNTH_KB01_BQ_4605_FWD.csv,True,VALID
SYNTH_KB01_V1_3432_FWD,KB01,V1,GPS_TO_VPS,SYNTHETIC_SUPPORT_MISSING_SCENARIO,combined_root_v2/_synthetic_missing_scenarios/KB01/SYNTH_KB01_V1_3432_FWD/events_SYNTH_KB01_V1_3432_FWD.csv,combined_root_v2/_synthetic_missing_scenarios/KB01/SYNTH_KB01_V1_3432_FWD/samples_SYNTH_KB01_V1_3432_FWD.csv,combined_root_v2/_synthetic_missing_scenarios/KB01/SYNTH_KB01_V1_3432_FWD/summary_SYNTH_KB01_V1_3432_FWD.csv,True,VALID
SYNTH_KB01_V2_6790_FWD,KB01,V2,GPS_TO_VPS,SYNTHETIC_SUPPORT_MISSING_SCENARIO,combined_root_v2/_synthetic_missing_scenarios/KB01/SYNTH_KB01_V2_6790_FWD/events_SYNTH_KB01_V2_6790_FWD.csv,combined_root_v2/_synthetic_missing_scenarios/KB01/SYNTH_KB01_V2_6790_FWD/samples_SYNTH_KB01_V2_6790_FWD.csv,combined_root_v2/_synthetic_missing_scenarios/KB01/SYNTH_KB01_V2_6790_FWD/summary_SYNTH_KB01_V2_6790_FWD.csv,True,VALID
SYNTH_KB01_V4_2725_FWD,KB01,V4,GPS_TO_VPS,SYNTHETIC_SUPPORT_MISSING_SCENARIO,combined_root_v2/_synthetic_missing_scenarios/KB01/SYNTH_KB01_V4_2725_FWD/events_SYNTH_KB01_V4_2725_FWD.csv,combined_root_v2/_synthetic_missing_scenarios/KB01/SYNTH_KB01_V4_2725_FWD/samples_SYNTH_KB01_V4_2725_FWD.csv,combined_root_v2/_synthetic_missing_scenarios/KB01/SYNTH_KB01_V4_2725_FWD/summary_SYNTH_KB01_V4_2725_FWD.csv,True,VALID
SYNTH_KB07_BT_7937_FWD,KB07,BT,GPS_TO_VPS,SYNTHETIC_SUPPORT_MISSING_SCENARIO,combined_root_v2/_synthetic_missing_scenarios/KB07/SYNTH_KB07_BT_7937_FWD/events_SYNTH_KB07_BT_7937_FWD.csv,combined_root_v2/_synthetic_missing_scenarios/KB07/SYNTH_KB07_BT_7937_FWD/samples_SYNTH_KB07_BT_7937_FWD.csv,combined_root_v2/_synthetic_missing_scenarios/KB07/SYNTH_KB07_BT_7937_FWD/summary_SYNTH_KB07_BT_7937_FWD.csv,True,VALID
SYNTH_KB07_V3_3028_FWD,KB07,V3,GPS_TO_VPS,SYNTHETIC_SUPPORT_MISSING_SCENARIO,combined_root_v2/_synthetic_missing_scenarios/KB07/SYNTH_KB07_V3_3028_FWD/events_SYNTH_KB07_V3_3028_FWD.csv,combined_root_v2/_synthetic_missing_scenarios/KB07/SYNTH_KB07_V3_3028_FWD/samples_SYNTH_KB07_V3_3028_FWD.csv,combined_root_v2/_synthetic_missing_scenarios/KB07/SYNTH_KB07_V3_3028_FWD/summary_SYNTH_KB07_V3_3028_FWD.csv,True,VALID
SYNTH_KB07_V2_1612_FWD,KB07,V2,GPS_TO_VPS,SYNTHETIC_SUPPORT_MISSING_SCENARIO,combined_root_v2/_synthetic_missing_scenarios/KB07/SYNTH_KB07_V2_1612_FWD/events_SYNTH_KB07_V2_1612_FWD.csv,combined_root_v2/_synthetic_missing_scenarios/KB07/SYNTH_KB07_V2_1612_FWD/samples_SYNTH_KB07_V2_1612_FWD.csv,combined_root_v2/_synthetic_missing_scenarios/KB07/SYNTH_KB07_V2_1612_FWD/summary_SYNTH_KB07_V2_1612_FWD.csv,True,VALID
SYNTH_KB07_V4_1350_FWD,KB07,V4,GPS_TO_VPS,SYNTHETIC_SUPPORT_MISSING_SCENARIO,combined_root_v2/_synthetic_missing_scenarios/KB07/SYNTH_KB07_V4_1350_FWD/events_SYNTH_KB07_V4_1350_FWD.csv,combined_root_v2/_synthetic_missing_scenarios/KB07/SYNTH_KB07_V4_1350_FWD/samples_SYNTH_KB07_V4_1350_FWD.csv,combined_root_v2/_synthetic_missing_scenarios/KB07/SYNTH_KB07_V4_1350_FWD/summary_SYNTH_KB07_V4_1350_FWD.csv,True,VALID
SYNTH_KB07_BQ_8168_FWD,KB07,BQ,GPS_TO_VPS,SYNTHETIC_SUPPORT_MISSING_SCENARIO,combined_root_v2/_synthetic_missing_scenarios/KB07/SYNTH_KB07_BQ_8168_FWD/events_SYNTH_KB07_BQ_8168_FWD.csv,combined_root_v2/_synthetic_missing_scenarios/KB07/SYNTH_KB07_BQ_8168_FWD/samples_SYNTH_KB07_BQ_8168_FWD.csv,combined_root_v2/_synthetic_missing_scenarios/KB07/SYNTH_KB07_BQ_8168_FWD/summary_SYNTH_KB07_BQ_8168_FWD.csv,True,VALID
SYNTH_KB07_V5_3045_FWD,KB07,V5,GPS_TO_VPS,SYNTHETIC_SUPPORT_MISSING_SCENARIO,combined_root_v2/_synthetic_missing_scenarios/KB07/SYNTH_KB07_V5_3045_FWD/events_SYNTH_KB07_V5_3045_FWD.csv,combined_root_v2/_synthetic_missing_scenarios/KB07/SYNTH_KB07_V5_3045_FWD/samples_SYNTH_KB07_V5_3045_FWD.csv,combined_root_v2/_synthetic_missing_scenarios/KB07/SYNTH_KB07_V5_3045_FWD/summary_SYNTH_KB07_V5_3045_FWD.csv,True,VALID
SYNTH_KB07_V1_3545_FWD,KB07,V1,GPS_TO_VPS,SYNTHETIC_SUPPORT_MISSING_SCENARIO,combined_root_v2/_synthetic_missing_scenarios/KB07/SYNTH_KB07_V1_3545_FWD/events_SYNTH_KB07_V1_3545_FWD.csv,combined_root_v2/_synthetic_missing_scenarios/KB07/SYNTH_KB07_V1_3545_FWD/samples_SYNTH_KB07_V1_3545_FWD.csv,combined_root_v2/_synthetic_missing_scenarios/KB07/SYNTH_KB07_V1_3545_FWD/summary_SYNTH_KB07_V1_3545_FWD.csv,True,VALID
SYNTH_KB28_BQ_3258_FWD,KB28,BQ,GPS_TO_VPS,SYNTHETIC_SUPPORT_MISSING_SCENARIO,combined_root_v2/_synthetic_missing_scenarios/KB28/SYNTH_KB28_BQ_3258_FWD/events_SYNTH_KB28_BQ_3258_FWD.csv,combined_root_v2/_synthetic_missing_scenarios/KB28/SYNTH_KB28_BQ_3258_FWD/samples_SYNTH_KB28_BQ_3258_FWD.csv,combined_root_v2/_synthetic_missing_scenarios/KB28/SYNTH_KB28_BQ_3258_FWD/summary_SYNTH_KB28_BQ_3258_FWD.csv,True,VALID_WITH_WARNINGS
SYNTH_KB28_V1_9871_FWD,KB28,V1,GPS_TO_VPS,SYNTHETIC_SUPPORT_MISSING_SCENARIO,combined_root_v2/_synthetic_missing_scenarios/KB28/SYNTH_KB28_V1_9871_FWD/events_SYNTH_KB28_V1_9871_FWD.csv,combined_root_v2/_synthetic_missing_scenarios/KB28/SYNTH_KB28_V1_9871_FWD/samples_SYNTH_KB28_V1_9871_FWD.csv,combined_root_v2/_synthetic_missing_scenarios/KB28/SYNTH_KB28_V1_9871_FWD/summary_SYNTH_KB28_V1_9871_FWD.csv,True,VALID_WITH_WARNINGS
SYNTH_KB28_V5_7389_FWD,KB28,V5,GPS_TO_VPS,SYNTHETIC_SUPPORT_MISSING_SCENARIO,combined_root_v2/_synthetic_missing_scenarios/KB28/SYNTH_KB28_V5_7389_FWD/events_SYNTH_KB28_V5_7389_FWD.csv,combined_root_v2/_synthetic_missing_scenarios/KB28/SYNTH_KB28_V5_7389_FWD/samples_SYNTH_KB28_V5_7389_FWD.csv,combined_root_v2/_synthetic_missing_scenarios/KB28/SYNTH_KB28_V5_7389_FWD/summary_SYNTH_KB28_V5_7389_FWD.csv,True,VALID_WITH_WARNINGS
SYNTH_KB28_V3_6467_FWD,KB28,V3,GPS_TO_VPS,SYNTHETIC_SUPPORT_MISSING_SCENARIO,combined_root_v2/_synthetic_missing_scenarios/KB28/SYNTH_KB28_V3_6467_FWD/events_SYNTH_KB28_V3_6467_FWD.csv,combined_root_v2/_synthetic_missing_scenarios/KB28/SYNTH_KB28_V3_6467_FWD/samples_SYNTH_KB28_V3_6467_FWD.csv,combined_root_v2/_synthetic_missing_scenarios/KB28/SYNTH_KB28_V3_6467_FWD/summary_SYNTH_KB28_V3_6467_FWD.csv,True,VALID_WITH_WARNINGS
SYNTH_KB28_BT_8681_FWD,KB28,BT,GPS_TO_VPS,SYNTHETIC_SUPPORT_MISSING_SCENARIO,combined_root_v2/_synthetic_missing_scenarios/KB28/SYNTH_KB28_BT_8681_FWD/events_SYNTH_KB28_BT_8681_FWD.csv,combined_root_v2/_synthetic_missing_scenarios/KB28/SYNTH_KB28_BT_8681_FWD/samples_SYNTH_KB28_BT_8681_FWD.csv,combined_root_v2/_synthetic_missing_scenarios/KB28/SYNTH_KB28_BT_8681_FWD/summary_SYNTH_KB28_BT_8681_FWD.csv,True,VALID_WITH_WARNINGS
SYNTH_KB28_V4_6180_FWD,KB28,V4,GPS_TO_VPS,SYNTHETIC_SUPPORT_MISSING_SCENARIO,combined_root_v2/_synthetic_missing_scenarios/KB28/SYNTH_KB28_V4_6180_FWD/events_SYNTH_KB28_V4_6180_FWD.csv,combined_root_v2/_synthetic_missing_scenarios/KB28/SYNTH_KB28_V4_6180_FWD/samples_SYNTH_KB28_V4_6180_FWD.csv,combined_root_v2/_synthetic_missing_scenarios/KB28/SYNTH_KB28_V4_6180_FWD/summary_SYNTH_KB28_V4_6180_FWD.csv,True,VALID_WITH_WARNINGS
SYNTH_KB28_V2_7947_FWD,KB28,V2,GPS_TO_VPS,SYNTHETIC_SUPPORT_MISSING_SCENARIO,combined_root_v2/_synthetic_missing_scenarios/KB28/SYNTH_KB28_V2_7947_FWD/events_SYNTH_KB28_V2_7947_FWD.csv,combined_root_v2/_synthetic_missing_scenarios/KB28/SYNTH_KB28_V2_7947_FWD/samples_SYNTH_KB28_V2_7947_FWD.csv,combined_root_v2/_synthetic_missing_scenarios/KB28/SYNTH_KB28_V2_7947_FWD/summary_SYNTH_KB28_V2_7947_FWD.csv,True,VALID_WITH_WARNINGS
SYNTH_KB08_V3_8524_FWD,KB08,V3,GPS_TO_VPS,SYNTHETIC_SUPPORT_MISSING_SCENARIO,combined_root_v2/_synthetic_missing_scenarios/KB08/SYNTH_KB08_V3_8524_FWD/events_SYNTH_KB08_V3_8524_FWD.csv,combined_root_v2/_synthetic_missing_scenarios/KB08/SYNTH_KB08_V3_8524_FWD/samples_SYNTH_KB08_V3_8524_FWD.csv,combined_root_v2/_synthetic_missing_scenarios/KB08/SYNTH_KB08_V3_8524_FWD/summary_SYNTH_KB08_V3_8524_FWD.csv,True,VALID
SYNTH_KB08_V4_3753_FWD,KB08,V4,GPS_TO_VPS,SYNTHETIC_SUPPORT_MISSING_SCENARIO,combined_root_v2/_synthetic_missing_scenarios/KB08/SYNTH_KB08_V4_3753_FWD/events_SYNTH_KB08_V4_3753_FWD.csv,combined_root_v2/_synthetic_missing_scenarios/KB08/SYNTH_KB08_V4_3753_FWD/samples_SYNTH_KB08_V4_3753_FWD.csv,combined_root_v2/_synthetic_missing_scenarios/KB08/SYNTH_KB08_V4_3753_FWD/summary_SYNTH_KB08_V4_3753_FWD.csv,True,VALID
SYNTH_KB08_V5_6545_FWD,KB08,V5,GPS_TO_VPS,SYNTHETIC_SUPPORT_MISSING_SCENARIO,combined_root_v2/_synthetic_missing_scenarios/KB08/SYNTH_KB08_V5_6545_FWD/events_SYNTH_KB08_V5_6545_FWD.csv,combined_root_v2/_synthetic_missing_scenarios/KB08/SYNTH_KB08_V5_6545_FWD/samples_SYNTH_KB08_V5_6545_FWD.csv,combined_root_v2/_synthetic_missing_scenarios/KB08/SYNTH_KB08_V5_6545_FWD/summary_SYNTH_KB08_V5_6545_FWD.csv,True,VALID
SYNTH_KB08_V1_7591_FWD,KB08,V1,GPS_TO_VPS,SYNTHETIC_SUPPORT_MISSING_SCENARIO,combined_root_v2/_synthetic_missing_scenarios/KB08/SYNTH_KB08_V1_7591_FWD/events_SYNTH_KB08_V1_7591_FWD.csv,combined_root_v2/_synthetic_missing_scenarios/KB08/SYNTH_KB08_V1_7591_FWD/samples_SYNTH_KB08_V1_7591_FWD.csv,combined_root_v2/_synthetic_missing_scenarios/KB08/SYNTH_KB08_V1_7591_FWD/summary_SYNTH_KB08_V1_7591_FWD.csv,True,VALID
SYNTH_KB08_V2_4393_FWD,KB08,V2,GPS_TO_VPS,SYNTHETIC_SUPPORT_MISSING_SCENARIO,combined_root_v2/_synthetic_missing_scenarios/KB08/SYNTH_KB08_V2_4393_FWD/events_SYNTH_KB08_V2_4393_FWD.csv,combined_root_v2/_synthetic_missing_scenarios/KB08/SYNTH_KB08_V2_4393_FWD/samples_SYNTH_KB08_V2_4393_FWD.csv,combined_root_v2/_synthetic_missing_scenarios/KB08/SYNTH_KB08_V2_4393_FWD/summary_SYNTH_KB08_V2_4393_FWD.csv,True,VALID
SYNTH_KB08_BT_1159_FWD,KB08,BT,GPS_TO_VPS,SYNTHETIC_SUPPORT_MISSING_SCENARIO,combined_root_v2/_synthetic_missing_scenarios/KB08/SYNTH_KB08_BT_1159_FWD/events_SYNTH_KB08_BT_1159_FWD.csv,combined_root_v2/_synthetic_missing_scenarios/KB08/SYNTH_KB08_BT_1159_FWD/samples_SYNTH_KB08_BT_1159_FWD.csv,combined_root_v2/_synthetic_missing_scenarios/KB08/SYNTH_KB08_BT_1159_FWD/summary_SYNTH_KB08_BT_1159_FWD.csv,True,VALID
SYNTH_KB08_BQ_3771_FWD,KB08,BQ,GPS_TO_VPS,SYNTHETIC_SUPPORT_MISSING_SCENARIO,combined_root_v2/_synthetic_missing_scenarios/KB08/SYNTH_KB08_BQ_3771_FWD/events_SYNTH_KB08_BQ_3771_FWD.csv,combined_root_v2/_synthetic_missing_scenarios/KB08/SYNTH_KB08_BQ_3771_FWD/samples_SYNTH_KB08_BQ_3771_FWD.csv,combined_root_v2/_synthetic_missing_scenarios/KB08/SYNTH_KB08_BQ_3771_FWD/summary_SYNTH_KB08_BQ_3771_FWD.csv,True,VALID
SYNTH_KB21_V2_3348_FWD,KB21,V2,GPS_TO_VPS,SYNTHETIC_SUPPORT_MISSING_SCENARIO,combined_root_v2/_synthetic_missing_scenarios/KB21/SYNTH_KB21_V2_3348_FWD/events_SYNTH_KB21_V2_3348_FWD.csv,combined_root_v2/_synthetic_missing_scenarios/KB21/SYNTH_KB21_V2_3348_FWD/samples_SYNTH_KB21_V2_3348_FWD.csv,combined_root_v2/_synthetic_missing_scenarios/KB21/SYNTH_KB21_V2_3348_FWD/summary_SYNTH_KB21_V2_3348_FWD.csv,True,VALID
SYNTH_KB21_BQ_2228_FWD,KB21,BQ,GPS_TO_VPS,SYNTHETIC_SUPPORT_MISSING_SCENARIO,combined_root_v2/_synthetic_missing_scenarios/KB21/SYNTH_KB21_BQ_2228_FWD/events_SYNTH_KB21_BQ_2228_FWD.csv,combined_root_v2/_synthetic_missing_scenarios/KB21/SYNTH_KB21_BQ_2228_FWD/samples_SYNTH_KB21_BQ_2228_FWD.csv,combined_root_v2/_synthetic_missing_scenarios/KB21/SYNTH_KB21_BQ_2228_FWD/summary_SYNTH_KB21_BQ_2228_FWD.csv,True,VALID
SYNTH_KB21_BT_7814_FWD,KB21,BT,GPS_TO_VPS,SYNTHETIC_SUPPORT_MISSING_SCENARIO,combined_root_v2/_synthetic_missing_scenarios/KB21/SYNTH_KB21_BT_7814_FWD/events_SYNTH_KB21_BT_7814_FWD.csv,combined_root_v2/_synthetic_missing_scenarios/KB21/SYNTH_KB21_BT_7814_FWD/samples_SYNTH_KB21_BT_7814_FWD.csv,combined_root_v2/_synthetic_missing_scenarios/KB21/SYNTH_KB21_BT_7814_FWD/summary_SYNTH_KB21_BT_7814_FWD.csv,True,VALID
SYNTH_KB21_V5_3934_FWD,KB21,V5,GPS_TO_VPS,SYNTHETIC_SUPPORT_MISSING_SCENARIO,combined_root_v2/_synthetic_missing_scenarios/KB21/SYNTH_KB21_V5_3934_FWD/events_SYNTH_KB21_V5_3934_FWD.csv,combined_root_v2/_synthetic_missing_scenarios/KB21/SYNTH_KB21_V5_3934_FWD/samples_SYNTH_KB21_V5_3934_FWD.csv,combined_root_v2/_synthetic_missing_scenarios/KB21/SYNTH_KB21_V5_3934_FWD/summary_SYNTH_KB21_V5_3934_FWD.csv,True,VALID
SYNTH_KB21_V1_9203_FWD,KB21,V1,GPS_TO_VPS,SYNTHETIC_SUPPORT_MISSING_SCENARIO,combined_root_v2/_synthetic_missing_scenarios/KB21/SYNTH_KB21_V1_9203_FWD/events_SYNTH_KB21_V1_9203_FWD.csv,combined_root_v2/_synthetic_missing_scenarios/KB21/SYNTH_KB21_V1_9203_FWD/samples_SYNTH_KB21_V1_9203_FWD.csv,combined_root_v2/_synthetic_missing_scenarios/KB21/SYNTH_KB21_V1_9203_FWD/summary_SYNTH_KB21_V1_9203_FWD.csv,True,VALID
SYNTH_KB21_V4_5436_FWD,KB21,V4,GPS_TO_VPS,SYNTHETIC_SUPPORT_MISSING_SCENARIO,combined_root_v2/_synthetic_missing_scenarios/KB21/SYNTH_KB21_V4_5436_FWD/events_SYNTH_KB21_V4_5436_FWD.csv,combined_root_v2/_synthetic_missing_scenarios/KB21/SYNTH_KB21_V4_5436_FWD/samples_SYNTH_KB21_V4_5436_FWD.csv,combined_root_v2/_synthetic_missing_scenarios/KB21/SYNTH_KB21_V4_5436_FWD/summary_SYNTH_KB21_V4_5436_FWD.csv,True,VALID
SYNTH_KB21_V3_7039_FWD,KB21,V3,GPS_TO_VPS,SYNTHETIC_SUPPORT_MISSING_SCENARIO,combined_root_v2/_synthetic_missing_scenarios/KB21/SYNTH_KB21_V3_7039_FWD/events_SYNTH_KB21_V3_7039_FWD.csv,combined_root_v2/_synthetic_missing_scenarios/KB21/SYNTH_KB21_V3_7039_FWD/samples_SYNTH_KB21_V3_7039_FWD.csv,combined_root_v2/_synthetic_missing_scenarios/KB21/SYNTH_KB21_V3_7039_FWD/summary_SYNTH_KB21_V3_7039_FWD.csv,True,VALID
SYNTH_KB04_V5_4822_FWD,KB04,V5,GPS_TO_VPS,SYNTHETIC_SUPPORT_MISSING_SCENARIO,combined_root_v2/_synthetic_missing_scenarios/KB04/SYNTH_KB04_V5_4822_FWD/events_SYNTH_KB04_V5_4822_FWD.csv,combined_root_v2/_synthetic_missing_scenarios/KB04/SYNTH_KB04_V5_4822_FWD/samples_SYNTH_KB04_V5_4822_FWD.csv,combined_root_v2/_synthetic_missing_scenarios/KB04/SYNTH_KB04_V5_4822_FWD/summary_SYNTH_KB04_V5_4822_FWD.csv,True,VALID
SYNTH_KB04_V2_7770_FWD,KB04,V2,GPS_TO_VPS,SYNTHETIC_SUPPORT_MISSING_SCENARIO,combined_root_v2/_synthetic_missing_scenarios/KB04/SYNTH_KB04_V2_7770_FWD/events_SYNTH_KB04_V2_7770_FWD.csv,combined_root_v2/_synthetic_missing_scenarios/KB04/SYNTH_KB04_V2_7770_FWD/samples_SYNTH_KB04_V2_7770_FWD.csv,combined_root_v2/_synthetic_missing_scenarios/KB04/SYNTH_KB04_V2_7770_FWD/summary_SYNTH_KB04_V2_7770_FWD.csv,True,VALID
SYNTH_KB04_V1_8534_FWD,KB04,V1,GPS_TO_VPS,SYNTHETIC_SUPPORT_MISSING_SCENARIO,combined_root_v2/_synthetic_missing_scenarios/KB04/SYNTH_KB04_V1_8534_FWD/events_SYNTH_KB04_V1_8534_FWD.csv,combined_root_v2/_synthetic_missing_scenarios/KB04/SYNTH_KB04_V1_8534_FWD/samples_SYNTH_KB04_V1_8534_FWD.csv,combined_root_v2/_synthetic_missing_scenarios/KB04/SYNTH_KB04_V1_8534_FWD/summary_SYNTH_KB04_V1_8534_FWD.csv,True,VALID
SYNTH_KB04_V3_1702_FWD,KB04,V3,GPS_TO_VPS,SYNTHETIC_SUPPORT_MISSING_SCENARIO,combined_root_v2/_synthetic_missing_scenarios/KB04/SYNTH_KB04_V3_1702_FWD/events_SYNTH_KB04_V3_1702_FWD.csv,combined_root_v2/_synthetic_missing_scenarios/KB04/SYNTH_KB04_V3_1702_FWD/samples_SYNTH_KB04_V3_1702_FWD.csv,combined_root_v2/_synthetic_missing_scenarios/KB04/SYNTH_KB04_V3_1702_FWD/summary_SYNTH_KB04_V3_1702_FWD.csv,True,VALID
SYNTH_KB04_BT_3128_FWD,KB04,BT,GPS_TO_VPS,SYNTHETIC_SUPPORT_MISSING_SCENARIO,combined_root_v2/_synthetic_missing_scenarios/KB04/SYNTH_KB04_BT_3128_FWD/events_SYNTH_KB04_BT_3128_FWD.csv,combined_root_v2/_synthetic_missing_scenarios/KB04/SYNTH_KB04_BT_3128_FWD/samples_SYNTH_KB04_BT_3128_FWD.csv,combined_root_v2/_synthetic_missing_scenarios/KB04/SYNTH_KB04_BT_3128_FWD/summary_SYNTH_KB04_BT_3128_FWD.csv,True,VALID
SYNTH_KB04_BQ_1852_FWD,KB04,BQ,GPS_TO_VPS,SYNTHETIC_SUPPORT_MISSING_SCENARIO,combined_root_v2/_synthetic_missing_scenarios/KB04/SYNTH_KB04_BQ_1852_FWD/events_SYNTH_KB04_BQ_1852_FWD.csv,combined_root_v2/_synthetic_missing_scenarios/KB04/SYNTH_KB04_BQ_1852_FWD/samples_SYNTH_KB04_BQ_1852_FWD.csv,combined_root_v2/_synthetic_missing_scenarios/KB04/SYNTH_KB04_BQ_1852_FWD/summary_SYNTH_KB04_BQ_1852_FWD.csv,True,VALID
SYNTH_KB04_V4_8553_FWD,KB04,V4,GPS_TO_VPS,SYNTHETIC_SUPPORT_MISSING_SCENARIO,combined_root_v2/_synthetic_missing_scenarios/KB04/SYNTH_KB04_V4_8553_FWD/events_SYNTH_KB04_V4_8553_FWD.csv,combined_root_v2/_synthetic_missing_scenarios/KB04/SYNTH_KB04_V4_8553_FWD/samples_SYNTH_KB04_V4_8553_FWD.csv,combined_root_v2/_synthetic_missing_scenarios/KB04/SYNTH_KB04_V4_8553_FWD/summary_SYNTH_KB04_V4_8553_FWD.csv,True,VALID
20260906_075007_857_V3_GPS_TO_VPS_NORMAL_DEV_5C58,KB03,V3,GPS_TO_VPS,REAL,combined_root_v2/KB03/20260906_075007_857_V3_GPS_TO_VPS_NORMAL_DEV_5C58/events_20260906_075007_857_V3_GPS_TO_VPS_NORMAL_DEV_5C58.csv,combined_root_v2/KB03/20260906_075007_857_V3_GPS_TO_VPS_NORMAL_DEV_5C58/samples_20260906_075007_857_V3_GPS_TO_VPS_NORMAL_DEV_5C58.csv,combined_root_v2/KB03/20260906_075007_857_V3_GPS_TO_VPS_NORMAL_DEV_5C58/summary_20260906_075007_857_V3_GPS_TO_VPS_NORMAL_DEV_5C58.csv,True,VALID
20260906_075227_349_V4_GPS_TO_VPS_NORMAL_DEV_3415,KB03,V4,GPS_TO_VPS,REAL,combined_root_v2/KB03/20260906_075227_349_V4_GPS_TO_VPS_NORMAL_DEV_3415/events_20260906_075227_349_V4_GPS_TO_VPS_NORMAL_DEV_3415.csv,combined_root_v2/KB03/20260906_075227_349_V4_GPS_TO_VPS_NORMAL_DEV_3415/samples_20260906_075227_349_V4_GPS_TO_VPS_NORMAL_DEV_3415.csv,combined_root_v2/KB03/20260906_075227_349_V4_GPS_TO_VPS_NORMAL_DEV_3415/summary_20260906_075227_349_V4_GPS_TO_VPS_NORMAL_DEV_3415.csv,True,VALID
20260906_073558_794_V1_GPS_TO_VPS_NORMAL_DEV_7E24,KB03,V1,GPS_TO_VPS,REAL,combined_root_v2/KB03/20260906_073558_794_V1_GPS_TO_VPS_NORMAL_DEV_7E24/events_20260906_073558_794_V1_GPS_TO_VPS_NORMAL_DEV_7E24.csv,combined_root_v2/KB03/20260906_073558_794_V1_GPS_TO_VPS_NORMAL_DEV_7E24/samples_20260906_073558_794_V1_GPS_TO_VPS_NORMAL_DEV_7E24.csv,combined_root_v2/KB03/20260906_073558_794_V1_GPS_TO_VPS_NORMAL_DEV_7E24/summary_20260906_073558_794_V1_GPS_TO_VPS_NORMAL_DEV_7E24.csv,True,VALID
20260906_075908_669_BQ_GPS_TO_VPS_NORMAL_DEV_A18D,KB03,BQ,GPS_TO_VPS,REAL,combined_root_v2/KB03/20260906_075908_669_BQ_GPS_TO_VPS_NORMAL_DEV_A18D/events_20260906_075908_669_BQ_GPS_TO_VPS_NORMAL_DEV_A18D.csv,combined_root_v2/KB03/20260906_075908_669_BQ_GPS_TO_VPS_NORMAL_DEV_A18D/samples_20260906_075908_669_BQ_GPS_TO_VPS_NORMAL_DEV_A18D.csv,combined_root_v2/KB03/20260906_075908_669_BQ_GPS_TO_VPS_NORMAL_DEV_A18D/summary_20260906_075908_669_BQ_GPS_TO_VPS_NORMAL_DEV_A18D.csv,True,VALID
20260906_074640_905_V2_GPS_TO_VPS_NORMAL_DEV_1FA1,KB03,V2,GPS_TO_VPS,REAL,combined_root_v2/KB03/20260906_074640_905_V2_GPS_TO_VPS_NORMAL_DEV_1FA1/events_20260906_074640_905_V2_GPS_TO_VPS_NORMAL_DEV_1FA1.csv,combined_root_v2/KB03/20260906_074640_905_V2_GPS_TO_VPS_NORMAL_DEV_1FA1/samples_20260906_074640_905_V2_GPS_TO_VPS_NORMAL_DEV_1FA1.csv,combined_root_v2/KB03/20260906_074640_905_V2_GPS_TO_VPS_NORMAL_DEV_1FA1/summary_20260906_074640_905_V2_GPS_TO_VPS_NORMAL_DEV_1FA1.csv,True,VALID
20260906_075703_168_V5_GPS_TO_VPS_NORMAL_DEV_4680,KB03,V5,GPS_TO_VPS,REAL,combined_root_v2/KB03/20260906_075703_168_V5_GPS_TO_VPS_NORMAL_DEV_4680/events_20260906_075703_168_V5_GPS_TO_VPS_NORMAL_DEV_4680.csv,combined_root_v2/KB03/20260906_075703_168_V5_GPS_TO_VPS_NORMAL_DEV_4680/samples_20260906_075703_168_V5_GPS_TO_VPS_NORMAL_DEV_4680.csv,combined_root_v2/KB03/20260906_075703_168_V5_GPS_TO_VPS_NORMAL_DEV_4680/summary_20260906_075703_168_V5_GPS_TO_VPS_NORMAL_DEV_4680.csv,True,VALID
20260906_080152_673_BT_GPS_TO_VPS_NORMAL_DEV_4A91,KB03,BT,GPS_TO_VPS,REAL,combined_root_v2/KB03/20260906_080152_673_BT_GPS_TO_VPS_NORMAL_DEV_4A91/events_20260906_080152_673_BT_GPS_TO_VPS_NORMAL_DEV_4A91.csv,combined_root_v2/KB03/20260906_080152_673_BT_GPS_TO_VPS_NORMAL_DEV_4A91/samples_20260906_080152_673_BT_GPS_TO_VPS_NORMAL_DEV_4A91.csv,combined_root_v2/KB03/20260906_080152_673_BT_GPS_TO_VPS_NORMAL_DEV_4A91/summary_20260906_080152_673_BT_GPS_TO_VPS_NORMAL_DEV_4A91.csv,True,VALID
20260914_014111_146_V1_GPS_TO_VPS_NORMAL_DEV_CE16,KB19,V1,NONE,REAL,combined_root_v2/KB19/20260914_014111_146_V1_GPS_TO_VPS_NORMAL_DEV_CE16/events_20260914_014111_146_V1_GPS_TO_VPS_NORMAL_DEV_CE16.csv,combined_root_v2/KB19/20260914_014111_146_V1_GPS_TO_VPS_NORMAL_DEV_CE16/samples_20260914_014111_146_V1_GPS_TO_VPS_NORMAL_DEV_CE16.csv,combined_root_v2/KB19/20260914_014111_146_V1_GPS_TO_VPS_NORMAL_DEV_CE16/summary_20260914_014111_146_V1_GPS_TO_VPS_NORMAL_DEV_CE16.csv,True,VALID
20260914_013921_647_V4_GPS_TO_VPS_NORMAL_DEV_3512,KB19,V4,NONE,REAL,combined_root_v2/KB19/20260914_013921_647_V4_GPS_TO_VPS_NORMAL_DEV_3512/events_20260914_013921_647_V4_GPS_TO_VPS_NORMAL_DEV_3512.csv,combined_root_v2/KB19/20260914_013921_647_V4_GPS_TO_VPS_NORMAL_DEV_3512/samples_20260914_013921_647_V4_GPS_TO_VPS_NORMAL_DEV_3512.csv,combined_root_v2/KB19/20260914_013921_647_V4_GPS_TO_VPS_NORMAL_DEV_3512/summary_20260914_013921_647_V4_GPS_TO_VPS_NORMAL_DEV_3512.csv,True,VALID
20260914_014219_079_BT_GPS_TO_VPS_NORMAL_DEV_C3DE,KB19,BT,NONE,REAL,combined_root_v2/KB19/20260914_014219_079_BT_GPS_TO_VPS_NORMAL_DEV_C3DE/events_20260914_014219_079_BT_GPS_TO_VPS_NORMAL_DEV_C3DE.csv,combined_root_v2/KB19/20260914_014219_079_BT_GPS_TO_VPS_NORMAL_DEV_C3DE/samples_20260914_014219_079_BT_GPS_TO_VPS_NORMAL_DEV_C3DE.csv,combined_root_v2/KB19/20260914_014219_079_BT_GPS_TO_VPS_NORMAL_DEV_C3DE/summary_20260914_014219_079_BT_GPS_TO_VPS_NORMAL_DEV_C3DE.csv,True,VALID
20260914_013130_006_V1_GPS_TO_VPS_NORMAL_DEV_08DE,KB19,V1,NONE,REAL,combined_root_v2/KB19/20260914_013130_006_V1_GPS_TO_VPS_NORMAL_DEV_08DE/events_20260914_013130_006_V1_GPS_TO_VPS_NORMAL_DEV_08DE.csv,combined_root_v2/KB19/20260914_013130_006_V1_GPS_TO_VPS_NORMAL_DEV_08DE/samples_20260914_013130_006_V1_GPS_TO_VPS_NORMAL_DEV_08DE.csv,combined_root_v2/KB19/20260914_013130_006_V1_GPS_TO_VPS_NORMAL_DEV_08DE/summary_20260914_013130_006_V1_GPS_TO_VPS_NORMAL_DEV_08DE.csv,True,VALID
20260914_014011_795_V1_GPS_TO_VPS_NORMAL_DEV_2BC4,KB19,V1,NONE,REAL,combined_root_v2/KB19/20260914_014011_795_V1_GPS_TO_VPS_NORMAL_DEV_2BC4/events_20260914_014011_795_V1_GPS_TO_VPS_NORMAL_DEV_2BC4.csv,combined_root_v2/KB19/20260914_014011_795_V1_GPS_TO_VPS_NORMAL_DEV_2BC4/samples_20260914_014011_795_V1_GPS_TO_VPS_NORMAL_DEV_2BC4.csv,combined_root_v2/KB19/20260914_014011_795_V1_GPS_TO_VPS_NORMAL_DEV_2BC4/summary_20260914_014011_795_V1_GPS_TO_VPS_NORMAL_DEV_2BC4.csv,True,VALID
20260914_013648_026_V5_GPS_TO_VPS_NORMAL_DEV_E194,KB19,V5,NONE,REAL,combined_root_v2/KB19/20260914_013648_026_V5_GPS_TO_VPS_NORMAL_DEV_E194/events_20260914_013648_026_V5_GPS_TO_VPS_NORMAL_DEV_E194.csv,combined_root_v2/KB19/20260914_013648_026_V5_GPS_TO_VPS_NORMAL_DEV_E194/samples_20260914_013648_026_V5_GPS_TO_VPS_NORMAL_DEV_E194.csv,combined_root_v2/KB19/20260914_013648_026_V5_GPS_TO_VPS_NORMAL_DEV_E194/summary_20260914_013648_026_V5_GPS_TO_VPS_NORMAL_DEV_E194.csv,True,VALID
20260914_013811_332_V3_GPS_TO_VPS_NORMAL_DEV_C7E4,KB19,V3,NONE,REAL,combined_root_v2/KB19/20260914_013811_332_V3_GPS_TO_VPS_NORMAL_DEV_C7E4/events_20260914_013811_332_V3_GPS_TO_VPS_NORMAL_DEV_C7E4.csv,combined_root_v2/KB19/20260914_013811_332_V3_GPS_TO_VPS_NORMAL_DEV_C7E4/samples_20260914_013811_332_V3_GPS_TO_VPS_NORMAL_DEV_C7E4.csv,combined_root_v2/KB19/20260914_013811_332_V3_GPS_TO_VPS_NORMAL_DEV_C7E4/summary_20260914_013811_332_V3_GPS_TO_VPS_NORMAL_DEV_C7E4.csv,True,VALID
20260912_054551_539_V4_GPS_TO_VPS_NORMAL_DEV_5680,KB22,V4,GPS_TO_VPS,REAL,combined_root_v2/KB22/20260912_054551_539_V4_GPS_TO_VPS_NORMAL_DEV_5680/events_20260912_054551_539_V4_GPS_TO_VPS_NORMAL_DEV_5680.csv,combined_root_v2/KB22/20260912_054551_539_V4_GPS_TO_VPS_NORMAL_DEV_5680/samples_20260912_054551_539_V4_GPS_TO_VPS_NORMAL_DEV_5680.csv,combined_root_v2/KB22/20260912_054551_539_V4_GPS_TO_VPS_NORMAL_DEV_5680/summary_20260912_054551_539_V4_GPS_TO_VPS_NORMAL_DEV_5680.csv,True,VALID
20260912_062236_926_V1_GPS_TO_VPS_NORMAL_DEV_DA16,KB22,V1,GPS_TO_VPS,REAL,combined_root_v2/KB22/20260912_062236_926_V1_GPS_TO_VPS_NORMAL_DEV_DA16/events_20260912_062236_926_V1_GPS_TO_VPS_NORMAL_DEV_DA16.csv,combined_root_v2/KB22/20260912_062236_926_V1_GPS_TO_VPS_NORMAL_DEV_DA16/samples_20260912_062236_926_V1_GPS_TO_VPS_NORMAL_DEV_DA16.csv,combined_root_v2/KB22/20260912_062236_926_V1_GPS_TO_VPS_NORMAL_DEV_DA16/summary_20260912_062236_926_V1_GPS_TO_VPS_NORMAL_DEV_DA16.csv,True,VALID
20260912_060829_927_V2_GPS_TO_VPS_NORMAL_DEV_F796,KB22,V2,GPS_TO_VPS,REAL,combined_root_v2/KB22/20260912_060829_927_V2_GPS_TO_VPS_NORMAL_DEV_F796/events_20260912_060829_927_V2_GPS_TO_VPS_NORMAL_DEV_F796.csv,combined_root_v2/KB22/20260912_060829_927_V2_GPS_TO_VPS_NORMAL_DEV_F796/samples_20260912_060829_927_V2_GPS_TO_VPS_NORMAL_DEV_F796.csv,combined_root_v2/KB22/20260912_060829_927_V2_GPS_TO_VPS_NORMAL_DEV_F796/summary_20260912_060829_927_V2_GPS_TO_VPS_NORMAL_DEV_F796.csv,True,VALID
20260912_055419_224_V3_GPS_TO_VPS_NORMAL_DEV_F251,KB22,V3,GPS_TO_VPS,REAL,combined_root_v2/KB22/20260912_055419_224_V3_GPS_TO_VPS_NORMAL_DEV_F251/events_20260912_055419_224_V3_GPS_TO_VPS_NORMAL_DEV_F251.csv,combined_root_v2/KB22/20260912_055419_224_V3_GPS_TO_VPS_NORMAL_DEV_F251/samples_20260912_055419_224_V3_GPS_TO_VPS_NORMAL_DEV_F251.csv,combined_root_v2/KB22/20260912_055419_224_V3_GPS_TO_VPS_NORMAL_DEV_F251/summary_20260912_055419_224_V3_GPS_TO_VPS_NORMAL_DEV_F251.csv,True,VALID
20260912_063230_287_BT_GPS_TO_VPS_NORMAL_DEV_7870,KB22,BT,GPS_TO_VPS,REAL,combined_root_v2/KB22/20260912_063230_287_BT_GPS_TO_VPS_NORMAL_DEV_7870/events_20260912_063230_287_BT_GPS_TO_VPS_NORMAL_DEV_7870.csv,combined_root_v2/KB22/20260912_063230_287_BT_GPS_TO_VPS_NORMAL_DEV_7870/samples_20260912_063230_287_BT_GPS_TO_VPS_NORMAL_DEV_7870.csv,combined_root_v2/KB22/20260912_063230_287_BT_GPS_TO_VPS_NORMAL_DEV_7870/summary_20260912_063230_287_BT_GPS_TO_VPS_NORMAL_DEV_7870.csv,True,VALID
20260912_054937_286_V5_GPS_TO_VPS_NORMAL_DEV_890A,KB22,V5,GPS_TO_VPS,REAL,combined_root_v2/KB22/20260912_054937_286_V5_GPS_TO_VPS_NORMAL_DEV_890A/events_20260912_054937_286_V5_GPS_TO_VPS_NORMAL_DEV_890A.csv,combined_root_v2/KB22/20260912_054937_286_V5_GPS_TO_VPS_NORMAL_DEV_890A/samples_20260912_054937_286_V5_GPS_TO_VPS_NORMAL_DEV_890A.csv,combined_root_v2/KB22/20260912_054937_286_V5_GPS_TO_VPS_NORMAL_DEV_890A/summary_20260912_054937_286_V5_GPS_TO_VPS_NORMAL_DEV_890A.csv,True,VALID
20260912_074926_945_BQ_GPS_TO_VPS_NORMAL_DEV_F2F8,KB22,BQ,GPS_TO_VPS,REAL,combined_root_v2/KB22/20260912_074926_945_BQ_GPS_TO_VPS_NORMAL_DEV_F2F8/events_20260912_074926_945_BQ_GPS_TO_VPS_NORMAL_DEV_F2F8.csv,combined_root_v2/KB22/20260912_074926_945_BQ_GPS_TO_VPS_NORMAL_DEV_F2F8/samples_20260912_074926_945_BQ_GPS_TO_VPS_NORMAL_DEV_F2F8.csv,combined_root_v2/KB22/20260912_074926_945_BQ_GPS_TO_VPS_NORMAL_DEV_F2F8/summary_20260912_074926_945_BQ_GPS_TO_VPS_NORMAL_DEV_F2F8.csv,True,VALID
20260915_042149_473_V3_GPS_TO_VPS_NORMAL_DEV_DC42,KB25,V3,GPS_TO_VPS,REAL,combined_root_v2/KB25/20260915_042149_473_V3_GPS_TO_VPS_NORMAL_DEV_DC42/events_20260915_042149_473_V3_GPS_TO_VPS_NORMAL_DEV_DC42.csv,combined_root_v2/KB25/20260915_042149_473_V3_GPS_TO_VPS_NORMAL_DEV_DC42/samples_20260915_042149_473_V3_GPS_TO_VPS_NORMAL_DEV_DC42.csv,combined_root_v2/KB25/20260915_042149_473_V3_GPS_TO_VPS_NORMAL_DEV_DC42/summary_20260915_042149_473_V3_GPS_TO_VPS_NORMAL_DEV_DC42.csv,True,VALID
20260915_042934_425_V5_GPS_TO_VPS_NORMAL_DEV_5F97,KB25,V5,GPS_TO_VPS,REAL,combined_root_v2/KB25/20260915_042934_425_V5_GPS_TO_VPS_NORMAL_DEV_5F97/events_20260915_042934_425_V5_GPS_TO_VPS_NORMAL_DEV_5F97.csv,combined_root_v2/KB25/20260915_042934_425_V5_GPS_TO_VPS_NORMAL_DEV_5F97/samples_20260915_042934_425_V5_GPS_TO_VPS_NORMAL_DEV_5F97.csv,combined_root_v2/KB25/20260915_042934_425_V5_GPS_TO_VPS_NORMAL_DEV_5F97/summary_20260915_042934_425_V5_GPS_TO_VPS_NORMAL_DEV_5F97.csv,True,VALID
20260915_044338_595_BT_GPS_TO_VPS_NORMAL_DEV_FBA2,KB25,BT,GPS_TO_VPS,REAL,combined_root_v2/KB25/20260915_044338_595_BT_GPS_TO_VPS_NORMAL_DEV_FBA2/events_20260915_044338_595_BT_GPS_TO_VPS_NORMAL_DEV_FBA2.csv,combined_root_v2/KB25/20260915_044338_595_BT_GPS_TO_VPS_NORMAL_DEV_FBA2/samples_20260915_044338_595_BT_GPS_TO_VPS_NORMAL_DEV_FBA2.csv,combined_root_v2/KB25/20260915_044338_595_BT_GPS_TO_VPS_NORMAL_DEV_FBA2/summary_20260915_044338_595_BT_GPS_TO_VPS_NORMAL_DEV_FBA2.csv,True,VALID
20260915_041512_690_V1_GPS_TO_VPS_NORMAL_DEV_858E,KB25,V1,GPS_TO_VPS,REAL,combined_root_v2/KB25/20260915_041512_690_V1_GPS_TO_VPS_NORMAL_DEV_858E/events_20260915_041512_690_V1_GPS_TO_VPS_NORMAL_DEV_858E.csv,combined_root_v2/KB25/20260915_041512_690_V1_GPS_TO_VPS_NORMAL_DEV_858E/samples_20260915_041512_690_V1_GPS_TO_VPS_NORMAL_DEV_858E.csv,combined_root_v2/KB25/20260915_041512_690_V1_GPS_TO_VPS_NORMAL_DEV_858E/summary_20260915_041512_690_V1_GPS_TO_VPS_NORMAL_DEV_858E.csv,True,VALID
20260915_041925_984_V2_GPS_TO_VPS_NORMAL_DEV_3309,KB25,V2,GPS_TO_VPS,REAL,combined_root_v2/KB25/20260915_041925_984_V2_GPS_TO_VPS_NORMAL_DEV_3309/events_20260915_041925_984_V2_GPS_TO_VPS_NORMAL_DEV_3309.csv,combined_root_v2/KB25/20260915_041925_984_V2_GPS_TO_VPS_NORMAL_DEV_3309/samples_20260915_041925_984_V2_GPS_TO_VPS_NORMAL_DEV_3309.csv,combined_root_v2/KB25/20260915_041925_984_V2_GPS_TO_VPS_NORMAL_DEV_3309/summary_20260915_041925_984_V2_GPS_TO_VPS_NORMAL_DEV_3309.csv,True,VALID
20260915_042529_132_V4_GPS_TO_VPS_NORMAL_DEV_72A2,KB25,V4,GPS_TO_VPS,REAL,combined_root_v2/KB25/20260915_042529_132_V4_GPS_TO_VPS_NORMAL_DEV_72A2/events_20260915_042529_132_V4_GPS_TO_VPS_NORMAL_DEV_72A2.csv,combined_root_v2/KB25/20260915_042529_132_V4_GPS_TO_VPS_NORMAL_DEV_72A2/samples_20260915_042529_132_V4_GPS_TO_VPS_NORMAL_DEV_72A2.csv,combined_root_v2/KB25/20260915_042529_132_V4_GPS_TO_VPS_NORMAL_DEV_72A2/summary_20260915_042529_132_V4_GPS_TO_VPS_NORMAL_DEV_72A2.csv,True,VALID
20260915_043945_288_BQ_GPS_TO_VPS_NORMAL_DEV_3951,KB25,BQ,GPS_TO_VPS,REAL,combined_root_v2/KB25/20260915_043945_288_BQ_GPS_TO_VPS_NORMAL_DEV_3951/events_20260915_043945_288_BQ_GPS_TO_VPS_NORMAL_DEV_3951.csv,combined_root_v2/KB25/20260915_043945_288_BQ_GPS_TO_VPS_NORMAL_DEV_3951/samples_20260915_043945_288_BQ_GPS_TO_VPS_NORMAL_DEV_3951.csv,combined_root_v2/KB25/20260915_043945_288_BQ_GPS_TO_VPS_NORMAL_DEV_3951/summary_20260915_043945_288_BQ_GPS_TO_VPS_NORMAL_DEV_3951.csv,True,VALID
SYNTH_KB02_V3_9203_REV,KB02,V3,VPS_TO_GPS,SYNTHETIC_SUPPORT_REVERSE,combined_root_v2/_synthetic_reverse/KB02/SYNTH_KB02_V3_9203_REV/events_SYNTH_KB02_V3_9203_REV.csv,combined_root_v2/_synthetic_reverse/KB02/SYNTH_KB02_V3_9203_REV/samples_SYNTH_KB02_V3_9203_REV.csv,combined_root_v2/_synthetic_reverse/KB02/SYNTH_KB02_V3_9203_REV/summary_SYNTH_KB02_V3_9203_REV.csv,True,VALID
SYNTH_KB02_V1_3432_REV,KB02,V1,VPS_TO_GPS,SYNTHETIC_SUPPORT_REVERSE,combined_root_v2/_synthetic_reverse/KB02/SYNTH_KB02_V1_3432_REV/events_SYNTH_KB02_V1_3432_REV.csv,combined_root_v2/_synthetic_reverse/KB02/SYNTH_KB02_V1_3432_REV/samples_SYNTH_KB02_V1_3432_REV.csv,combined_root_v2/_synthetic_reverse/KB02/SYNTH_KB02_V1_3432_REV/summary_SYNTH_KB02_V1_3432_REV.csv,True,VALID
SYNTH_KB02_V5_1612_REV,KB02,V5,VPS_TO_GPS,SYNTHETIC_SUPPORT_REVERSE,combined_root_v2/_synthetic_reverse/KB02/SYNTH_KB02_V5_1612_REV/events_SYNTH_KB02_V5_1612_REV.csv,combined_root_v2/_synthetic_reverse/KB02/SYNTH_KB02_V5_1612_REV/samples_SYNTH_KB02_V5_1612_REV.csv,combined_root_v2/_synthetic_reverse/KB02/SYNTH_KB02_V5_1612_REV/summary_SYNTH_KB02_V5_1612_REV.csv,True,VALID
SYNTH_KB02_BQ_3348_REV,KB02,BQ,VPS_TO_GPS,SYNTHETIC_SUPPORT_REVERSE,combined_root_v2/_synthetic_reverse/KB02/SYNTH_KB02_BQ_3348_REV/events_SYNTH_KB02_BQ_3348_REV.csv,combined_root_v2/_synthetic_reverse/KB02/SYNTH_KB02_BQ_3348_REV/samples_SYNTH_KB02_BQ_3348_REV.csv,combined_root_v2/_synthetic_reverse/KB02/SYNTH_KB02_BQ_3348_REV/summary_SYNTH_KB02_BQ_3348_REV.csv,True,VALID
SYNTH_KB02_V4_6790_REV,KB02,V4,VPS_TO_GPS,SYNTHETIC_SUPPORT_REVERSE,combined_root_v2/_synthetic_reverse/KB02/SYNTH_KB02_V4_6790_REV/events_SYNTH_KB02_V4_6790_REV.csv,combined_root_v2/_synthetic_reverse/KB02/SYNTH_KB02_V4_6790_REV/samples_SYNTH_KB02_V4_6790_REV.csv,combined_root_v2/_synthetic_reverse/KB02/SYNTH_KB02_V4_6790_REV/summary_SYNTH_KB02_V4_6790_REV.csv,True,VALID
SYNTH_KB02_V2_3545_REV,KB02,V2,VPS_TO_GPS,SYNTHETIC_SUPPORT_REVERSE,combined_root_v2/_synthetic_reverse/KB02/SYNTH_KB02_V2_3545_REV/events_SYNTH_KB02_V2_3545_REV.csv,combined_root_v2/_synthetic_reverse/KB02/SYNTH_KB02_V2_3545_REV/samples_SYNTH_KB02_V2_3545_REV.csv,combined_root_v2/_synthetic_reverse/KB02/SYNTH_KB02_V2_3545_REV/summary_SYNTH_KB02_V2_3545_REV.csv,True,VALID
SYNTH_KB02_BT_4565_REV,KB02,BT,VPS_TO_GPS,SYNTHETIC_SUPPORT_REVERSE,combined_root_v2/_synthetic_reverse/KB02/SYNTH_KB02_BT_4565_REV/events_SYNTH_KB02_BT_4565_REV.csv,combined_root_v2/_synthetic_reverse/KB02/SYNTH_KB02_BT_4565_REV/samples_SYNTH_KB02_BT_4565_REV.csv,combined_root_v2/_synthetic_reverse/KB02/SYNTH_KB02_BT_4565_REV/summary_SYNTH_KB02_BT_4565_REV.csv,True,VALID
SYNTH_KB20_V4_7770_REV,KB20,V4,VPS_TO_GPS,SYNTHETIC_SUPPORT_REVERSE,combined_root_v2/_synthetic_reverse/KB20/SYNTH_KB20_V4_7770_REV/events_SYNTH_KB20_V4_7770_REV.csv,combined_root_v2/_synthetic_reverse/KB20/SYNTH_KB20_V4_7770_REV/samples_SYNTH_KB20_V4_7770_REV.csv,combined_root_v2/_synthetic_reverse/KB20/SYNTH_KB20_V4_7770_REV/summary_SYNTH_KB20_V4_7770_REV.csv,True,VALID
SYNTH_KB20_V1_8534_REV,KB20,V1,VPS_TO_GPS,SYNTHETIC_SUPPORT_REVERSE,combined_root_v2/_synthetic_reverse/KB20/SYNTH_KB20_V1_8534_REV/events_SYNTH_KB20_V1_8534_REV.csv,combined_root_v2/_synthetic_reverse/KB20/SYNTH_KB20_V1_8534_REV/samples_SYNTH_KB20_V1_8534_REV.csv,combined_root_v2/_synthetic_reverse/KB20/SYNTH_KB20_V1_8534_REV/summary_SYNTH_KB20_V1_8534_REV.csv,True,VALID
SYNTH_KB20_V2_7591_REV,KB20,V2,VPS_TO_GPS,SYNTHETIC_SUPPORT_REVERSE,combined_root_v2/_synthetic_reverse/KB20/SYNTH_KB20_V2_7591_REV/events_SYNTH_KB20_V2_7591_REV.csv,combined_root_v2/_synthetic_reverse/KB20/SYNTH_KB20_V2_7591_REV/samples_SYNTH_KB20_V2_7591_REV.csv,combined_root_v2/_synthetic_reverse/KB20/SYNTH_KB20_V2_7591_REV/summary_SYNTH_KB20_V2_7591_REV.csv,True,VALID
SYNTH_KB20_V5_4393_REV,KB20,V5,VPS_TO_GPS,SYNTHETIC_SUPPORT_REVERSE,combined_root_v2/_synthetic_reverse/KB20/SYNTH_KB20_V5_4393_REV/events_SYNTH_KB20_V5_4393_REV.csv,combined_root_v2/_synthetic_reverse/KB20/SYNTH_KB20_V5_4393_REV/samples_SYNTH_KB20_V5_4393_REV.csv,combined_root_v2/_synthetic_reverse/KB20/SYNTH_KB20_V5_4393_REV/summary_SYNTH_KB20_V5_4393_REV.csv,True,VALID
SYNTH_KB20_BT_1702_REV,KB20,BT,VPS_TO_GPS,SYNTHETIC_SUPPORT_REVERSE,combined_root_v2/_synthetic_reverse/KB20/SYNTH_KB20_BT_1702_REV/events_SYNTH_KB20_BT_1702_REV.csv,combined_root_v2/_synthetic_reverse/KB20/SYNTH_KB20_BT_1702_REV/samples_SYNTH_KB20_BT_1702_REV.csv,combined_root_v2/_synthetic_reverse/KB20/SYNTH_KB20_BT_1702_REV/summary_SYNTH_KB20_BT_1702_REV.csv,True,VALID
SYNTH_KB20_BQ_7947_REV,KB20,BQ,VPS_TO_GPS,SYNTHETIC_SUPPORT_REVERSE,combined_root_v2/_synthetic_reverse/KB20/SYNTH_KB20_BQ_7947_REV/events_SYNTH_KB20_BQ_7947_REV.csv,combined_root_v2/_synthetic_reverse/KB20/SYNTH_KB20_BQ_7947_REV/samples_SYNTH_KB20_BQ_7947_REV.csv,combined_root_v2/_synthetic_reverse/KB20/SYNTH_KB20_BQ_7947_REV/summary_SYNTH_KB20_BQ_7947_REV.csv,True,VALID
SYNTH_KB20_V3_9871_REV,KB20,V3,VPS_TO_GPS,SYNTHETIC_SUPPORT_REVERSE,combined_root_v2/_synthetic_reverse/KB20/SYNTH_KB20_V3_9871_REV/events_SYNTH_KB20_V3_9871_REV.csv,combined_root_v2/_synthetic_reverse/KB20/SYNTH_KB20_V3_9871_REV/samples_SYNTH_KB20_V3_9871_REV.csv,combined_root_v2/_synthetic_reverse/KB20/SYNTH_KB20_V3_9871_REV/summary_SYNTH_KB20_V3_9871_REV.csv,True,VALID
20260912_102314_139_V5_GPS_TO_VPS_NORMAL_DEV_D1F5,KB30,V5,GPS_TO_VPS,REAL,combined_root_v2/KB30/20260912_102314_139_V5_GPS_TO_VPS_NORMAL_DEV_D1F5/events_20260912_102314_139_V5_GPS_TO_VPS_NORMAL_DEV_D1F5.csv,combined_root_v2/KB30/20260912_102314_139_V5_GPS_TO_VPS_NORMAL_DEV_D1F5/samples_20260912_102314_139_V5_GPS_TO_VPS_NORMAL_DEV_D1F5.csv,combined_root_v2/KB30/20260912_102314_139_V5_GPS_TO_VPS_NORMAL_DEV_D1F5/summary_20260912_102314_139_V5_GPS_TO_VPS_NORMAL_DEV_D1F5.csv,True,VALID
20260912_101227_816_V2_GPS_TO_VPS_NORMAL_DEV_E9C2,KB30,V2,GPS_TO_VPS,REAL,combined_root_v2/KB30/20260912_101227_816_V2_GPS_TO_VPS_NORMAL_DEV_E9C2/events_20260912_101227_816_V2_GPS_TO_VPS_NORMAL_DEV_E9C2.csv,combined_root_v2/KB30/20260912_101227_816_V2_GPS_TO_VPS_NORMAL_DEV_E9C2/samples_20260912_101227_816_V2_GPS_TO_VPS_NORMAL_DEV_E9C2.csv,combined_root_v2/KB30/20260912_101227_816_V2_GPS_TO_VPS_NORMAL_DEV_E9C2/summary_20260912_101227_816_V2_GPS_TO_VPS_NORMAL_DEV_E9C2.csv,True,VALID
20260912_100806_809_V1_GPS_TO_VPS_NORMAL_DEV_ECFB,KB30,V1,GPS_TO_VPS,REAL,combined_root_v2/KB30/20260912_100806_809_V1_GPS_TO_VPS_NORMAL_DEV_ECFB/events_20260912_100806_809_V1_GPS_TO_VPS_NORMAL_DEV_ECFB.csv,combined_root_v2/KB30/20260912_100806_809_V1_GPS_TO_VPS_NORMAL_DEV_ECFB/samples_20260912_100806_809_V1_GPS_TO_VPS_NORMAL_DEV_ECFB.csv,combined_root_v2/KB30/20260912_100806_809_V1_GPS_TO_VPS_NORMAL_DEV_ECFB/summary_20260912_100806_809_V1_GPS_TO_VPS_NORMAL_DEV_ECFB.csv,True,VALID
20260912_101928_244_V4_GPS_TO_VPS_NORMAL_DEV_FB48,KB30,V4,GPS_TO_VPS,REAL,combined_root_v2/KB30/20260912_101928_244_V4_GPS_TO_VPS_NORMAL_DEV_FB48/events_20260912_101928_244_V4_GPS_TO_VPS_NORMAL_DEV_FB48.csv,combined_root_v2/KB30/20260912_101928_244_V4_GPS_TO_VPS_NORMAL_DEV_FB48/samples_20260912_101928_244_V4_GPS_TO_VPS_NORMAL_DEV_FB48.csv,combined_root_v2/KB30/20260912_101928_244_V4_GPS_TO_VPS_NORMAL_DEV_FB48/summary_20260912_101928_244_V4_GPS_TO_VPS_NORMAL_DEV_FB48.csv,True,VALID
20260912_101528_381_V3_GPS_TO_VPS_NORMAL_DEV_7F59,KB30,V3,GPS_TO_VPS,REAL,combined_root_v2/KB30/20260912_101528_381_V3_GPS_TO_VPS_NORMAL_DEV_7F59/events_20260912_101528_381_V3_GPS_TO_VPS_NORMAL_DEV_7F59.csv,combined_root_v2/KB30/20260912_101528_381_V3_GPS_TO_VPS_NORMAL_DEV_7F59/samples_20260912_101528_381_V3_GPS_TO_VPS_NORMAL_DEV_7F59.csv,combined_root_v2/KB30/20260912_101528_381_V3_GPS_TO_VPS_NORMAL_DEV_7F59/summary_20260912_101528_381_V3_GPS_TO_VPS_NORMAL_DEV_7F59.csv,True,VALID
20260912_102732_818_BQ_GPS_TO_VPS_NORMAL_DEV_78D0,KB30,BQ,GPS_TO_VPS,REAL,combined_root_v2/KB30/20260912_102732_818_BQ_GPS_TO_VPS_NORMAL_DEV_78D0/events_20260912_102732_818_BQ_GPS_TO_VPS_NORMAL_DEV_78D0.csv,combined_root_v2/KB30/20260912_102732_818_BQ_GPS_TO_VPS_NORMAL_DEV_78D0/samples_20260912_102732_818_BQ_GPS_TO_VPS_NORMAL_DEV_78D0.csv,combined_root_v2/KB30/20260912_102732_818_BQ_GPS_TO_VPS_NORMAL_DEV_78D0/summary_20260912_102732_818_BQ_GPS_TO_VPS_NORMAL_DEV_78D0.csv,True,VALID
20260912_103114_765_BT_GPS_TO_VPS_NORMAL_DEV_F9B7,KB30,BT,GPS_TO_VPS,REAL,combined_root_v2/KB30/20260912_103114_765_BT_GPS_TO_VPS_NORMAL_DEV_F9B7/events_20260912_103114_765_BT_GPS_TO_VPS_NORMAL_DEV_F9B7.csv,combined_root_v2/KB30/20260912_103114_765_BT_GPS_TO_VPS_NORMAL_DEV_F9B7/samples_20260912_103114_765_BT_GPS_TO_VPS_NORMAL_DEV_F9B7.csv,combined_root_v2/KB30/20260912_103114_765_BT_GPS_TO_VPS_NORMAL_DEV_F9B7/summary_20260912_103114_765_BT_GPS_TO_VPS_NORMAL_DEV_F9B7.csv,True,VALID
20260912_100055_923_V3_GPS_TO_VPS_NORMAL_DEV_5573,KB05,V3,GPS_TO_VPS,REAL,combined_root_v2/KB05/20260912_100055_923_V3_GPS_TO_VPS_NORMAL_DEV_5573/events_20260912_100055_923_V3_GPS_TO_VPS_NORMAL_DEV_5573.csv,combined_root_v2/KB05/20260912_100055_923_V3_GPS_TO_VPS_NORMAL_DEV_5573/samples_20260912_100055_923_V3_GPS_TO_VPS_NORMAL_DEV_5573.csv,combined_root_v2/KB05/20260912_100055_923_V3_GPS_TO_VPS_NORMAL_DEV_5573/summary_20260912_100055_923_V3_GPS_TO_VPS_NORMAL_DEV_5573.csv,True,VALID
20260912_095520_181_V5_GPS_TO_VPS_NORMAL_DEV_0C4B,KB05,V5,GPS_TO_VPS,REAL,combined_root_v2/KB05/20260912_095520_181_V5_GPS_TO_VPS_NORMAL_DEV_0C4B/events_20260912_095520_181_V5_GPS_TO_VPS_NORMAL_DEV_0C4B.csv,combined_root_v2/KB05/20260912_095520_181_V5_GPS_TO_VPS_NORMAL_DEV_0C4B/samples_20260912_095520_181_V5_GPS_TO_VPS_NORMAL_DEV_0C4B.csv,combined_root_v2/KB05/20260912_095520_181_V5_GPS_TO_VPS_NORMAL_DEV_0C4B/summary_20260912_095520_181_V5_GPS_TO_VPS_NORMAL_DEV_0C4B.csv,True,VALID
20260912_094231_050_V3_GPS_TO_VPS_NORMAL_DEV_15A4,KB05,V3,GPS_TO_VPS,REAL,combined_root_v2/KB05/20260912_094231_050_V3_GPS_TO_VPS_NORMAL_DEV_15A4/events_20260912_094231_050_V3_GPS_TO_VPS_NORMAL_DEV_15A4.csv,combined_root_v2/KB05/20260912_094231_050_V3_GPS_TO_VPS_NORMAL_DEV_15A4/samples_20260912_094231_050_V3_GPS_TO_VPS_NORMAL_DEV_15A4.csv,combined_root_v2/KB05/20260912_094231_050_V3_GPS_TO_VPS_NORMAL_DEV_15A4/summary_20260912_094231_050_V3_GPS_TO_VPS_NORMAL_DEV_15A4.csv,True,VALID
20260912_095057_405_BQ_GPS_TO_VPS_NORMAL_DEV_104B,KB05,BQ,GPS_TO_VPS,REAL,combined_root_v2/KB05/20260912_095057_405_BQ_GPS_TO_VPS_NORMAL_DEV_104B/events_20260912_095057_405_BQ_GPS_TO_VPS_NORMAL_DEV_104B.csv,combined_root_v2/KB05/20260912_095057_405_BQ_GPS_TO_VPS_NORMAL_DEV_104B/samples_20260912_095057_405_BQ_GPS_TO_VPS_NORMAL_DEV_104B.csv,combined_root_v2/KB05/20260912_095057_405_BQ_GPS_TO_VPS_NORMAL_DEV_104B/summary_20260912_095057_405_BQ_GPS_TO_VPS_NORMAL_DEV_104B.csv,True,VALID
20260912_095000_805_V2_GPS_TO_VPS_NORMAL_DEV_8903,KB05,V2,GPS_TO_VPS,REAL,combined_root_v2/KB05/20260912_095000_805_V2_GPS_TO_VPS_NORMAL_DEV_8903/events_20260912_095000_805_V2_GPS_TO_VPS_NORMAL_DEV_8903.csv,combined_root_v2/KB05/20260912_095000_805_V2_GPS_TO_VPS_NORMAL_DEV_8903/samples_20260912_095000_805_V2_GPS_TO_VPS_NORMAL_DEV_8903.csv,combined_root_v2/KB05/20260912_095000_805_V2_GPS_TO_VPS_NORMAL_DEV_8903/summary_20260912_095000_805_V2_GPS_TO_VPS_NORMAL_DEV_8903.csv,True,VALID
20260912_095408_236_BT_GPS_TO_VPS_NORMAL_DEV_FAAF,KB05,BT,GPS_TO_VPS,REAL,combined_root_v2/KB05/20260912_095408_236_BT_GPS_TO_VPS_NORMAL_DEV_FAAF/events_20260912_095408_236_BT_GPS_TO_VPS_NORMAL_DEV_FAAF.csv,combined_root_v2/KB05/20260912_095408_236_BT_GPS_TO_VPS_NORMAL_DEV_FAAF/samples_20260912_095408_236_BT_GPS_TO_VPS_NORMAL_DEV_FAAF.csv,combined_root_v2/KB05/20260912_095408_236_BT_GPS_TO_VPS_NORMAL_DEV_FAAF/summary_20260912_095408_236_BT_GPS_TO_VPS_NORMAL_DEV_FAAF.csv,True,VALID
20260912_095714_923_V4_GPS_TO_VPS_NORMAL_DEV_F016,KB05,V4,GPS_TO_VPS,REAL,combined_root_v2/KB05/20260912_095714_923_V4_GPS_TO_VPS_NORMAL_DEV_F016/events_20260912_095714_923_V4_GPS_TO_VPS_NORMAL_DEV_F016.csv,combined_root_v2/KB05/20260912_095714_923_V4_GPS_TO_VPS_NORMAL_DEV_F016/samples_20260912_095714_923_V4_GPS_TO_VPS_NORMAL_DEV_F016.csv,combined_root_v2/KB05/20260912_095714_923_V4_GPS_TO_VPS_NORMAL_DEV_F016/summary_20260912_095714_923_V4_GPS_TO_VPS_NORMAL_DEV_F016.csv,True,VALID
