session_id,validation_status,validation_notes,harmony_version,harmony_profile,direction,scenario_id,destination,duration_s,start_utc,end_utc,completed,end_reason,n_samples,n_events,quality_gate,temporal_dwell,map_id_check,recovery_fsm,adaptive_guidance,handover_success_reconstructed,handover_latency_s,handover_note,handover_success_summary,handover_success_mismatch,source_transitions_total,switch_count_Gps_to_Pdr,switch_count_Pdr_to_Gps,switch_count_Pdr_to_Vps,switch_count_Vps_to_Pdr,switch_count_Gps_to_Vps,switch_count_Vps_to_Gps,false_handover_count,evaluable_switches,false_handover_rate_percent,oscillation_episode_count,unnecessary_source_switches,source_toggle_count_summary,source_toggle_count_reconstructed,source_toggle_count_mismatch,vps_attempts_total,vps_attempts_success,vps_attempts_timeout,vps_attempts_unresolved,vps_localization_time_s_n,vps_localization_time_s_mean,vps_localization_time_s_median,vps_localization_time_s_sd,vps_localization_time_s_min,vps_localization_time_s_max,vps_localization_time_last_s,vps_localization_outcome_last,pdr_transition_duration_s,gps_reliability_at_acceptance,vps_reliability_at_acceptance,gps_stable_s_at_acceptance,vps_stable_s_at_acceptance,position_jump_m_reconstructed,heading_jump_deg_reconstructed,position_jump_note,position_jump_m_logger_column,position_jump_m_logger_note,gps_accuracy_m_n,gps_accuracy_m_mean,gps_accuracy_m_median,gps_accuracy_m_sd,gps_accuracy_m_min,gps_accuracy_m_max,gps_reliability_mean,gps_reliability_median,gps_age_s_mean,gps_age_s_max,pdr_steps_total,pdr_confidence_mean,pdr_confidence_median,vps_reliability_mean_when_valid,vps_confidence_available_rate_percent,vps_map_id_available_rate_percent,vps_map_match_rate_percent,handover_attempts_total_summary,handover_attempts_evaluable_summary,successful_handovers_summary,false_handovers_summary,hsr_percent_summary,fhr_percent_summary,handover_start_s,handover_end_s
20260912_080953_034_V3_GPS_TO_VPS_NORMAL_DEV_E70A,VALID,,V3,No Dwell Time,NONE,KB16,B9-104,92.184,2026-09-12T08:09:53.0346790Z,,1.0,destination_reached,88,222,1,0,1,1,0,,,NOT_EVALUABLE_FROM_CURRENT_LOG: non-handover scenario.,1.0,,4,2,1,1,0,0,0,2,4,50.0,1,4,4,4,False,1,1,0,0,1,1.705,1.705,0.0,1.705,1.705,1.705,success,51.604,,,,,,,NOT_EVALUABLE_FROM_CURRENT_LOG: no evaluable handover acceptance moment.,2.0244,Logger's own position_jump_m/heading_jump_deg column is treated as UNRELIABLE (observed constant 0 in sample data / internal settle-loop delta) and is NOT used as the primary result; see position_jump_m_reconstructed instead.,88,5.2251,5.222,0.1999,4.626,5.622,0.678,0.898,6.6556,31.825,15,0.8927,0.9,0.8847,35.23,35.23,35.23,1.0,1.0,1.0,2,100.0,50.0,,
20260912_084508_275_V5_GPS_TO_VPS_NORMAL_DEV_ECF7,VALID,,V5,Full HARMONY,NONE,KB16,B9-104,82.811,2026-09-12T08:45:08.2754170Z,,1.0,destination_reached,78,561,1,1,1,1,1,,,NOT_EVALUABLE_FROM_CURRENT_LOG: non-handover scenario.,1.0,,2,1,0,1,0,0,0,0,2,0.0,0,0,2,2,False,1,1,0,0,1,1.69,1.69,0.0,1.69,1.69,1.69,success,2.08,,,,,,,NOT_EVALUABLE_FROM_CURRENT_LOG: no evaluable handover acceptance moment.,1.3537,Logger's own position_jump_m/heading_jump_deg column is treated as UNRELIABLE (observed constant 0 in sample data / internal settle-loop delta) and is NOT used as the primary result; see position_jump_m_reconstructed instead.,78,5.3776,5.375,0.1867,4.868,5.811,0.299,0.113,25.5852,63.12,19,0.9,0.9,0.8848,33.33,33.33,33.33,1.0,1.0,1.0,0,100.0,0.0,,
20260913_081201_663_BQ_GPS_TO_VPS_NORMAL_DEV_3AEE,VALID,,BQ,Quality-Threshold Baseline,NONE,KB16,B9-104,86.842,2026-09-13T08:12:01.6638340Z,,1.0,destination_reached,80,512,1,0,0,0,0,,,NOT_EVALUABLE_FROM_CURRENT_LOG: non-handover scenario.,0.0,,1,1,0,0,0,0,0,0,1,0.0,0,0,1,1,False,1,0,1,0,0,,,,,,,timeout_fallback,13.921,,,,,,,NOT_EVALUABLE_FROM_CURRENT_LOG: no evaluable handover acceptance moment.,0.0,Logger's own position_jump_m/heading_jump_deg column is treated as UNRELIABLE (observed constant 0 in sample data / internal settle-loop delta) and is NOT used as the primary result; see position_jump_m_reconstructed instead.,80,5.1113,5.122,0.2057,4.644,5.694,0.3291,0.132,26.8278,65.584,15,0.885,0.9,,51.25,51.25,51.25,1.0,1.0,0.0,0,0.0,0.0,,
20260912_084254_771_V4_GPS_TO_VPS_NORMAL_DEV_163C,VALID,,V4,No Map-ID Check,NONE,KB16,B9-104,91.766,2026-09-12T08:42:54.7710850Z,,1.0,destination_reached,87,285,1,1,0,1,0,,,NOT_EVALUABLE_FROM_CURRENT_LOG: non-handover scenario.,1.0,,4,2,1,1,0,0,0,2,4,50.0,1,4,4,4,False,1,1,0,0,1,1.707,1.707,0.0,1.707,1.707,1.707,success,5.158,,,,,,,NOT_EVALUABLE_FROM_CURRENT_LOG: no evaluable handover acceptance moment.,1.6889,Logger's own position_jump_m/heading_jump_deg column is treated as UNRELIABLE (observed constant 0 in sample data / internal settle-loop delta) and is NOT used as the primary result; see position_jump_m_reconstructed instead.,87,5.1332,5.136,0.2055,4.584,5.611,0.6314,0.873,6.6755,29.848,36,0.9,0.9,0.8867,34.48,34.48,34.48,1.0,1.0,1.0,2,100.0,50.0,,
20260913_081407_019_BT_GPS_TO_VPS_NORMAL_DEV_0022,VALID,,BT,Quality + Dwell Baseline,NONE,KB16,B9-104,90.197,2026-09-13T08:14:07.0190350Z,,1.0,destination_reached,86,279,1,1,0,0,0,,,NOT_EVALUABLE_FROM_CURRENT_LOG: non-handover scenario.,1.0,,4,2,1,1,0,0,0,2,4,50.0,1,4,4,4,False,1,1,0,0,1,1.703,1.703,0.0,1.703,1.703,1.703,success,38.136,,,,,,,NOT_EVALUABLE_FROM_CURRENT_LOG: no evaluable handover acceptance moment.,2.1756,Logger's own position_jump_m/heading_jump_deg column is treated as UNRELIABLE (observed constant 0 in sample data / internal settle-loop delta) and is NOT used as the primary result; see position_jump_m_reconstructed instead.,86,5.205,5.2315,0.1956,4.525,5.669,0.7048,0.9135,4.724,24.607,20,0.8953,0.9,0.8759,34.88,34.88,34.88,1.0,1.0,1.0,2,100.0,50.0,,
20260912_080545_351_V2_GPS_TO_VPS_NORMAL_DEV_5138,VALID,,V2,Reliable Handover,NONE,KB16,B9-104,91.372,2026-09-12T08:05:45.3516670Z,,1.0,destination_reached,89,169,1,1,1,1,0,,,NOT_EVALUABLE_FROM_CURRENT_LOG: non-handover scenario.,1.0,,2,1,0,1,0,0,0,0,2,0.0,0,0,2,2,False,1,1,0,0,1,1.711,1.711,0.0,1.711,1.711,1.711,success,53.347,,,,,,,NOT_EVALUABLE_FROM_CURRENT_LOG: no evaluable handover acceptance moment.,1.2162,Logger's own position_jump_m/heading_jump_deg column is treated as UNRELIABLE (observed constant 0 in sample data / internal settle-loop delta) and is NOT used as the primary result; see position_jump_m_reconstructed instead.,89,5.1137,5.138,0.235,4.514,5.902,0.9089,0.963,1.427,8.061,9,0.9,0.9,0.886,49.44,49.44,49.44,1.0,1.0,1.0,0,100.0,0.0,,
20260912_080215_923_V1_GPS_TO_VPS_NORMAL_DEV_F4E4,VALID,,V1,Fixed Geometric,NONE,KB16,B9-104,114.193,2026-09-12T08:02:15.9237700Z,,1.0,destination_reached,107,307,0,0,0,0,0,,,NOT_EVALUABLE_FROM_CURRENT_LOG: non-handover scenario.,1.0,,6,3,2,1,0,0,0,4,6,66.67,1,6,6,6,False,1,1,0,0,1,1.672,1.672,0.0,1.672,1.672,1.672,success,10.304,,,,,,,NOT_EVALUABLE_FROM_CURRENT_LOG: no evaluable handover acceptance moment.,3.9515,Logger's own position_jump_m/heading_jump_deg column is treated as UNRELIABLE (observed constant 0 in sample data / internal settle-loop delta) and is NOT used as the primary result; see position_jump_m_reconstructed instead.,107,4.9634,4.96,0.1975,4.473,5.585,0.6312,0.881,6.683,33.024,37,0.9,0.9,0.8803,33.64,33.64,33.64,1.0,1.0,1.0,4,100.0,66.7,,
20260910_065110_366_V5_GPS_TO_VPS_NORMAL_DEV_2C61,VALID,,V5,Full HARMONY,NONE,KB14,B9-104,52.264,2026-09-10T06:51:10.3660700Z,,1.0,destination_reached,52,112,1,1,1,1,1,,,NOT_EVALUABLE_FROM_CURRENT_LOG: non-handover scenario.,1.0,,2,1,0,1,0,0,0,0,2,0.0,0,0,2,2,False,1,1,0,0,1,1.715,1.715,0.0,1.715,1.715,1.715,success,15.43,,,,,,,NOT_EVALUABLE_FROM_CURRENT_LOG: no evaluable handover acceptance moment.,1.2755,Logger's own position_jump_m/heading_jump_deg column is treated as UNRELIABLE (observed constant 0 in sample data / internal settle-loop delta) and is NOT used as the primary result; see position_jump_m_reconstructed instead.,52,5.3365,5.3385,0.1779,4.91,5.653,0.8364,0.9345,1.9844,9.298,7,0.9,0.9,0.8679,34.62,34.62,34.62,1.0,1.0,1.0,0,100.0,0.0,,
20260910_064543_930_BT_GPS_TO_VPS_NORMAL_DEV_9325,VALID,,BT,Quality + Dwell Baseline,NONE,KB14,B9-104,74.799,2026-09-10T06:45:43.9301650Z,2026-09-10T06:46:56.4621650Z,1.0,destination_reached,71,362,1,1,0,0,0,,,NOT_EVALUABLE_FROM_CURRENT_LOG: non-handover scenario.,1.0,,2,1,0,1,0,0,0,0,2,0.0,0,0,2,2,False,1,1,0,0,1,1.692,1.692,0.0,1.692,1.692,1.692,success,7.322,,,,,,,NOT_EVALUABLE_FROM_CURRENT_LOG: no evaluable handover acceptance moment.,2.2307,Logger's own position_jump_m/heading_jump_deg column is treated as UNRELIABLE (observed constant 0 in sample data / internal settle-loop delta) and is NOT used as the primary result; see position_jump_m_reconstructed instead.,71,5.0626,5.063,0.1982,4.555,5.511,0.3231,0.132,13.8681,39.51,12,0.8966,0.9,0.8772,33.8,33.8,33.8,1.0,1.0,1.0,0,100.0,0.0,,
20260910_064931_553_BQ_GPS_TO_VPS_NORMAL_DEV_532B,VALID,,BQ,Quality-Threshold Baseline,NONE,KB14,B9-EXIT,77.975,2026-09-10T06:49:31.5531500Z,,1.0,destination_reached,74,360,1,0,0,0,0,,,NOT_EVALUABLE_FROM_CURRENT_LOG: non-handover scenario.,1.0,,4,2,1,1,0,0,0,2,4,50.0,1,4,4,4,False,1,1,0,0,1,1.641,1.641,0.0,1.641,1.641,1.641,success,7.303,,,,,,,NOT_EVALUABLE_FROM_CURRENT_LOG: no evaluable handover acceptance moment.,2.9239,Logger's own position_jump_m/heading_jump_deg column is treated as UNRELIABLE (observed constant 0 in sample data / internal settle-loop delta) and is NOT used as the primary result; see position_jump_m_reconstructed instead.,74,4.9233,4.9435,0.196,4.492,5.351,0.4446,0.132,15.6874,47.308,33,0.8968,0.9,0.8831,35.14,35.14,35.14,1.0,1.0,1.0,2,100.0,50.0,,
20260910_065724_954_V3_GPS_TO_VPS_NORMAL_DEV_6AD5,VALID,,V3,No Dwell Time,NONE,KB14,B9-104,45.172,2026-09-10T06:57:24.9543130Z,,1.0,destination_reached,42,91,1,0,1,1,0,,,NOT_EVALUABLE_FROM_CURRENT_LOG: non-handover scenario.,1.0,,4,2,1,1,0,0,0,2,4,50.0,1,4,4,4,False,1,1,0,0,1,1.696,1.696,0.0,1.696,1.696,1.696,success,42.081,,,,,,,NOT_EVALUABLE_FROM_CURRENT_LOG: no evaluable handover acceptance moment.,1.9194,Logger's own position_jump_m/heading_jump_deg column is treated as UNRELIABLE (observed constant 0 in sample data / internal settle-loop delta) and is NOT used as the primary result; see position_jump_m_reconstructed instead.,42,4.8732,4.8695,0.1955,4.48,5.313,0.872,0.956,1.732,8.998,7,0.8981,0.9,0.8772,38.1,38.1,38.1,1.0,1.0,1.0,2,100.0,50.0,,
20260910_065220_824_V4_GPS_TO_VPS_NORMAL_DEV_C853,VALID,,V4,No Map-ID Check,NONE,KB14,B9-104,77.861,2026-09-10T06:52:20.8245140Z,,1.0,destination_reached,77,461,1,1,0,1,0,,,NOT_EVALUABLE_FROM_CURRENT_LOG: non-handover scenario.,1.0,,2,1,0,1,0,0,0,0,2,0.0,0,0,2,2,False,1,1,0,0,1,1.678,1.678,0.0,1.678,1.678,1.678,success,6.133,,,,,,,NOT_EVALUABLE_FROM_CURRENT_LOG: no evaluable handover acceptance moment.,1.6214,Logger's own position_jump_m/heading_jump_deg column is treated as UNRELIABLE (observed constant 0 in sample data / internal settle-loop delta) and is NOT used as the primary result; see position_jump_m_reconstructed instead.,77,5.2812,5.27,0.1865,4.664,5.691,0.3572,0.113,13.6361,42.798,26,0.8813,0.9,0.8879,32.47,32.47,32.47,1.0,1.0,1.0,0,100.0,0.0,,
20260910_070011_120_V1_GPS_TO_VPS_NORMAL_DEV_30D7,VALID,,V1,Fixed Geometric,NONE,KB14,B9-104,38.779,2026-09-10T07:00:11.1207610Z,,1.0,destination_reached,38,102,0,0,0,0,0,,,NOT_EVALUABLE_FROM_CURRENT_LOG: non-handover scenario.,0.0,,1,1,0,0,0,0,0,0,1,0.0,0,0,1,1,False,1,0,1,0,0,,,,,,,timeout_fallback,12.315,,,,,,,NOT_EVALUABLE_FROM_CURRENT_LOG: no evaluable handover acceptance moment.,0.0,Logger's own position_jump_m/heading_jump_deg column is treated as UNRELIABLE (observed constant 0 in sample data / internal settle-loop delta) and is NOT used as the primary result; see position_jump_m_reconstructed instead.,38,5.103,5.1315,0.1825,4.762,5.577,0.9059,0.956,1.3138,5.166,3,0.9,0.9,,47.37,47.37,47.37,1.0,1.0,0.0,0,0.0,0.0,,
20260910_065833_404_V2_GPS_TO_VPS_NORMAL_DEV_5D53,VALID,,V2,Reliable Handover,NONE,KB14,B9-106,73.778,2026-09-10T06:58:33.4040440Z,,1.0,destination_reached,70,114,1,1,1,1,0,,,NOT_EVALUABLE_FROM_CURRENT_LOG: non-handover scenario.,1.0,,2,1,0,1,0,0,0,0,2,0.0,0,0,2,2,False,1,1,0,0,1,1.711,1.711,0.0,1.711,1.711,1.711,success,37.802,,,,,,,NOT_EVALUABLE_FROM_CURRENT_LOG: no evaluable handover acceptance moment.,1.3322,Logger's own position_jump_m/heading_jump_deg column is treated as UNRELIABLE (observed constant 0 in sample data / internal settle-loop delta) and is NOT used as the primary result; see position_jump_m_reconstructed instead.,70,5.083,5.0955,0.2374,4.516,5.649,0.8447,0.9205,2.0221,10.015,25,0.8989,0.9,0.8791,32.86,32.86,32.86,1.0,1.0,1.0,0,100.0,0.0,,
20260915_042445_835_V5_GPS_TO_VPS_NORMAL_DEV_8795,VALID,,V5,Full HARMONY,NONE,KB17,B9-104,85.444,2026-09-15T04:24:45.8351180Z,,1.0,destination_reached,81,667,1,1,1,1,1,,,NOT_EVALUABLE_FROM_CURRENT_LOG: non-handover scenario.,1.0,,2,1,0,1,0,0,0,0,2,0.0,0,0,2,2,False,1,1,0,0,1,1.689,1.689,0.0,1.689,1.689,1.689,success,6.232,,,,,,,NOT_EVALUABLE_FROM_CURRENT_LOG: no evaluable handover acceptance moment.,1.2998,Logger's own position_jump_m/heading_jump_deg column is treated as UNRELIABLE (observed constant 0 in sample data / internal settle-loop delta) and is NOT used as the primary result; see position_jump_m_reconstructed instead.,81,4.9485,4.937,0.2044,4.585,5.435,0.7945,0.9,2.5186,12.815,7,0.8951,0.9,0.8885,33.33,33.33,33.33,1.0,1.0,1.0,0,100.0,0.0,,
20260915_042648_942_BT_GPS_TO_VPS_NORMAL_DEV_7706,VALID,,BT,Quality + Dwell Baseline,NONE,KB17,B9-104,58.058,2026-09-15T04:26:48.9423350Z,,1.0,destination_reached,54,883,1,1,0,0,0,,,NOT_EVALUABLE_FROM_CURRENT_LOG: non-handover scenario.,0.0,,1,1,0,0,0,0,0,0,1,0.0,0,0,1,1,False,1,0,1,0,0,,,,,,,timeout_fallback,,,,,,,,NOT_EVALUABLE_FROM_CURRENT_LOG: no evaluable handover acceptance moment.,0.0,Logger's own position_jump_m/heading_jump_deg column is treated as UNRELIABLE (observed constant 0 in sample data / internal settle-loop delta) and is NOT used as the primary result; see position_jump_m_reconstructed instead.,54,4.9848,4.9835,0.1935,4.497,5.343,0.8328,0.975,2.6195,13.678,0,,,,51.85,51.85,51.85,1.0,1.0,0.0,0,0.0,0.0,,
20260915_042206_567_BQ_GPS_TO_VPS_NORMAL_DEV_EBAA,VALID,,BQ,Quality-Threshold Baseline,NONE,KB17,B9-204,52.695,2026-09-15T04:22:06.5673020Z,,1.0,destination_reached,52,457,1,0,0,0,0,,,NOT_EVALUABLE_FROM_CURRENT_LOG: non-handover scenario.,1.0,,4,2,1,1,0,0,0,2,4,50.0,1,4,4,4,False,1,1,0,0,1,1.693,1.693,0.0,1.693,1.693,1.693,success,,,,,,,,NOT_EVALUABLE_FROM_CURRENT_LOG: no evaluable handover acceptance moment.,3.0232,Logger's own position_jump_m/heading_jump_deg column is treated as UNRELIABLE (observed constant 0 in sample data / internal settle-loop delta) and is NOT used as the primary result; see position_jump_m_reconstructed instead.,52,5.1185,5.1,0.2416,4.568,5.587,0.132,0.132,132.5963,158.83,20,0.9,0.9,0.8817,34.62,34.62,34.62,1.0,1.0,1.0,2,100.0,50.0,,
20260911_081410_344_V1_GPS_TO_VPS_NORMAL_DEV_2379,VALID,,V1,Fixed Geometric,NONE,KB17,B9-104,47.072,2026-09-11T08:14:10.3442860Z,,1.0,destination_reached,47,25,0,0,0,0,0,,,NOT_EVALUABLE_FROM_CURRENT_LOG: non-handover scenario.,1.0,,4,2,1,1,0,0,0,2,4,50.0,1,4,4,4,False,1,1,0,0,1,1.643,1.643,0.0,1.643,1.643,1.643,success,9.051,,,,,,,NOT_EVALUABLE_FROM_CURRENT_LOG: no evaluable handover acceptance moment.,3.518,Logger's own position_jump_m/heading_jump_deg column is treated as UNRELIABLE (observed constant 0 in sample data / internal settle-loop delta) and is NOT used as the primary result; see position_jump_m_reconstructed instead.,47,4.9378,4.967,0.1875,4.6,5.488,0.8807,0.899,1.2431,4.592,0,0.9,0.9,0.8857,68.09,68.09,68.09,1.0,1.0,1.0,2,100.0,50.0,,
20260911_105854_962_V4_GPS_TO_VPS_NORMAL_DEV_D4A8,VALID,,V4,No Map-ID Check,NONE,KB17,B9-104,57.345,2026-09-11T10:58:54.9629200Z,,1.0,destination_reached,55,227,1,1,0,1,0,,,NOT_EVALUABLE_FROM_CURRENT_LOG: non-handover scenario.,1.0,,6,3,2,1,0,0,0,4,6,66.67,1,6,6,6,False,1,1,0,0,1,1.673,1.673,0.0,1.673,1.673,1.673,success,1.179,,,,,,,NOT_EVALUABLE_FROM_CURRENT_LOG: no evaluable handover acceptance moment.,1.4776,Logger's own position_jump_m/heading_jump_deg column is treated as UNRELIABLE (observed constant 0 in sample data / internal settle-loop delta) and is NOT used as the primary result; see position_jump_m_reconstructed instead.,55,4.9489,4.934,0.1748,4.597,5.288,0.5237,0.681,6.2889,24.244,35,0.8898,0.9,0.8821,34.55,34.55,34.55,1.0,1.0,1.0,4,100.0,66.7,,
20260911_105639_912_V3_GPS_TO_VPS_NORMAL_DEV_BB31,VALID,,V3,No Dwell Time,NONE,KB17,B9-104,97.297,2026-09-11T10:56:39.9122680Z,,1.0,destination_reached,97,1063,1,0,1,1,0,,,NOT_EVALUABLE_FROM_CURRENT_LOG: non-handover scenario.,1.0,,4,2,1,1,0,0,0,2,4,50.0,1,4,4,4,False,1,1,0,0,1,1.695,1.695,0.0,1.695,1.695,1.695,success,17.251,,,,,,,NOT_EVALUABLE_FROM_CURRENT_LOG: no evaluable handover acceptance moment.,1.9668,Logger's own position_jump_m/heading_jump_deg column is treated as UNRELIABLE (observed constant 0 in sample data / internal settle-loop delta) and is NOT used as the primary result; see position_jump_m_reconstructed instead.,97,5.1519,5.135,0.191,4.712,5.596,0.859,0.952,1.669,9.517,16,0.9,0.9,0.8817,34.02,34.02,34.02,1.0,1.0,1.0,2,100.0,50.0,,
20260911_081832_961_V2_GPS_TO_VPS_NORMAL_DEV_B6BE,VALID,,V2,Reliable Handover,NONE,KB17,B9-104,70.535,2026-09-11T08:18:32.9617900Z,,1.0,destination_reached,68,508,1,1,1,1,0,,,NOT_EVALUABLE_FROM_CURRENT_LOG: non-handover scenario.,1.0,,2,1,0,1,0,0,0,0,2,0.0,0,0,2,2,False,1,1,0,0,1,1.69,1.69,0.0,1.69,1.69,1.69,success,,,,,,,,NOT_EVALUABLE_FROM_CURRENT_LOG: no evaluable handover acceptance moment.,1.255,Logger's own position_jump_m/heading_jump_deg column is treated as UNRELIABLE (observed constant 0 in sample data / internal settle-loop delta) and is NOT used as the primary result; see position_jump_m_reconstructed instead.,68,5.0487,5.049,0.1788,4.567,5.424,0.7499,0.9345,3.1734,15.437,0,,,0.879,35.29,35.29,35.29,1.0,1.0,1.0,0,100.0,0.0,,
20260912_102736_027_V4_GPS_TO_VPS_NORMAL_DEV_C329,VALID,,V4,No Map-ID Check,NONE,KB24,B9-105,258.317,2026-09-12T10:27:36.0279030Z,,1.0,destination_reached,249,4226,1,1,0,1,0,,,NOT_EVALUABLE_FROM_CURRENT_LOG: non-handover scenario.,1.0,,4,2,1,1,0,0,0,2,4,50.0,1,4,4,4,False,1,1,0,0,1,1.665,1.665,0.0,1.665,1.665,1.665,success,21.425,,,,,,,NOT_EVALUABLE_FROM_CURRENT_LOG: no evaluable handover acceptance moment.,1.7098,Logger's own position_jump_m/heading_jump_deg column is treated as UNRELIABLE (observed constant 0 in sample data / internal settle-loop delta) and is NOT used as the primary result; see position_jump_m_reconstructed instead.,249,5.1202,5.129,0.2124,4.595,5.781,0.4394,0.113,41.3519,142.308,16,0.9,0.9,0.881,34.94,34.94,34.94,1.0,1.0,1.0,2,100.0,50.0,,
20260912_102134_888_V3_GPS_TO_VPS_NORMAL_DEV_74A7,VALID,,V3,No Dwell Time,NONE,KB24,B9-EXIT,176.727,2026-09-12T10:21:34.8880390Z,,1.0,destination_reached,170,1268,1,0,1,1,0,,,NOT_EVALUABLE_FROM_CURRENT_LOG: non-handover scenario.,1.0,,6,3,2,1,0,0,0,4,6,66.67,1,6,6,6,False,1,1,0,0,1,1.716,1.716,0.0,1.716,1.716,1.716,success,16.47,,,,,,,NOT_EVALUABLE_FROM_CURRENT_LOG: no evaluable handover acceptance moment.,2.0592,Logger's own position_jump_m/heading_jump_deg column is treated as UNRELIABLE (observed constant 0 in sample data / internal settle-loop delta) and is NOT used as the primary result; see position_jump_m_reconstructed instead.,170,5.3099,5.307,0.1927,4.859,5.811,0.2294,0.132,50.8571,130.227,12,0.8958,0.9,0.8769,35.29,35.29,35.29,1.0,1.0,1.0,4,100.0,66.7,,
20260912_101355_285_V2_GPS_TO_VPS_NORMAL_DEV_280D,VALID,,V2,Reliable Handover,NONE,KB24,B9-201,314.629,2026-09-12T10:13:55.2850640Z,,1.0,destination_reached,305,1083,1,1,1,1,0,,,NOT_EVALUABLE_FROM_CURRENT_LOG: non-handover scenario.,1.0,,2,1,0,1,0,0,0,0,2,0.0,0,0,2,2,False,1,1,0,0,1,1.712,1.712,0.0,1.712,1.712,1.712,success,230.19,,,,,,,NOT_EVALUABLE_FROM_CURRENT_LOG: no evaluable handover acceptance moment.,1.2539,Logger's own position_jump_m/heading_jump_deg column is treated as UNRELIABLE (observed constant 0 in sample data / internal settle-loop delta) and is NOT used as the primary result; see position_jump_m_reconstructed instead.,305,5.2863,5.282,0.2012,4.725,5.827,0.7605,0.909,3.1499,24.773,6,0.9,0.9,0.8835,37.38,37.38,37.38,1.0,1.0,1.0,0,100.0,0.0,,
20260912_102449_585_V5_GPS_TO_VPS_NORMAL_DEV_9683,VALID,,V5,Full HARMONY,NONE,KB24,B9-203,156.566,2026-09-12T10:24:49.5852390Z,,1.0,destination_reached,152,1140,1,1,1,1,1,,,NOT_EVALUABLE_FROM_CURRENT_LOG: non-handover scenario.,1.0,,2,1,0,1,0,0,0,0,2,0.0,0,0,2,2,False,1,1,0,0,1,1.659,1.659,0.0,1.659,1.659,1.659,success,3.1,,,,,,,NOT_EVALUABLE_FROM_CURRENT_LOG: no evaluable handover acceptance moment.,1.2409,Logger's own position_jump_m/heading_jump_deg column is treated as UNRELIABLE (observed constant 0 in sample data / internal settle-loop delta) and is NOT used as the primary result; see position_jump_m_reconstructed instead.,152,5.2411,5.2455,0.1757,4.783,5.644,0.3601,0.113,43.0033,115.393,13,0.9,0.9,0.8829,33.55,33.55,33.55,1.0,1.0,1.0,0,100.0,0.0,,
20260912_103441_580_BQ_GPS_TO_VPS_NORMAL_DEV_1510,VALID,,BQ,Quality-Threshold Baseline,NONE,KB24,B9-101,71.21,2026-09-12T10:34:41.5802050Z,,1.0,destination_reached,65,202,1,0,0,0,0,,,NOT_EVALUABLE_FROM_CURRENT_LOG: non-handover scenario.,1.0,,4,2,1,1,0,0,0,2,4,50.0,1,4,4,4,False,1,1,0,0,1,1.706,1.706,0.0,1.706,1.706,1.706,success,5.129,,,,,,,NOT_EVALUABLE_FROM_CURRENT_LOG: no evaluable handover acceptance moment.,2.9338,Logger's own position_jump_m/heading_jump_deg column is treated as UNRELIABLE (observed constant 0 in sample data / internal settle-loop delta) and is NOT used as the primary result; see position_jump_m_reconstructed instead.,65,5.1643,5.155,0.1769,4.751,5.686,0.4203,0.132,8.9814,25.213,3,0.9,0.9,0.8869,35.38,35.38,35.38,1.0,1.0,1.0,2,100.0,50.0,,
20260912_102831_991_BT_GPS_TO_VPS_NORMAL_DEV_AB40,VALID,,BT,Quality + Dwell Baseline,NONE,KB24,B9-EXIT,84.291,2026-09-12T10:28:31.9916200Z,,1.0,destination_reached,80,383,1,1,0,0,0,,,NOT_EVALUABLE_FROM_CURRENT_LOG: non-handover scenario.,1.0,,2,1,0,1,0,0,0,0,2,0.0,0,0,2,2,False,1,1,0,0,1,1.667,1.667,0.0,1.667,1.667,1.667,success,13.37,,,,,,,NOT_EVALUABLE_FROM_CURRENT_LOG: no evaluable handover acceptance moment.,2.2591,Logger's own position_jump_m/heading_jump_deg column is treated as UNRELIABLE (observed constant 0 in sample data / internal settle-loop delta) and is NOT used as the primary result; see position_jump_m_reconstructed instead.,80,5.0262,5.0465,0.2391,4.2,5.703,0.3984,0.132,12.6528,41.494,8,0.899,0.9,0.8683,33.75,33.75,33.75,1.0,1.0,1.0,0,100.0,0.0,,
20260912_101203_701_V1_GPS_TO_VPS_NORMAL_DEV_0951,VALID,,V1,Fixed Geometric,NONE,KB24,B9-101,312.148,2026-09-12T10:12:03.7013720Z,,1.0,destination_reached,301,284,0,0,0,0,0,,,NOT_EVALUABLE_FROM_CURRENT_LOG: non-handover scenario.,1.0,,6,3,2,1,0,0,0,4,6,66.67,1,6,6,6,False,1,1,0,0,1,1.705,1.705,0.0,1.705,1.705,1.705,success,210.809,,,,,,,NOT_EVALUABLE_FROM_CURRENT_LOG: no evaluable handover acceptance moment.,3.735,Logger's own position_jump_m/heading_jump_deg column is treated as UNRELIABLE (observed constant 0 in sample data / internal settle-loop delta) and is NOT used as the primary result; see position_jump_m_reconstructed instead.,301,4.912,4.907,0.1995,4.2,5.564,0.6893,0.864,3.5545,21.647,29,0.8997,0.9,0.8799,35.22,35.22,35.22,1.0,1.0,1.0,4,100.0,66.7,,
20260911_051425_657_V1_GPS_TO_VPS_NORMAL_DEV_F38F,VALID,,V1,Fixed Geometric,NONE,KB10,B10,61.827,2026-09-11T05:14:25.6571010Z,2026-09-11T05:15:23.3091320Z,1.0,destination_reached,56,346,0,0,0,0,0,,,NOT_EVALUABLE_FROM_CURRENT_LOG: non-handover scenario.,0.0,,1,1,0,0,0,0,0,0,1,0.0,0,0,1,1,False,1,0,1,0,0,,,,,,,timeout_fallback,,,,,,,,NOT_EVALUABLE_FROM_CURRENT_LOG: no evaluable handover acceptance moment.,0.0,Logger's own position_jump_m/heading_jump_deg column is treated as UNRELIABLE (observed constant 0 in sample data / internal settle-loop delta) and is NOT used as the primary result; see position_jump_m_reconstructed instead.,56,5.3359,5.3605,0.185,4.743,5.711,0.9459,1.0,0.5995,4.255,0,,,,51.79,51.79,51.79,1.0,1.0,0.0,0,0.0,0.0,,
20260911_053142_080_V3_GPS_TO_VPS_NORMAL_DEV_BCED,VALID,,V3,No Dwell Time,NONE,KB10,B10,72.116,2026-09-11T05:31:42.0800250Z,2026-09-11T05:32:54.1961750Z,1.0,destination_reached,65,500,1,0,1,1,0,,,NOT_EVALUABLE_FROM_CURRENT_LOG: non-handover scenario.,0.0,,3,2,1,0,0,0,0,2,3,66.67,1,3,3,3,False,1,0,1,0,0,,,,,,,timeout_fallback,,,,,,,,NOT_EVALUABLE_FROM_CURRENT_LOG: no evaluable handover acceptance moment.,0.0,Logger's own position_jump_m/heading_jump_deg column is treated as UNRELIABLE (observed constant 0 in sample data / internal settle-loop delta) and is NOT used as the primary result; see position_jump_m_reconstructed instead.,65,4.9843,4.964,0.1912,4.537,5.6,0.9644,0.994,0.6278,4.978,0,,,,50.77,50.77,50.77,1.0,1.0,0.0,2,0.0,66.7,,
20260911_052009_268_V2_GPS_TO_VPS_NORMAL_DEV_6D88,VALID,,V2,Reliable Handover,NONE,KB10,B9-104,15.573,2026-09-11T05:20:09.2684210Z,2026-09-11T05:20:22.6579830Z,1.0,destination_reached,13,544,1,1,1,1,0,,,NOT_EVALUABLE_FROM_CURRENT_LOG: non-handover scenario.,1.0,,4,2,1,1,0,0,0,2,4,50.0,1,4,4,4,False,1,1,0,0,1,1.69,1.69,0.0,1.69,1.69,1.69,success,,,,,,,,NOT_EVALUABLE_FROM_CURRENT_LOG: no evaluable handover acceptance moment.,1.2409,Logger's own position_jump_m/heading_jump_deg column is treated as UNRELIABLE (observed constant 0 in sample data / internal settle-loop delta) and is NOT used as the primary result; see position_jump_m_reconstructed instead.,13,4.8266,4.883,0.214,4.253,5.061,0.8921,0.962,1.5343,4.469,0,,,0.8805,23.08,23.08,23.08,1.0,1.0,1.0,2,100.0,50.0,,
20260912_103747_212_V4_GPS_TO_VPS_NORMAL_DEV_16E6,VALID,,V4,No Map-ID Check,NONE,KB10,B9-104,47.741,2026-09-12T10:37:47.2128370Z,2026-09-12T10:38:34.9567610Z,1.0,destination_reached,48,202,1,1,0,1,0,,,NOT_EVALUABLE_FROM_CURRENT_LOG: non-handover scenario.,1.0,,4,2,1,1,0,0,0,2,4,50.0,1,4,4,4,False,1,1,0,0,1,1.666,1.666,0.0,1.666,1.666,1.666,success,19.227,,,,,,,NOT_EVALUABLE_FROM_CURRENT_LOG: no evaluable handover acceptance moment.,1.7956,Logger's own position_jump_m/heading_jump_deg column is treated as UNRELIABLE (observed constant 0 in sample data / internal settle-loop delta) and is NOT used as the primary result; see position_jump_m_reconstructed instead.,48,5.2951,5.287,0.237,4.648,5.758,0.7913,0.923,1.4523,7.682,1,0.9,0.9,0.8567,31.25,31.25,31.25,1.0,1.0,1.0,2,100.0,50.0,,
20260912_104913_515_V5_GPS_TO_VPS_NORMAL_DEV_AAA1,VALID,,V5,Full HARMONY,NONE,KB10,B9-104,20.072,2026-09-12T10:49:13.5159190Z,2026-09-12T10:49:31.3863460Z,1.0,destination_reached,17,329,1,1,1,1,1,,,NOT_EVALUABLE_FROM_CURRENT_LOG: non-handover scenario.,1.0,,4,2,1,1,0,0,0,2,4,50.0,1,4,4,4,False,1,1,0,0,1,1.705,1.705,0.0,1.705,1.705,1.705,success,,,,,,,,NOT_EVALUABLE_FROM_CURRENT_LOG: no evaluable handover acceptance moment.,1.2288,Logger's own position_jump_m/heading_jump_deg column is treated as UNRELIABLE (observed constant 0 in sample data / internal settle-loop delta) and is NOT used as the primary result; see position_jump_m_reconstructed instead.,17,5.0458,5.112,0.1832,4.696,5.269,0.4629,0.511,4.2726,10.065,0,,,0.8791,17.65,17.65,17.65,1.0,1.0,1.0,2,100.0,50.0,,
20260917_082329_745_V1_GPS_TO_VPS_NORMAL_DEV_A000,VALID,,V1,Fixed Geometric,VPS_TO_GPS,KB02,B9-EXIT,119.293,2026-09-17T08:23:29.7457590Z,,1.0,destination_reached,118,1141,0,0,0,0,0,,,No reliability_state->OutdoorGps event found.,1.0,,4,2,1,1,0,0,0,2,4,50.0,1,4,4,4,False,1,1,0,0,1,1.711,1.711,0.0,1.711,1.711,1.711,success,2.007,,,,,,,NOT_EVALUABLE_FROM_CURRENT_LOG: no evaluable handover acceptance moment.,3.8536,Logger's own position_jump_m/heading_jump_deg column is treated as UNRELIABLE (observed constant 0 in sample data / internal settle-loop delta) and is NOT used as the primary result; see position_jump_m_reconstructed instead.,118,5.2969,5.277,0.2125,4.55,5.733,0.4039,0.132,23.8009,74.244,26,0.9,0.9,0.8818,34.75,34.75,34.75,1.0,1.0,1.0,2,100.0,50.0,,
20260917_084301_102_V5_GPS_TO_VPS_NORMAL_DEV_416E,VALID,,V5,Full HARMONY,VPS_TO_GPS,KB02,B9-101,126.979,2026-09-17T08:43:01.1028770Z,,1.0,destination_reached,123,338,1,1,1,1,1,,,No reliability_state->OutdoorGps event found.,1.0,,2,1,0,1,0,0,0,0,2,0.0,0,0,2,2,False,1,1,0,0,1,1.717,1.717,0.0,1.717,1.717,1.717,success,1.022,,,,,,,NOT_EVALUABLE_FROM_CURRENT_LOG: no evaluable handover acceptance moment.,1.2625,Logger's own position_jump_m/heading_jump_deg column is treated as UNRELIABLE (observed constant 0 in sample data / internal settle-loop delta) and is NOT used as the primary result; see position_jump_m_reconstructed instead.,123,5.0819,5.086,0.1982,4.607,5.568,0.9207,0.941,1.0585,6.267,1,0.9,0.9,0.8813,42.28,42.28,42.28,1.0,1.0,1.0,0,100.0,0.0,,
20260917_083639_189_V3_GPS_TO_VPS_NORMAL_DEV_DD2D,VALID,,V3,No Dwell Time,VPS_TO_GPS,KB02,B9-104,65.245,2026-09-17T08:36:39.1894110Z,,1.0,destination_reached,62,121,1,0,1,1,0,,,No reliability_state->OutdoorGps event found.,0.0,,1,1,0,0,0,0,0,0,1,0.0,0,0,1,1,False,1,0,1,0,0,,,,,,,timeout_fallback,3.067,,,,,,,NOT_EVALUABLE_FROM_CURRENT_LOG: no evaluable handover acceptance moment.,0.0,Logger's own position_jump_m/heading_jump_deg column is treated as UNRELIABLE (observed constant 0 in sample data / internal settle-loop delta) and is NOT used as the primary result; see position_jump_m_reconstructed instead.,62,5.0414,5.028,0.214,4.486,5.622,0.894,0.975,1.4616,9.822,7,0.9,0.9,,53.23,53.23,53.23,1.0,1.0,0.0,0,0.0,0.0,,
20260917_082934_913_V2_GPS_TO_VPS_NORMAL_DEV_A61C,VALID,,V2,Reliable Handover,VPS_TO_GPS,KB02,B9-102,224.246,2026-09-17T08:29:34.9131590Z,,1.0,destination_reached,218,492,1,1,1,1,0,,,Left indoor volume but no source_switched->Gps event found before trial log ends.,1.0,,2,1,0,1,0,0,0,0,2,0.0,0,0,2,2,False,1,1,0,0,1,1.676,1.676,0.0,1.676,1.676,1.676,success,13.289,,,,,,,NOT_EVALUABLE_FROM_CURRENT_LOG: no evaluable handover acceptance moment.,1.2079,Logger's own position_jump_m/heading_jump_deg column is treated as UNRELIABLE (observed constant 0 in sample data / internal settle-loop delta) and is NOT used as the primary result; see position_jump_m_reconstructed instead.,218,5.2614,5.2525,0.2011,4.774,5.931,0.8343,0.933,2.1031,18.556,0,0.9,0.9,0.8858,49.54,49.54,49.54,1.0,1.0,1.0,0,100.0,0.0,173.046,
20260917_085315_835_BQ_GPS_TO_VPS_NORMAL_DEV_428F,VALID,,BQ,Quality-Threshold Baseline,VPS_TO_GPS,KB02,B9-104,270.726,2026-09-17T08:53:15.8356870Z,,1.0,destination_reached,263,1617,1,0,0,0,0,,,Left indoor volume but no source_switched->Gps event found before trial log ends.,1.0,,6,3,2,1,0,0,0,4,6,66.67,1,6,6,6,False,1,1,0,0,1,1.697,1.697,0.0,1.697,1.697,1.697,success,2.034,,,,,,,NOT_EVALUABLE_FROM_CURRENT_LOG: no evaluable handover acceptance moment.,2.841,Logger's own position_jump_m/heading_jump_deg column is treated as UNRELIABLE (observed constant 0 in sample data / internal settle-loop delta) and is NOT used as the primary result; see position_jump_m_reconstructed instead.,263,5.0764,5.072,0.2034,4.435,5.61,0.5107,0.132,39.4109,144.356,7,0.9,0.9,0.8771,35.74,35.74,35.74,1.0,1.0,1.0,4,100.0,66.7,206.148,
20260917_083855_966_V4_GPS_TO_VPS_NORMAL_DEV_4AA1,VALID,,V4,No Map-ID Check,VPS_TO_GPS,KB02,B9-106,212.679,2026-09-17T08:38:55.9669610Z,,1.0,destination_reached,209,459,1,1,0,1,0,,,Left indoor volume but no source_switched->Gps event found before trial log ends.,1.0,,2,1,0,1,0,0,0,0,2,0.0,0,0,2,2,False,1,1,0,0,1,1.706,1.706,0.0,1.706,1.706,1.706,success,8.177,,,,,,,NOT_EVALUABLE_FROM_CURRENT_LOG: no evaluable handover acceptance moment.,1.6887,Logger's own position_jump_m/heading_jump_deg column is treated as UNRELIABLE (observed constant 0 in sample data / internal settle-loop delta) and is NOT used as the primary result; see position_jump_m_reconstructed instead.,209,5.1351,5.125,0.2092,4.583,5.705,0.8267,0.941,3.1212,30.689,3,0.9,0.9,0.8809,57.89,57.89,57.89,1.0,1.0,1.0,0,100.0,0.0,133.701,
20260917_090606_561_BT_GPS_TO_VPS_NORMAL_DEV_6228,VALID,,BT,Quality + Dwell Baseline,VPS_TO_GPS,KB02,B9-104,470.074,2026-09-17T09:06:06.5611860Z,,1.0,destination_reached,458,1562,1,1,0,0,0,,,Left indoor volume but no source_switched->Gps event found before trial log ends.,1.0,,2,1,0,1,0,0,0,0,2,0.0,0,0,2,2,False,1,1,0,0,1,1.687,1.687,0.0,1.687,1.687,1.687,success,17.378,,,,,,,NOT_EVALUABLE_FROM_CURRENT_LOG: no evaluable handover acceptance moment.,2.1538,Logger's own position_jump_m/heading_jump_deg column is treated as UNRELIABLE (observed constant 0 in sample data / internal settle-loop delta) and is NOT used as the primary result; see position_jump_m_reconstructed instead.,458,5.0518,5.06,0.1987,4.504,5.565,0.7143,0.886,3.8978,28.756,0,0.9,0.9,0.8778,34.93,34.93,34.93,1.0,1.0,1.0,0,100.0,0.0,187.119,
20260915_085148_743_V2_GPS_TO_VPS_NORMAL_DEV_7313,VALID,,V2,Reliable Handover,NONE,KB11,B9-104,116.799,2026-09-15T08:51:48.7437180Z,,1.0,destination_reached,114,162,1,1,1,1,0,,,NOT_EVALUABLE_FROM_CURRENT_LOG: non-handover scenario.,1.0,,4,2,1,1,0,0,0,2,4,50.0,1,4,4,4,False,1,1,0,0,1,1.711,1.711,0.0,1.711,1.711,1.711,success,21.02,,,,,,,NOT_EVALUABLE_FROM_CURRENT_LOG: no evaluable handover acceptance moment.,1.249,Logger's own position_jump_m/heading_jump_deg column is treated as UNRELIABLE (observed constant 0 in sample data / internal settle-loop delta) and is NOT used as the primary result; see position_jump_m_reconstructed instead.,114,5.1936,5.1915,0.2002,4.74,5.714,0.4979,0.15,11.2279,46.463,32,0.9,0.9,0.8773,34.21,34.21,34.21,1.0,1.0,1.0,2,100.0,50.0,,
20260915_090604_072_BQ_GPS_TO_VPS_NORMAL_DEV_4784,VALID,,BQ,Quality-Threshold Baseline,NONE,KB11,B9-104,142.804,2026-09-15T09:06:04.0727750Z,,1.0,destination_reached,141,155,1,0,0,0,0,,,NOT_EVALUABLE_FROM_CURRENT_LOG: non-handover scenario.,1.0,,4,2,1,1,0,0,0,2,4,50.0,1,4,4,4,False,1,1,0,0,1,1.653,1.653,0.0,1.653,1.653,1.653,success,11.01,,,,,,,NOT_EVALUABLE_FROM_CURRENT_LOG: no evaluable handover acceptance moment.,3.0505,Logger's own position_jump_m/heading_jump_deg column is treated as UNRELIABLE (observed constant 0 in sample data / internal settle-loop delta) and is NOT used as the primary result; see position_jump_m_reconstructed instead.,141,5.148,5.135,0.1826,4.729,5.695,0.4772,0.176,12.4681,46.578,12,0.9,0.9,0.8783,41.84,41.84,41.84,1.0,1.0,1.0,2,100.0,50.0,,
20260915_090305_638_V5_GPS_TO_VPS_NORMAL_DEV_F25A,VALID,,V5,Full HARMONY,NONE,KB11,B9-104,132.564,2026-09-15T09:03:05.6384980Z,,1.0,destination_reached,123,262,1,1,1,1,1,,,NOT_EVALUABLE_FROM_CURRENT_LOG: non-handover scenario.,1.0,,2,1,0,1,0,0,0,0,2,0.0,0,0,2,2,False,1,1,0,0,1,1.705,1.705,0.0,1.705,1.705,1.705,success,16.016,,,,,,,NOT_EVALUABLE_FROM_CURRENT_LOG: no evaluable handover acceptance moment.,1.2026,Logger's own position_jump_m/heading_jump_deg column is treated as UNRELIABLE (observed constant 0 in sample data / internal settle-loop delta) and is NOT used as the primary result; see position_jump_m_reconstructed instead.,123,4.7816,4.787,0.1949,4.263,5.263,0.5352,0.764,10.2546,47.399,20,0.9,0.9,0.8848,36.59,36.59,36.59,1.0,1.0,1.0,0,100.0,0.0,,
20260915_085533_277_V3_GPS_TO_VPS_NORMAL_DEV_93D6,VALID,,V3,No Dwell Time,NONE,KB11,B9-104,112.159,2026-09-15T08:55:33.2771770Z,,1.0,destination_reached,108,84,1,0,1,1,0,,,NOT_EVALUABLE_FROM_CURRENT_LOG: non-handover scenario.,1.0,,6,3,2,1,0,0,0,4,6,66.67,1,6,6,6,False,1,1,0,0,1,1.674,1.674,0.0,1.674,1.674,1.674,success,14.014,,,,,,,NOT_EVALUABLE_FROM_CURRENT_LOG: no evaluable handover acceptance moment.,1.9117,Logger's own position_jump_m/heading_jump_deg column is treated as UNRELIABLE (observed constant 0 in sample data / internal settle-loop delta) and is NOT used as the primary result; see position_jump_m_reconstructed instead.,108,5.0501,5.062,0.1988,4.493,5.533,0.4279,0.176,19.0348,61.561,21,0.9,0.9,0.877,35.19,35.19,35.19,1.0,1.0,1.0,4,100.0,66.7,,
20260915_084744_254_V1_GPS_TO_VPS_NORMAL_DEV_7E4F,VALID_WITH_WARNINGS,[LARGE_TIME_GAP] 1 gap(s) in events elapsed_s exceed 60.0s (app pause/resume or logging interruption).,V1,Fixed Geometric,NONE,KB11,B9-104,166.217,2026-09-15T08:47:44.2547400Z,,1.0,destination_reached,164,171,0,0,0,0,0,,,NOT_EVALUABLE_FROM_CURRENT_LOG: non-handover scenario.,1.0,,4,2,1,1,0,0,0,2,4,50.0,1,4,4,4,False,1,1,0,0,1,1.687,1.687,0.0,1.687,1.687,1.687,success,25.025,,,,,,,NOT_EVALUABLE_FROM_CURRENT_LOG: no evaluable handover acceptance moment.,3.6613,Logger's own position_jump_m/heading_jump_deg column is treated as UNRELIABLE (observed constant 0 in sample data / internal settle-loop delta) and is NOT used as the primary result; see position_jump_m_reconstructed instead.,164,5.023,5.03,0.2125,4.548,5.617,0.4945,0.176,17.4733,66.817,26,0.9,0.9,0.8866,35.37,35.37,35.37,1.0,1.0,1.0,2,100.0,50.0,,
20260915_090910_119_BT_GPS_TO_VPS_NORMAL_DEV_8D8B,VALID,,BT,Quality + Dwell Baseline,NONE,KB11,B9-104,83.249,2026-09-15T09:09:10.1199040Z,,1.0,destination_reached,80,434,1,1,0,0,0,,,NOT_EVALUABLE_FROM_CURRENT_LOG: non-handover scenario.,1.0,,2,1,0,1,0,0,0,0,2,0.0,0,0,2,2,False,1,1,0,0,1,1.746,1.746,0.0,1.746,1.746,1.746,success,6.006,,,,,,,NOT_EVALUABLE_FROM_CURRENT_LOG: no evaluable handover acceptance moment.,2.0255,Logger's own position_jump_m/heading_jump_deg column is treated as UNRELIABLE (observed constant 0 in sample data / internal settle-loop delta) and is NOT used as the primary result; see position_jump_m_reconstructed instead.,80,5.0248,5.0125,0.2002,4.478,5.454,0.4786,0.176,19.0953,56.99,9,0.9,0.9,0.8869,35.0,35.0,35.0,1.0,1.0,1.0,0,100.0,0.0,,
20260915_085823_623_V4_GPS_TO_VPS_NORMAL_DEV_FB68,VALID,,V4,No Map-ID Check,NONE,KB11,B9-104,223.447,2026-09-15T08:58:23.6236640Z,,1.0,destination_reached,222,418,1,1,0,1,0,,,NOT_EVALUABLE_FROM_CURRENT_LOG: non-handover scenario.,0.0,,1,1,0,0,0,0,0,0,1,0.0,0,0,1,1,False,1,0,1,0,0,,,,,,,timeout_fallback,17.017,,,,,,,NOT_EVALUABLE_FROM_CURRENT_LOG: no evaluable handover acceptance moment.,0.0,Logger's own position_jump_m/heading_jump_deg column is treated as UNRELIABLE (observed constant 0 in sample data / internal settle-loop delta) and is NOT used as the primary result; see position_jump_m_reconstructed instead.,222,4.9222,4.9265,0.1938,4.452,5.482,0.7089,0.889,4.9178,36.001,1,0.9,0.9,,50.0,50.0,0.0,1.0,1.0,0.0,0,0.0,0.0,,
20260912_034750_793_BT_GPS_TO_VPS_NORMAL_DEV_EB50,VALID,,BT,Quality + Dwell Baseline,GPS_TO_VPS,KB18,B9-104,23.132,2026-09-12T03:47:50.7937240Z,,1.0,destination_reached,23,16,1,1,0,0,0,1.0,3.104,,1.0,False,4,2,1,1,0,0,0,2,4,50.0,1,4,4,4,False,1,1,0,0,1,1.704,1.704,0.0,1.704,1.704,1.704,success,,0.958,0.8305,1.5,0.0,2.3109,15.63,reconstructed from campus_x/campus_y at +/-2.0s window,2.3109,Logger's own position_jump_m/heading_jump_deg column is treated as UNRELIABLE (observed constant 0 in sample data / internal settle-loop delta) and is NOT used as the primary result; see position_jump_m_reconstructed instead.,23,4.9982,4.978,0.1886,4.593,5.383,0.7946,0.936,2.926,8.5,0,,,0.8941,78.26,78.26,78.26,1.0,1.0,1.0,2,100.0,50.0,3.097,6.201
20260912_032259_625_V3_GPS_TO_VPS_NORMAL_DEV_D0DA,VALID,,V3,No Dwell Time,GPS_TO_VPS,KB18,B9-104,153.295,2026-09-12T03:22:59.6258610Z,,1.0,destination_reached,150,1150,1,0,1,1,0,1.0,2.32,,1.0,False,6,3,2,1,0,0,0,4,6,66.67,1,6,6,6,False,1,1,0,0,1,1.744,1.744,0.0,1.744,1.744,1.744,success,1.033,1.0,0.8685,18.55,0.0,1.8602,16.562,reconstructed from campus_x/campus_y at +/-2.0s window,1.8602,Logger's own position_jump_m/heading_jump_deg column is treated as UNRELIABLE (observed constant 0 in sample data / internal settle-loop delta) and is NOT used as the primary result; see position_jump_m_reconstructed instead.,150,5.0067,5.032,0.1753,4.535,5.388,0.7426,0.943,3.0747,14.257,15,0.9,0.9,0.8824,34.67,34.67,34.67,1.0,1.0,1.0,4,100.0,66.7,99.49,101.81
20260912_031840_651_V2_GPS_TO_VPS_NORMAL_DEV_1844,VALID,,V2,Reliable Handover,GPS_TO_VPS,KB18,B9-104,102.731,2026-09-12T03:18:40.6515340Z,,1.0,destination_reached,101,402,1,1,1,1,0,0.0,,,0.0,False,1,1,0,0,0,0,0,0,1,0.0,0,0,1,1,False,1,0,1,0,0,,,,,,,timeout_fallback,24.374,,,,,,,NOT_EVALUABLE_FROM_CURRENT_LOG: no evaluable handover acceptance moment.,0.0,Logger's own position_jump_m/heading_jump_deg column is treated as UNRELIABLE (observed constant 0 in sample data / internal settle-loop delta) and is NOT used as the primary result; see position_jump_m_reconstructed instead.,101,4.8752,4.856,0.1878,4.464,5.325,0.4916,0.15,8.3599,35.24,36,0.9,0.9,,48.51,48.51,48.51,1.0,1.0,0.0,0,0.0,0.0,51.249,62.449
20260912_030230_879_V1_GPS_TO_VPS_NORMAL_DEV_DCB4,VALID,,V1,Fixed Geometric,GPS_TO_VPS,KB18,B9-104,256.457,2026-09-12T03:02:30.8799500Z,,1.0,destination_reached,248,5469,0,0,0,0,0,0.0,,,0.0,False,1,1,0,0,0,0,0,0,1,0.0,0,0,1,1,False,1,0,1,0,0,,,,,,,timeout_fallback,3.067,,,,,,,NOT_EVALUABLE_FROM_CURRENT_LOG: no evaluable handover acceptance moment.,0.0,Logger's own position_jump_m/heading_jump_deg column is treated as UNRELIABLE (observed constant 0 in sample data / internal settle-loop delta) and is NOT used as the primary result; see position_jump_m_reconstructed instead.,248,5.0702,5.082,0.1845,4.551,5.541,0.6842,0.937,14.2072,81.914,27,0.9,0.9,,49.6,49.6,49.6,1.0,1.0,0.0,0,0.0,0.0,128.129,139.329
20260912_034402_407_V5_GPS_TO_VPS_NORMAL_DEV_EC78,VALID,,V5,Full HARMONY,GPS_TO_VPS,KB18,B9-104,65.472,2026-09-12T03:44:02.4070600Z,,1.0,destination_reached,65,18,1,1,1,1,1,1.0,3.512,,1.0,False,2,1,0,1,0,0,0,0,2,0.0,0,0,2,2,False,1,1,0,0,1,1.73,1.73,0.0,1.73,1.73,1.73,success,,0.993,0.9209,31.865,0.0,1.3211,11.212,reconstructed from campus_x/campus_y at +/-2.0s window,1.3211,Logger's own position_jump_m/heading_jump_deg column is treated as UNRELIABLE (observed constant 0 in sample data / internal settle-loop delta) and is NOT used as the primary result; see position_jump_m_reconstructed instead.,65,5.0078,5.016,0.1776,4.543,5.373,0.8832,0.962,1.7269,8.032,0,,,0.8912,32.31,32.31,32.31,1.0,1.0,1.0,0,100.0,0.0,42.318,45.83
20260912_034104_595_V4_GPS_TO_VPS_NORMAL_DEV_294C,VALID,,V4,No Map-ID Check,GPS_TO_VPS,KB18,B9-104,12.299,2026-09-12T03:41:04.5958670Z,,1.0,destination_reached,12,22,1,1,0,1,0,1.0,3.441,,1.0,False,6,3,2,1,0,0,0,4,6,66.67,1,6,6,6,False,1,1,0,0,1,1.704,1.704,0.0,1.704,1.704,1.704,success,,0.875,0.8948,3.4,0.0,1.6111,15.555,reconstructed from campus_x/campus_y at +/-2.0s window,1.6111,Logger's own position_jump_m/heading_jump_deg column is treated as UNRELIABLE (observed constant 0 in sample data / internal settle-loop delta) and is NOT used as the primary result; see position_jump_m_reconstructed instead.,12,4.6927,4.6775,0.2203,4.2,5.019,0.6303,0.8515,4.0413,8.332,0,,,0.8703,25.0,25.0,25.0,1.0,1.0,1.0,4,100.0,66.7,6.991,10.432
20260912_034626_883_BQ_GPS_TO_VPS_NORMAL_DEV_F465,VALID,,BQ,Quality-Threshold Baseline,GPS_TO_VPS,KB18,B9-104,42.276,2026-09-12T03:46:26.8832920Z,,1.0,destination_reached,42,13,1,0,0,0,0,0.0,,,0.0,False,1,1,0,0,0,0,0,0,1,0.0,0,0,1,1,False,1,0,1,0,0,,,,,,,timeout_fallback,,,,,,,,NOT_EVALUABLE_FROM_CURRENT_LOG: no evaluable handover acceptance moment.,0.0,Logger's own position_jump_m/heading_jump_deg column is treated as UNRELIABLE (observed constant 0 in sample data / internal settle-loop delta) and is NOT used as the primary result; see position_jump_m_reconstructed instead.,42,4.9823,4.9965,0.185,4.534,5.321,0.9142,0.949,1.8759,5.9,0,,,,54.76,54.76,54.76,1.0,1.0,0.0,0,0.0,0.0,17.797,28.997
20260906_075007_857_V3_GPS_TO_VPS_NORMAL_DEV_5C58,VALID,,V3,No Dwell Time,GPS_TO_VPS,KB03,B9-104,92.806,2026-09-06T07:50:07.8570820Z,,1.0,destination_reached,92,255,1,0,1,1,0,1.0,2.2,,1.0,False,6,3,2,1,0,0,0,4,6,66.67,1,6,6,6,False,1,1,0,0,1,1.69,1.69,0.0,1.69,1.69,1.69,success,56.437,0.792,0.922,19.319,0.0,2.0178,16.38,reconstructed from campus_x/campus_y at +/-2.0s window,2.0178,Logger's own position_jump_m/heading_jump_deg column is treated as UNRELIABLE (observed constant 0 in sample data / internal settle-loop delta) and is NOT used as the primary result; see position_jump_m_reconstructed instead.,92,5.0476,5.062,0.1854,4.671,5.511,0.7463,0.802,1.7819,5.617,46,0.9,0.9,0.8809,33.7,33.7,33.7,1.0,1.0,1.0,4,100.0,66.7,60.215,62.415
20260906_075227_349_V4_GPS_TO_VPS_NORMAL_DEV_3415,VALID,,V4,No Map-ID Check,GPS_TO_VPS,KB03,B9-104,219.481,2026-09-06T07:52:27.3495590Z,,1.0,destination_reached,216,1434,1,1,0,1,0,1.0,3.427,,1.0,False,2,1,0,1,0,0,0,0,2,0.0,0,0,2,2,False,1,1,0,0,1,1.733,1.733,0.0,1.733,1.733,1.733,success,2.034,0.15,0.8417,0.0,0.0,1.805,15.059,reconstructed from campus_x/campus_y at +/-2.0s window,1.805,Logger's own position_jump_m/heading_jump_deg column is treated as UNRELIABLE (observed constant 0 in sample data / internal settle-loop delta) and is NOT used as the primary result; see position_jump_m_reconstructed instead.,216,5.1559,5.1675,0.2039,4.644,5.664,0.7298,0.8175,1.9929,11.101,16,0.9,0.9,0.8819,34.26,34.26,34.26,1.0,1.0,1.0,0,100.0,0.0,142.598,146.025
20260906_073558_794_V1_GPS_TO_VPS_NORMAL_DEV_7E24,VALID,,V1,Fixed Geometric,GPS_TO_VPS,KB03,B9-104,313.88,2026-09-06T07:35:58.7946820Z,,1.0,destination_reached,296,592,0,0,0,0,0,1.0,2.166,,1.0,False,4,2,1,1,0,0,0,2,4,50.0,1,4,4,4,False,1,1,0,0,1,1.676,1.676,0.0,1.676,1.676,1.676,success,12.1,0.815,0.8268,4.167,0.0,4.0262,31.137,reconstructed from campus_x/campus_y at +/-2.0s window,4.0262,Logger's own position_jump_m/heading_jump_deg column is treated as UNRELIABLE (observed constant 0 in sample data / internal settle-loop delta) and is NOT used as the primary result; see position_jump_m_reconstructed instead.,296,4.9573,4.965,0.1927,4.448,5.457,0.7314,0.81,2.1449,16.427,16,0.8986,0.9,0.8822,36.82,36.82,36.82,1.0,1.0,1.0,2,100.0,50.0,204.0,206.166
20260906_075908_669_BQ_GPS_TO_VPS_NORMAL_DEV_A18D,VALID,,BQ,Quality-Threshold Baseline,GPS_TO_VPS,KB03,B9-104,110.318,2026-09-06T07:59:08.6691810Z,,1.0,destination_reached,108,420,1,0,0,0,0,0.0,,,0.0,False,1,1,0,0,0,0,0,0,1,0.0,0,0,1,1,False,1,0,1,0,0,,,,,,,timeout_fallback,96.54,,,,,,,NOT_EVALUABLE_FROM_CURRENT_LOG: no evaluable handover acceptance moment.,0.0,Logger's own position_jump_m/heading_jump_deg column is treated as UNRELIABLE (observed constant 0 in sample data / internal settle-loop delta) and is NOT used as the primary result; see position_jump_m_reconstructed instead.,108,5.0217,5.0255,0.2069,4.449,5.541,0.7838,0.825,1.1136,4.665,11,0.9,0.9,,50.93,50.93,50.93,1.0,1.0,0.0,0,0.0,0.0,53.475,64.675
20260906_074640_905_V2_GPS_TO_VPS_NORMAL_DEV_1FA1,VALID,,V2,Reliable Handover,GPS_TO_VPS,KB03,B9-104,154.624,2026-09-06T07:46:40.9057280Z,,1.0,destination_reached,151,345,1,1,1,1,0,1.0,3.329,,1.0,False,2,1,0,1,0,0,0,0,2,0.0,0,0,2,2,False,1,1,0,0,1,1.717,1.717,0.0,1.717,1.717,1.717,success,4.067,0.889,0.9085,9.567,0.0,1.3192,10.64,reconstructed from campus_x/campus_y at +/-2.0s window,1.3192,Logger's own position_jump_m/heading_jump_deg column is treated as UNRELIABLE (observed constant 0 in sample data / internal settle-loop delta) and is NOT used as the primary result; see position_jump_m_reconstructed instead.,151,5.2148,5.212,0.2019,4.714,5.775,0.7686,0.804,1.8596,9.037,11,0.892,0.9,0.8826,36.42,36.42,36.42,1.0,1.0,1.0,0,100.0,0.0,96.365,99.694
20260906_075703_168_V5_GPS_TO_VPS_NORMAL_DEV_4680,VALID,,V5,Full HARMONY,GPS_TO_VPS,KB03,B9-104,79.551,2026-09-06T07:57:03.1682960Z,,1.0,destination_reached,77,339,1,1,1,1,1,1.0,3.46,,1.0,False,2,1,0,1,0,0,0,0,2,0.0,0,0,2,2,False,1,1,0,0,1,1.768,1.768,0.0,1.768,1.768,1.768,success,36.239,0.852,0.907,20.801,0.0,1.2692,11.037,reconstructed from campus_x/campus_y at +/-2.0s window,1.2692,Logger's own position_jump_m/heading_jump_deg column is treated as UNRELIABLE (observed constant 0 in sample data / internal settle-loop delta) and is NOT used as the primary result; see position_jump_m_reconstructed instead.,77,5.2696,5.277,0.2171,4.807,5.691,0.6392,0.768,1.6162,7.567,22,0.9,0.9,0.8797,33.77,33.77,33.77,1.0,1.0,1.0,0,100.0,0.0,51.589,55.049
20260906_080152_673_BT_GPS_TO_VPS_NORMAL_DEV_4A91,VALID,,BT,Quality + Dwell Baseline,GPS_TO_VPS,KB03,B9-104,119.446,2026-09-06T08:01:52.6731010Z,,1.0,destination_reached,117,612,1,1,0,0,0,1.0,3.138,,1.0,False,2,1,0,1,0,0,0,0,2,0.0,0,0,2,2,False,1,1,0,0,1,1.707,1.707,0.0,1.707,1.707,1.707,success,8.034,0.869,0.899,19.235,0.0,2.0033,16.494,reconstructed from campus_x/campus_y at +/-2.0s window,2.0033,Logger's own position_jump_m/heading_jump_deg column is treated as UNRELIABLE (observed constant 0 in sample data / internal settle-loop delta) and is NOT used as the primary result; see position_jump_m_reconstructed instead.,117,5.1561,5.152,0.1934,4.536,5.666,0.715,0.79,1.7901,9.352,10,0.9,0.9,0.8727,35.04,35.04,35.04,1.0,1.0,1.0,0,100.0,0.0,77.022,80.16
20260914_014111_146_V1_GPS_TO_VPS_NORMAL_DEV_CE16,VALID,,V1,Fixed Geometric,NONE,KB19,B9-104,22.124,2026-09-14T01:41:11.1463710Z,,1.0,destination_reached,22,433,0,0,0,0,0,,,NOT_EVALUABLE_FROM_CURRENT_LOG: non-handover scenario.,1.0,,6,3,2,1,0,0,0,4,6,66.67,1,6,6,6,False,1,1,0,0,1,1.693,1.693,0.0,1.693,1.693,1.693,success,,,,,,,,NOT_EVALUABLE_FROM_CURRENT_LOG: no evaluable handover acceptance moment.,3.9229,Logger's own position_jump_m/heading_jump_deg column is treated as UNRELIABLE (observed constant 0 in sample data / internal settle-loop delta) and is NOT used as the primary result; see position_jump_m_reconstructed instead.,22,4.9148,4.891,0.1891,4.484,5.287,0.8339,0.965,2.2188,7.718,0,,,0.9017,13.64,13.64,13.64,1.0,1.0,1.0,4,100.0,66.7,,
20260914_013921_647_V4_GPS_TO_VPS_NORMAL_DEV_3512,VALID,,V4,No Map-ID Check,NONE,KB19,B9-204,20.083,2026-09-14T01:39:21.6475770Z,,1.0,destination_reached,20,28,1,1,0,1,0,,,NOT_EVALUABLE_FROM_CURRENT_LOG: non-handover scenario.,0.0,,1,1,0,0,0,0,0,0,1,0.0,0,0,1,1,False,1,0,1,0,0,,,,,,,timeout_fallback,14.34,,,,,,,NOT_EVALUABLE_FROM_CURRENT_LOG: no evaluable handover acceptance moment.,0.0,Logger's own position_jump_m/heading_jump_deg column is treated as UNRELIABLE (observed constant 0 in sample data / internal settle-loop delta) and is NOT used as the primary result; see position_jump_m_reconstructed instead.,20,5.0511,5.07,0.128,4.769,5.345,0.6508,0.825,3.2867,7.419,8,0.9,0.9,,60.0,60.0,0.0,1.0,1.0,0.0,0,0.0,0.0,,
20260914_014219_079_BT_GPS_TO_VPS_NORMAL_DEV_C3DE,VALID,,BT,Quality + Dwell Baseline,NONE,KB19,B9-104,34.506,2026-09-14T01:42:19.0793490Z,,1.0,destination_reached,34,886,1,1,0,0,0,,,NOT_EVALUABLE_FROM_CURRENT_LOG: non-handover scenario.,1.0,,2,1,0,1,0,0,0,0,2,0.0,0,0,2,2,False,1,1,0,0,1,1.776,1.776,0.0,1.776,1.776,1.776,success,,,,,,,,NOT_EVALUABLE_FROM_CURRENT_LOG: no evaluable handover acceptance moment.,2.3363,Logger's own position_jump_m/heading_jump_deg column is treated as UNRELIABLE (observed constant 0 in sample data / internal settle-loop delta) and is NOT used as the primary result; see position_jump_m_reconstructed instead.,34,5.111,5.1245,0.1518,4.877,5.354,0.9474,0.972,1.3489,4.614,0,,,0.876,32.35,32.35,32.35,1.0,1.0,1.0,0,100.0,0.0,,
20260914_013130_006_V1_GPS_TO_VPS_NORMAL_DEV_08DE,VALID,,V1,Fixed Geometric,NONE,KB19,B9-104,42.632,2026-09-14T01:31:30.0063310Z,,1.0,destination_reached,38,17,0,0,0,0,0,,,NOT_EVALUABLE_FROM_CURRENT_LOG: non-handover scenario.,0.0,,3,2,1,0,0,0,0,2,3,66.67,1,3,3,3,False,1,0,1,0,0,,,,,,,timeout_fallback,,,,,,,,NOT_EVALUABLE_FROM_CURRENT_LOG: no evaluable handover acceptance moment.,0.0,Logger's own position_jump_m/heading_jump_deg column is treated as UNRELIABLE (observed constant 0 in sample data / internal settle-loop delta) and is NOT used as the primary result; see position_jump_m_reconstructed instead.,38,4.9044,4.9,0.1789,4.561,5.31,0.176,0.176,,,0,,,,50.0,50.0,50.0,1.0,1.0,0.0,2,0.0,66.7,,
20260914_014011_795_V1_GPS_TO_VPS_NORMAL_DEV_2BC4,VALID,,V1,Fixed Geometric,NONE,KB19,B9-104,19.967,2026-09-14T01:40:11.7954450Z,,1.0,destination_reached,20,20,0,0,0,0,0,,,NOT_EVALUABLE_FROM_CURRENT_LOG: non-handover scenario.,1.0,,6,3,2,1,0,0,0,4,6,66.67,1,6,6,6,False,1,1,0,0,1,1.727,1.727,0.0,1.727,1.727,1.727,success,19.535,,,,,,,NOT_EVALUABLE_FROM_CURRENT_LOG: no evaluable handover acceptance moment.,3.8569,Logger's own position_jump_m/heading_jump_deg column is treated as UNRELIABLE (observed constant 0 in sample data / internal settle-loop delta) and is NOT used as the primary result; see position_jump_m_reconstructed instead.,20,5.1959,5.1625,0.2578,4.629,5.573,0.7156,0.83,2.7509,6.573,14,0.9,0.9,0.8716,35.0,35.0,35.0,1.0,1.0,1.0,4,100.0,66.7,,
20260914_013648_026_V5_GPS_TO_VPS_NORMAL_DEV_E194,VALID,,V5,Full HARMONY,NONE,KB19,B9-104,25.66,2026-09-14T01:36:48.0264940Z,,1.0,destination_reached,25,1524,1,1,1,1,1,,,NOT_EVALUABLE_FROM_CURRENT_LOG: non-handover scenario.,0.0,,1,1,0,0,0,0,0,0,1,0.0,0,0,1,1,False,1,0,1,0,0,,,,,,,timeout_fallback,,,,,,,,NOT_EVALUABLE_FROM_CURRENT_LOG: no evaluable handover acceptance moment.,0.0,Logger's own position_jump_m/heading_jump_deg column is treated as UNRELIABLE (observed constant 0 in sample data / internal settle-loop delta) and is NOT used as the primary result; see position_jump_m_reconstructed instead.,25,4.9135,4.855,0.2078,4.592,5.299,0.15,0.15,44.8319,57.162,0,,,,60.0,60.0,60.0,1.0,1.0,0.0,0,0.0,0.0,,
20260914_013811_332_V3_GPS_TO_VPS_NORMAL_DEV_C7E4,VALID,,V3,No Dwell Time,NONE,KB19,B9-104,25.029,2026-09-14T01:38:11.3321550Z,,1.0,destination_reached,25,26,1,0,1,1,0,,,NOT_EVALUABLE_FROM_CURRENT_LOG: non-handover scenario.,1.0,,6,3,2,1,0,0,0,4,6,66.67,1,6,6,6,False,1,1,0,0,1,1.732,1.732,0.0,1.732,1.732,1.732,success,,,,,,,,NOT_EVALUABLE_FROM_CURRENT_LOG: no evaluable handover acceptance moment.,1.8042,Logger's own position_jump_m/heading_jump_deg column is treated as UNRELIABLE (observed constant 0 in sample data / internal settle-loop delta) and is NOT used as the primary result; see position_jump_m_reconstructed instead.,25,5.2817,5.243,0.1365,5.03,5.594,0.6819,0.814,3.4814,7.004,0,,,0.8886,20.0,20.0,20.0,1.0,1.0,1.0,4,100.0,66.7,,
20260912_054551_539_V4_GPS_TO_VPS_NORMAL_DEV_5680,VALID,,V4,No Map-ID Check,GPS_TO_VPS,KB22,B9-103,104.637,2026-09-12T05:45:51.5398000Z,,1.0,destination_reached,100,558,1,1,0,1,0,0.0,,,0.0,False,1,1,0,0,0,0,0,0,1,0.0,0,0,1,1,False,1,0,1,0,0,,,,,,,timeout_fallback,25.638,,,,,,,NOT_EVALUABLE_FROM_CURRENT_LOG: no evaluable handover acceptance moment.,0.0,Logger's own position_jump_m/heading_jump_deg column is treated as UNRELIABLE (observed constant 0 in sample data / internal settle-loop delta) and is NOT used as the primary result; see position_jump_m_reconstructed instead.,100,5.3381,5.349,0.2195,4.408,5.778,0.4747,0.113,18.5916,60.548,36,0.9,0.9,,50.0,50.0,0.0,1.0,1.0,0.0,0,0.0,0.0,52.269,63.469
20260912_062236_926_V1_GPS_TO_VPS_NORMAL_DEV_DA16,VALID,,V1,Fixed Geometric,GPS_TO_VPS,KB22,B9-103,130.202,2026-09-12T06:22:36.9266650Z,,1.0,destination_reached,127,363,0,0,0,0,0,1.0,2.249,,1.0,False,4,2,1,1,0,0,0,2,4,50.0,1,4,4,4,False,1,1,0,0,1,1.699,1.699,0.0,1.699,1.699,1.699,success,27.765,0.132,0.8805,0.0,0.0,3.8115,31.644,reconstructed from campus_x/campus_y at +/-2.0s window,3.8115,Logger's own position_jump_m/heading_jump_deg column is treated as UNRELIABLE (observed constant 0 in sample data / internal settle-loop delta) and is NOT used as the primary result; see position_jump_m_reconstructed instead.,127,4.9826,4.991,0.2085,4.361,5.555,0.4856,0.132,23.3692,76.597,11,0.9,0.9,0.8829,34.65,34.65,34.65,1.0,1.0,1.0,2,100.0,50.0,84.631,86.88
20260912_060829_927_V2_GPS_TO_VPS_NORMAL_DEV_F796,VALID,,V2,Reliable Handover,GPS_TO_VPS,KB22,B9-103,116.486,2026-09-12T06:08:29.9271720Z,,1.0,destination_reached,111,356,1,1,1,1,0,1.0,3.235,,1.0,False,2,1,0,1,0,0,0,0,2,0.0,0,0,2,2,False,1,1,0,0,1,1.713,1.713,0.0,1.713,1.713,1.713,success,48.342,0.113,0.8462,0.0,0.0,1.159,11.88,reconstructed from campus_x/campus_y at +/-2.0s window,1.159,Logger's own position_jump_m/heading_jump_deg column is treated as UNRELIABLE (observed constant 0 in sample data / internal settle-loop delta) and is NOT used as the primary result; see position_jump_m_reconstructed instead.,111,5.0822,5.086,0.1911,4.582,5.578,0.5491,0.782,14.2407,55.403,49,0.9,0.9,0.8795,34.23,34.23,34.23,1.0,1.0,1.0,0,100.0,0.0,75.587,78.822
20260912_055419_224_V3_GPS_TO_VPS_NORMAL_DEV_F251,VALID,,V3,No Dwell Time,GPS_TO_VPS,KB22,B9-104,125.988,2026-09-12T05:54:19.2245840Z,,1.0,destination_reached,123,140,1,0,1,1,0,1.0,2.43,,1.0,False,6,3,2,1,0,0,0,4,6,66.67,1,6,6,6,False,1,1,0,0,1,1.701,1.701,0.0,1.701,1.701,1.701,success,5.149,0.176,0.8292,0.0,0.0,2.1421,15.653,reconstructed from campus_x/campus_y at +/-2.0s window,2.1421,Logger's own position_jump_m/heading_jump_deg column is treated as UNRELIABLE (observed constant 0 in sample data / internal settle-loop delta) and is NOT used as the primary result; see position_jump_m_reconstructed instead.,123,5.0094,4.985,0.2184,4.469,5.644,0.7513,0.937,4.3386,25.765,5,0.9,0.9,0.8788,34.96,34.96,34.96,1.0,1.0,1.0,4,100.0,66.7,80.953,83.383
20260912_063230_287_BT_GPS_TO_VPS_NORMAL_DEV_7870,VALID,,BT,Quality + Dwell Baseline,GPS_TO_VPS,KB22,B9-103,121.284,2026-09-12T06:32:30.2878450Z,,1.0,destination_reached,119,390,1,1,0,0,0,1.0,3.114,,1.0,False,4,2,1,1,0,0,0,2,4,50.0,1,4,4,4,False,1,1,0,0,1,1.7,1.7,0.0,1.7,1.7,1.7,success,31.846,0.132,0.838,0.0,0.0,2.1909,15.068,reconstructed from campus_x/campus_y at +/-2.0s window,2.1909,Logger's own position_jump_m/heading_jump_deg column is treated as UNRELIABLE (observed constant 0 in sample data / internal settle-loop delta) and is NOT used as the primary result; see position_jump_m_reconstructed instead.,119,5.2033,5.174,0.1854,4.794,5.67,0.6312,0.9,11.8117,51.578,13,0.9,0.9,0.8783,34.45,34.45,34.45,1.0,1.0,1.0,2,100.0,50.0,78.683,81.797
20260912_054937_286_V5_GPS_TO_VPS_NORMAL_DEV_890A,VALID,,V5,Full HARMONY,GPS_TO_VPS,KB22,B9-103,140.094,2026-09-12T05:49:37.2863390Z,,1.0,destination_reached,137,753,1,1,1,1,1,1.0,3.587,,1.0,False,2,1,0,1,0,0,0,0,2,0.0,0,0,2,2,False,1,1,0,0,1,1.724,1.724,0.0,1.724,1.724,1.724,success,5.151,0.113,0.8477,0.0,0.0,1.1549,12.293,reconstructed from campus_x/campus_y at +/-2.0s window,1.1549,Logger's own position_jump_m/heading_jump_deg column is treated as UNRELIABLE (observed constant 0 in sample data / internal settle-loop delta) and is NOT used as the primary result; see position_jump_m_reconstructed instead.,137,4.8672,4.855,0.2057,4.403,5.467,0.3705,0.113,37.7891,102.209,15,0.8992,0.9,0.8841,33.58,33.58,33.58,1.0,1.0,1.0,0,100.0,0.0,90.931,94.518
20260912_074926_945_BQ_GPS_TO_VPS_NORMAL_DEV_F2F8,VALID,,BQ,Quality-Threshold Baseline,GPS_TO_VPS,KB22,B9-103,97.929,2026-09-12T07:49:26.9451630Z,,1.0,destination_reached,94,194,1,0,0,0,0,1.0,2.687,,1.0,False,4,2,1,1,0,0,0,2,4,50.0,1,4,4,4,False,1,1,0,0,1,1.694,1.694,0.0,1.694,1.694,1.694,success,37.027,0.132,0.9005,0.0,0.0,2.9135,23.166,reconstructed from campus_x/campus_y at +/-2.0s window,2.9135,Logger's own position_jump_m/heading_jump_deg column is treated as UNRELIABLE (observed constant 0 in sample data / internal settle-loop delta) and is NOT used as the primary result; see position_jump_m_reconstructed instead.,94,5.0464,5.0385,0.1881,4.643,5.664,0.6879,0.911,3.9916,18.654,45,0.9,0.9,0.8814,35.11,35.11,35.11,1.0,1.0,1.0,2,100.0,50.0,63.61,66.297
20260915_042149_473_V3_GPS_TO_VPS_NORMAL_DEV_DC42,VALID,,V3,No Dwell Time,GPS_TO_VPS,KB25,B9-104,130.833,2026-09-15T04:21:49.4736220Z,,1.0,destination_reached,129,548,1,0,1,1,0,0.0,,,0.0,False,3,2,1,0,0,0,0,2,3,66.67,1,3,3,3,False,1,0,1,0,0,,,,,,,timeout_fallback,41.717,,,,,,,NOT_EVALUABLE_FROM_CURRENT_LOG: no evaluable handover acceptance moment.,0.0,Logger's own position_jump_m/heading_jump_deg column is treated as UNRELIABLE (observed constant 0 in sample data / internal settle-loop delta) and is NOT used as the primary result; see position_jump_m_reconstructed instead.,129,5.1305,5.104,0.2045,4.672,5.823,0.4296,0.132,16.1928,54.3,3,0.9,0.9,,48.84,48.84,48.84,1.0,1.0,0.0,2,0.0,66.7,65.341,76.541
20260915_042934_425_V5_GPS_TO_VPS_NORMAL_DEV_5F97,VALID,,V5,Full HARMONY,GPS_TO_VPS,KB25,B9-104,117.647,2026-09-15T04:29:34.4253510Z,,1.0,destination_reached,114,58,1,1,1,1,1,1.0,3.47,,1.0,False,2,1,0,1,0,0,0,0,2,0.0,0,0,2,2,False,1,1,0,0,1,1.673,1.673,0.0,1.673,1.673,1.673,success,,0.15,0.8356,0.0,0.0,1.1989,12.704,reconstructed from campus_x/campus_y at +/-2.0s window,1.1989,Logger's own position_jump_m/heading_jump_deg column is treated as UNRELIABLE (observed constant 0 in sample data / internal settle-loop delta) and is NOT used as the primary result; see position_jump_m_reconstructed instead.,114,5.2714,5.283,0.204,4.63,5.645,0.1665,0.15,60.2162,117.547,0,,,0.8757,35.96,35.96,35.96,1.0,1.0,1.0,0,100.0,0.0,74.932,78.402
20260915_044338_595_BT_GPS_TO_VPS_NORMAL_DEV_FBA2,VALID,,BT,Quality + Dwell Baseline,GPS_TO_VPS,KB25,B9-104,125.21,2026-09-15T04:43:38.5950480Z,,1.0,destination_reached,120,223,1,1,0,0,0,0.0,,,0.0,False,1,1,0,0,0,0,0,0,1,0.0,0,0,1,1,False,1,0,1,0,0,,,,,,,timeout_fallback,51.333,,,,,,,NOT_EVALUABLE_FROM_CURRENT_LOG: no evaluable handover acceptance moment.,0.0,Logger's own position_jump_m/heading_jump_deg column is treated as UNRELIABLE (observed constant 0 in sample data / internal settle-loop delta) and is NOT used as the primary result; see position_jump_m_reconstructed instead.,120,5.174,5.1755,0.1706,4.73,5.579,0.6295,0.8705,7.3267,36.26,32,0.9,0.9,,50.0,50.0,50.0,1.0,1.0,0.0,0,0.0,0.0,62.605,73.805
20260915_041512_690_V1_GPS_TO_VPS_NORMAL_DEV_858E,VALID,,V1,Fixed Geometric,GPS_TO_VPS,KB25,B9-102,181.95,2026-09-15T04:15:12.6903720Z,,1.0,destination_reached,177,3773,0,0,0,0,0,0.0,,,0.0,False,3,2,1,0,0,0,0,2,3,66.67,1,3,3,3,False,1,0,1,0,0,,,,,,,timeout_fallback,36.55,,,,,,,NOT_EVALUABLE_FROM_CURRENT_LOG: no evaluable handover acceptance moment.,0.0,Logger's own position_jump_m/heading_jump_deg column is treated as UNRELIABLE (observed constant 0 in sample data / internal settle-loop delta) and is NOT used as the primary result; see position_jump_m_reconstructed instead.,177,5.2524,5.266,0.1989,4.645,5.776,0.682,0.889,4.2474,24.25,30,0.9,0.9,,49.72,49.72,49.72,1.0,1.0,0.0,2,0.0,66.7,90.891,102.091
20260915_041925_984_V2_GPS_TO_VPS_NORMAL_DEV_3309,VALID,,V2,Reliable Handover,GPS_TO_VPS,KB25,B9-104,87.75,2026-09-15T04:19:25.9840140Z,,1.0,destination_reached,86,225,1,1,1,1,0,1.0,3.319,,1.0,False,2,1,0,1,0,0,0,0,2,0.0,0,0,2,2,False,1,1,0,0,1,1.694,1.694,0.0,1.694,1.694,1.694,success,17.35,0.84,0.8835,52.35,0.0,1.3052,11.631,reconstructed from campus_x/campus_y at +/-2.0s window,1.3052,Logger's own position_jump_m/heading_jump_deg column is treated as UNRELIABLE (observed constant 0 in sample data / internal settle-loop delta) and is NOT used as the primary result; see position_jump_m_reconstructed instead.,86,5.2299,5.2255,0.2084,4.67,5.678,0.777,0.9315,2.4467,12.95,46,0.9,0.9,0.8782,32.56,32.56,32.56,1.0,1.0,1.0,0,100.0,0.0,56.994,60.313
20260915_042529_132_V4_GPS_TO_VPS_NORMAL_DEV_72A2,VALID,,V4,No Map-ID Check,GPS_TO_VPS,KB25,B9-104,121.629,2026-09-15T04:25:29.1325200Z,,1.0,destination_reached,117,959,1,1,0,1,0,1.0,3.406,,1.0,False,4,2,1,1,0,0,0,2,4,50.0,1,4,4,4,False,1,1,0,0,1,1.693,1.693,0.0,1.693,1.693,1.693,success,5.133,0.954,0.8468,11.717,0.0,1.6232,13.508,reconstructed from campus_x/campus_y at +/-2.0s window,1.6232,Logger's own position_jump_m/heading_jump_deg column is treated as UNRELIABLE (observed constant 0 in sample data / internal settle-loop delta) and is NOT used as the primary result; see position_jump_m_reconstructed instead.,117,5.0706,5.053,0.2039,4.701,5.531,0.7851,0.898,2.3587,10.9,12,0.9,0.9,0.8799,37.61,37.61,37.61,1.0,1.0,1.0,2,100.0,50.0,74.78,78.186
20260915_043945_288_BQ_GPS_TO_VPS_NORMAL_DEV_3951,VALID,,BQ,Quality-Threshold Baseline,GPS_TO_VPS,KB25,B9-104,150.45,2026-09-15T04:39:45.2887630Z,,1.0,destination_reached,148,4217,1,0,0,0,0,1.0,2.797,,1.0,False,4,2,1,1,0,0,0,2,4,50.0,1,4,4,4,False,1,1,0,0,1,1.674,1.674,0.0,1.674,1.674,1.674,success,14.2,0.933,0.9202,37.95,0.0,3.0104,22.554,reconstructed from campus_x/campus_y at +/-2.0s window,3.0104,Logger's own position_jump_m/heading_jump_deg column is treated as UNRELIABLE (observed constant 0 in sample data / internal settle-loop delta) and is NOT used as the primary result; see position_jump_m_reconstructed instead.,148,5.2193,5.218,0.2093,4.701,5.709,0.5575,0.4535,34.9534,111.295,22,0.9,0.9,0.8755,33.78,33.78,33.78,1.0,1.0,1.0,2,100.0,50.0,97.749,100.546
SYNTH_KB02_V3_9203_REV,VALID,,V3,No Dwell Time,VPS_TO_GPS,KB02,B9-EXIT,65.91,2026-09-20T00:00:00.0000000Z,,1.0,destination_reached,65,10,1,0,1,1,0,1.0,6.084,,1.0,False,2,0,1,0,1,0,0,0,2,0.0,0,0,2,2,False,0,0,0,0,0,,,,,,,NOT_EVALUABLE_FROM_CURRENT_LOG,4.056,0.8,0.0,1.729,,2.2834,129.265,reconstructed from campus_x/campus_y at +/-2.0s window,0.0,Logger's own position_jump_m/heading_jump_deg column is treated as UNRELIABLE (observed constant 0 in sample data / internal settle-loop delta) and is NOT used as the primary result; see position_jump_m_reconstructed instead.,65,5.3,5.194,0.469,4.683,6.907,0.725,0.75,,,5,0.8834,0.8778,0.8852,83.08,83.08,83.08,1.0,1.0,1.0,0,100.0,0.0,54.756,60.84
SYNTH_KB02_V1_3432_REV,VALID,,V1,Fixed Geometric,VPS_TO_GPS,KB02,B9-EXIT,98.552,2026-09-20T00:00:00.0000000Z,,1.0,destination_reached,97,12,0,0,0,0,0,1.0,13.208,,1.0,False,2,0,1,0,1,0,0,0,2,0.0,0,0,2,2,False,0,0,0,0,0,,,,,,,NOT_EVALUABLE_FROM_CURRENT_LOG,11.176,0.8,0.0,1.045,,2.8408,152.024,reconstructed from campus_x/campus_y at +/-2.0s window,0.0,Logger's own position_jump_m/heading_jump_deg column is treated as UNRELIABLE (observed constant 0 in sample data / internal settle-loop delta) and is NOT used as the primary result; see position_jump_m_reconstructed instead.,97,5.237,5.097,0.5503,4.495,6.976,0.725,0.75,,,12,0.9046,0.9061,0.8809,81.44,81.44,81.44,1.0,1.0,1.0,0,100.0,0.0,80.264,93.472
SYNTH_KB02_V5_1612_REV,VALID,,V5,Full HARMONY,VPS_TO_GPS,KB02,B9-EXIT,64.192,2026-09-20T00:00:00.0000000Z,,1.0,destination_reached,64,9,1,1,1,1,1,1.0,27.081,,1.0,False,2,0,1,0,1,0,0,0,2,0.0,0,0,2,2,False,0,0,0,0,0,,,,,,,NOT_EVALUABLE_FROM_CURRENT_LOG,22.066,0.8,0.0,4.532,,0.7901,26.303,reconstructed from campus_x/campus_y at +/-2.0s window,0.0,Logger's own position_jump_m/heading_jump_deg column is treated as UNRELIABLE (observed constant 0 in sample data / internal settle-loop delta) and is NOT used as the primary result; see position_jump_m_reconstructed instead.,64,5.5745,5.243,0.7471,4.659,7.03,0.6667,0.75,,,25,0.9022,0.913,0.8773,50.0,50.0,50.0,1.0,1.0,1.0,0,100.0,0.0,32.096,59.177
SYNTH_KB02_BQ_3348_REV,VALID,,BQ,Quality-Threshold Baseline,VPS_TO_GPS,KB02,B9-EXIT,67.201,2026-09-20T00:00:00.0000000Z,,1.0,destination_reached,67,9,1,0,0,0,0,1.0,21.063,,1.0,False,2,0,1,0,1,0,0,0,2,0.0,0,0,2,2,False,0,0,0,0,0,,,,,,,NOT_EVALUABLE_FROM_CURRENT_LOG,19.057,0.8,0.0,1.407,,1.6221,106.893,reconstructed from campus_x/campus_y at +/-2.0s window,0.0,Logger's own position_jump_m/heading_jump_deg column is treated as UNRELIABLE (observed constant 0 in sample data / internal settle-loop delta) and is NOT used as the primary result; see position_jump_m_reconstructed instead.,67,5.5371,5.228,0.7261,4.551,7.051,0.725,0.75,,,20,0.9038,0.9085,0.8794,61.19,61.19,61.19,1.0,1.0,1.0,0,100.0,0.0,41.123,62.186
SYNTH_KB02_V4_6790_REV,VALID,,V4,No Map-ID Check,VPS_TO_GPS,KB02,B9-EXIT,58.116,2026-09-20T00:00:00.0000000Z,,1.0,destination_reached,58,9,1,1,0,1,0,1.0,11.022,,1.0,False,2,0,1,0,1,0,0,0,2,0.0,0,0,2,2,False,0,0,0,0,0,,,,,,,NOT_EVALUABLE_FROM_CURRENT_LOG,6.012,0.8,0.0,4.738,,0.3501,18.586,reconstructed from campus_x/campus_y at +/-2.0s window,0.0,Logger's own position_jump_m/heading_jump_deg column is treated as UNRELIABLE (observed constant 0 in sample data / internal settle-loop delta) and is NOT used as the primary result; see position_jump_m_reconstructed instead.,58,5.3838,5.261,0.5321,4.595,6.992,0.6667,0.75,,,7,0.8979,0.8987,0.8833,72.41,72.41,72.41,1.0,1.0,1.0,0,100.0,0.0,42.084,53.106
SYNTH_KB02_V2_3545_REV,VALID,,V2,Reliable Handover,VPS_TO_GPS,KB02,B9-EXIT,69.966,2026-09-20T00:00:00.0000000Z,,1.0,destination_reached,69,9,1,1,1,1,0,1.0,21.294,,1.0,False,2,0,1,0,1,0,0,0,2,0.0,0,0,2,2,False,0,0,0,0,0,,,,,,,NOT_EVALUABLE_FROM_CURRENT_LOG,16.224,0.8,0.0,4.608,,5.5928,115.163,reconstructed from campus_x/campus_y at +/-2.0s window,0.0,Logger's own position_jump_m/heading_jump_deg column is treated as UNRELIABLE (observed constant 0 in sample data / internal settle-loop delta) and is NOT used as the primary result; see position_jump_m_reconstructed instead.,69,5.5159,5.233,0.687,4.589,7.022,0.6667,0.75,,,27,0.9081,0.9109,0.8755,62.32,62.32,62.32,1.0,1.0,1.0,0,100.0,0.0,43.602,64.896
SYNTH_KB02_BT_4565_REV,VALID,,BT,Quality + Dwell Baseline,VPS_TO_GPS,KB02,B9-EXIT,59.885,2026-09-20T00:00:00.0000000Z,,1.0,destination_reached,59,9,1,1,0,0,0,1.0,15.225,,1.0,False,2,0,1,0,1,0,0,0,2,0.0,0,0,2,2,False,0,0,0,0,0,,,,,,,NOT_EVALUABLE_FROM_CURRENT_LOG,10.15,0.8,0.0,4.96,,5.5333,28.536,reconstructed from campus_x/campus_y at +/-2.0s window,0.0,Logger's own position_jump_m/heading_jump_deg column is treated as UNRELIABLE (observed constant 0 in sample data / internal settle-loop delta) and is NOT used as the primary result; see position_jump_m_reconstructed instead.,59,5.3748,5.126,0.7179,4.353,7.168,0.6667,0.75,,,11,0.8956,0.9095,0.8735,66.1,66.1,66.1,1.0,1.0,1.0,0,100.0,0.0,39.585,54.81
SYNTH_KB20_V4_7770_REV,VALID,,V4,No Map-ID Check,VPS_TO_GPS,KB20,B9-EXIT,83.166,2026-09-20T00:00:00.0000000Z,,1.0,destination_reached,83,12,1,1,0,1,0,1.0,10.02,,1.0,False,2,0,1,0,1,0,0,0,2,0.0,0,0,2,2,False,0,0,0,0,0,,,,,,,NOT_EVALUABLE_FROM_CURRENT_LOG,6.012,0.8,0.0,4.389,,0.3724,18.586,reconstructed from campus_x/campus_y at +/-2.0s window,0.0,Logger's own position_jump_m/heading_jump_deg column is treated as UNRELIABLE (observed constant 0 in sample data / internal settle-loop delta) and is NOT used as the primary result; see position_jump_m_reconstructed instead.,83,5.3251,5.2,0.5313,4.726,7.186,0.6813,0.75,,,7,0.8837,0.9051,0.8745,81.93,81.93,81.93,1.0,1.0,1.0,0,100.0,0.0,68.136,78.156
SYNTH_KB20_V1_8534_REV,VALID,,V1,Fixed Geometric,VPS_TO_GPS,KB20,B9-EXIT,146.304,2026-09-20T00:00:00.0000000Z,,1.0,destination_reached,144,16,0,0,0,0,0,1.0,13.208,,1.0,False,2,0,1,0,1,0,0,0,2,0.0,0,0,2,2,False,0,0,0,0,0,,,,,,,NOT_EVALUABLE_FROM_CURRENT_LOG,11.176,0.8,0.0,1.984,,2.8408,152.024,reconstructed from campus_x/campus_y at +/-2.0s window,0.0,Logger's own position_jump_m/heading_jump_deg column is treated as UNRELIABLE (observed constant 0 in sample data / internal settle-loop delta) and is NOT used as the primary result; see position_jump_m_reconstructed instead.,144,5.1855,5.066,0.4839,4.533,7.125,0.725,0.75,,,14,0.8839,0.8939,0.8791,87.5,87.5,87.5,1.0,1.0,1.0,0,100.0,0.0,128.016,141.224
SYNTH_KB20_V2_7591_REV,VALID,,V2,Reliable Handover,VPS_TO_GPS,KB20,B9-EXIT,96.33,2026-09-20T00:00:00.0000000Z,,1.0,destination_reached,95,12,1,1,1,1,0,1.0,21.294,,1.0,False,2,0,1,0,1,0,0,0,2,0.0,0,0,2,2,False,0,0,0,0,0,,,,,,,NOT_EVALUABLE_FROM_CURRENT_LOG,16.224,0.8,0.0,4.672,,5.5928,115.163,reconstructed from campus_x/campus_y at +/-2.0s window,0.0,Logger's own position_jump_m/heading_jump_deg column is treated as UNRELIABLE (observed constant 0 in sample data / internal settle-loop delta) and is NOT used as the primary result; see position_jump_m_reconstructed instead.,95,5.3806,5.192,0.6433,4.077,6.807,0.6667,0.75,,,27,0.8937,0.9057,0.8846,72.63,72.63,72.63,1.0,1.0,1.0,0,100.0,0.0,69.966,91.26
SYNTH_KB20_V5_4393_REV,VALID,,V5,Full HARMONY,VPS_TO_GPS,KB20,B9-EXIT,82.246,2026-09-20T00:00:00.0000000Z,,1.0,destination_reached,82,11,1,1,1,1,1,1.0,26.078,,1.0,False,2,0,1,0,1,0,0,0,2,0.0,0,0,2,2,False,0,0,0,0,0,,,,,,,NOT_EVALUABLE_FROM_CURRENT_LOG,22.066,0.8,0.0,4.479,,0.8405,26.303,reconstructed from campus_x/campus_y at +/-2.0s window,0.0,Logger's own position_jump_m/heading_jump_deg column is treated as UNRELIABLE (observed constant 0 in sample data / internal settle-loop delta) and is NOT used as the primary result; see position_jump_m_reconstructed instead.,82,5.469,5.162,0.711,4.448,6.835,0.6813,0.75,,,25,0.8921,0.8968,0.8875,62.2,62.2,62.2,1.0,1.0,1.0,0,100.0,0.0,51.153,77.231
SYNTH_KB20_BT_1702_REV,VALID,,BT,Quality + Dwell Baseline,VPS_TO_GPS,KB20,B9-EXIT,83.23,2026-09-20T00:00:00.0000000Z,,1.0,destination_reached,82,12,1,1,0,0,0,1.0,15.225,,1.0,False,2,0,1,0,1,0,0,0,2,0.0,0,0,2,2,False,0,0,0,0,0,,,,,,,NOT_EVALUABLE_FROM_CURRENT_LOG,10.15,0.8,0.0,4.639,,5.5333,28.536,reconstructed from campus_x/campus_y at +/-2.0s window,0.0,Logger's own position_jump_m/heading_jump_deg column is treated as UNRELIABLE (observed constant 0 in sample data / internal settle-loop delta) and is NOT used as the primary result; see position_jump_m_reconstructed instead.,82,5.3397,5.1955,0.5689,4.644,6.976,0.6667,0.75,,,11,0.8887,0.8868,0.8814,75.61,75.61,75.61,1.0,1.0,1.0,0,100.0,0.0,62.93,78.155
SYNTH_KB20_BQ_7947_REV,VALID,,BQ,Quality-Threshold Baseline,VPS_TO_GPS,KB20,B9-EXIT,92.276,2026-09-20T00:00:00.0000000Z,,1.0,destination_reached,92,12,1,0,0,0,0,1.0,21.063,,1.0,False,2,0,1,0,1,0,0,0,2,0.0,0,0,2,2,False,0,0,0,0,0,,,,,,,NOT_EVALUABLE_FROM_CURRENT_LOG,19.057,0.8,0.0,1.245,,1.6221,106.893,reconstructed from campus_x/campus_y at +/-2.0s window,0.0,Logger's own position_jump_m/heading_jump_deg column is treated as UNRELIABLE (observed constant 0 in sample data / internal settle-loop delta) and is NOT used as the primary result; see position_jump_m_reconstructed instead.,92,5.4282,5.186,0.639,4.66,7.094,0.725,0.75,,,20,0.8866,0.8842,0.8798,71.74,71.74,71.74,1.0,1.0,1.0,0,100.0,0.0,66.198,87.261
SYNTH_KB20_V3_9871_REV,VALID,,V3,No Dwell Time,VPS_TO_GPS,KB20,B9-EXIT,98.358,2026-09-20T00:00:00.0000000Z,,1.0,destination_reached,97,13,1,0,1,1,0,1.0,6.084,,1.0,False,2,0,1,0,1,0,0,0,2,0.0,0,0,2,2,False,0,0,0,0,0,,,,,,,NOT_EVALUABLE_FROM_CURRENT_LOG,4.056,0.8,0.0,1.585,,2.2834,129.265,reconstructed from campus_x/campus_y at +/-2.0s window,0.0,Logger's own position_jump_m/heading_jump_deg column is treated as UNRELIABLE (observed constant 0 in sample data / internal settle-loop delta) and is NOT used as the primary result; see position_jump_m_reconstructed instead.,97,5.266,5.189,0.3961,4.646,7.043,0.725,0.75,,,5,0.8983,0.8823,0.8874,88.66,88.66,88.66,1.0,1.0,1.0,0,100.0,0.0,87.204,93.288
20260912_102314_139_V5_GPS_TO_VPS_NORMAL_DEV_D1F5,VALID,,V5,Full HARMONY,GPS_TO_VPS,KB30,B9-101,197.106,2026-09-12T10:23:14.1394600Z,,1.0,destination_reached,194,645,1,1,1,1,1,1.0,3.41,,1.0,False,4,2,1,1,0,0,0,2,4,50.0,1,4,4,4,False,1,1,0,0,1,1.687,1.687,0.0,1.687,1.687,1.687,success,135.762,0.778,0.8648,2.606,0.0,1.2826,11.575,reconstructed from campus_x/campus_y at +/-2.0s window,1.2826,Logger's own position_jump_m/heading_jump_deg column is treated as UNRELIABLE (observed constant 0 in sample data / internal settle-loop delta) and is NOT used as the primary result; see position_jump_m_reconstructed instead.,194,5.0003,4.9925,0.195,4.506,5.519,0.6484,0.8135,4.4776,30.188,19,0.8971,0.9,0.8855,34.54,34.54,34.54,1.0,1.0,1.0,2,100.0,50.0,128.01,131.42
20260912_101227_816_V2_GPS_TO_VPS_NORMAL_DEV_E9C2,VALID,,V2,Reliable Handover,GPS_TO_VPS,KB30,B9-103,144.255,2026-09-12T10:12:27.8168230Z,,1.0,destination_reached,142,350,1,1,1,1,0,1.0,3.555,,1.0,False,2,1,0,1,0,0,0,0,2,0.0,0,0,2,2,False,1,1,0,0,1,1.647,1.647,0.0,1.647,1.647,1.647,success,11.094,0.952,0.8681,21.121,0.0,1.196,10.981,reconstructed from campus_x/campus_y at +/-2.0s window,1.196,Logger's own position_jump_m/heading_jump_deg column is treated as UNRELIABLE (observed constant 0 in sample data / internal settle-loop delta) and is NOT used as the primary result; see position_jump_m_reconstructed instead.,142,5.0734,5.06,0.1769,4.697,5.637,0.8213,0.9325,2.1145,11.278,12,0.9,0.9,0.8775,33.8,33.8,33.8,1.0,1.0,1.0,0,100.0,0.0,93.722,97.277
20260912_100806_809_V1_GPS_TO_VPS_NORMAL_DEV_ECFB,VALID,,V1,Fixed Geometric,GPS_TO_VPS,KB30,B9-101,141.532,2026-09-12T10:08:06.8097560Z,,1.0,destination_reached,139,579,0,0,0,0,0,0.0,,,0.0,False,3,2,1,0,0,0,0,2,3,66.67,1,3,3,3,False,1,0,1,0,0,,,,,,,timeout_fallback,8.02,,,,,,,NOT_EVALUABLE_FROM_CURRENT_LOG: no evaluable handover acceptance moment.,0.0,Logger's own position_jump_m/heading_jump_deg column is treated as UNRELIABLE (observed constant 0 in sample data / internal settle-loop delta) and is NOT used as the primary result; see position_jump_m_reconstructed instead.,139,4.9302,4.934,0.1984,4.342,5.412,0.7983,0.904,2.0915,18.645,31,0.9,0.9,,49.64,49.64,49.64,1.0,1.0,0.0,2,0.0,66.7,70.749,81.949
20260912_101928_244_V4_GPS_TO_VPS_NORMAL_DEV_FB48,VALID,,V4,No Map-ID Check,GPS_TO_VPS,KB30,B9-101,135.811,2026-09-12T10:19:28.2440310Z,,1.0,destination_reached,136,220,1,1,0,1,0,1.0,3.404,,1.0,False,4,2,1,1,0,0,0,2,4,50.0,1,4,4,4,False,1,1,0,0,1,1.659,1.659,0.0,1.659,1.659,1.659,success,8.053,0.824,0.8525,0.501,0.0,1.5741,12.11,reconstructed from campus_x/campus_y at +/-2.0s window,1.5741,Logger's own position_jump_m/heading_jump_deg column is treated as UNRELIABLE (observed constant 0 in sample data / internal settle-loop delta) and is NOT used as the primary result; see position_jump_m_reconstructed instead.,136,5.2208,5.2355,0.1933,4.699,5.65,0.8462,0.9045,1.6401,9.456,25,0.9,0.9,0.8751,33.82,33.82,33.82,1.0,1.0,1.0,2,100.0,50.0,88.255,91.659
20260912_101528_381_V3_GPS_TO_VPS_NORMAL_DEV_7F59,VALID,,V3,No Dwell Time,GPS_TO_VPS,KB30,B9-104,190.885,2026-09-12T10:15:28.3815990Z,,1.0,destination_reached,191,378,1,0,1,1,0,1.0,2.462,,1.0,False,6,3,2,1,0,0,0,4,6,66.67,1,6,6,6,False,1,1,0,0,1,1.707,1.707,0.0,1.707,1.707,1.707,success,,0.809,0.8685,53.964,0.0,1.926,15.021,reconstructed from campus_x/campus_y at +/-2.0s window,1.926,Logger's own position_jump_m/heading_jump_deg column is treated as UNRELIABLE (observed constant 0 in sample data / internal settle-loop delta) and is NOT used as the primary result; see position_jump_m_reconstructed instead.,191,5.1703,5.193,0.1955,4.539,5.611,0.8569,0.953,2.0636,8.972,0,,,0.8878,35.6,35.6,35.6,1.0,1.0,1.0,4,100.0,66.7,121.969,124.431
20260912_102732_818_BQ_GPS_TO_VPS_NORMAL_DEV_78D0,VALID,,BQ,Quality-Threshold Baseline,GPS_TO_VPS,KB30,B9-101,167.761,2026-09-12T10:27:32.8186450Z,,1.0,destination_reached,165,369,1,0,0,0,0,1.0,2.714,,1.0,False,6,3,2,1,0,0,0,4,6,66.67,1,6,6,6,False,1,1,0,0,1,1.652,1.652,0.0,1.652,1.652,1.652,success,12.028,0.897,0.8386,45.186,0.0,2.7248,21.431,reconstructed from campus_x/campus_y at +/-2.0s window,2.7248,Logger's own position_jump_m/heading_jump_deg column is treated as UNRELIABLE (observed constant 0 in sample data / internal settle-loop delta) and is NOT used as the primary result; see position_jump_m_reconstructed instead.,165,5.0515,5.062,0.2105,4.454,5.635,0.8647,0.906,1.3093,8.019,15,0.9,0.9,0.8847,34.55,34.55,34.55,1.0,1.0,1.0,4,100.0,66.7,108.979,111.693
20260912_103114_765_BT_GPS_TO_VPS_NORMAL_DEV_F9B7,VALID,,BT,Quality + Dwell Baseline,GPS_TO_VPS,KB30,B9-101,124.655,2026-09-12T10:31:14.7654270Z,,1.0,destination_reached,122,247,1,1,0,0,0,1.0,2.875,,1.0,False,4,2,1,1,0,0,0,2,4,50.0,1,4,4,4,False,1,1,0,0,1,1.697,1.697,0.0,1.697,1.697,1.697,success,11.024,0.884,0.8634,18.055,0.0,2.2476,17.501,reconstructed from campus_x/campus_y at +/-2.0s window,2.2476,Logger's own position_jump_m/heading_jump_deg column is treated as UNRELIABLE (observed constant 0 in sample data / internal settle-loop delta) and is NOT used as the primary result; see position_jump_m_reconstructed instead.,122,4.8694,4.8685,0.1906,4.383,5.409,0.7928,0.8895,2.091,12.913,16,0.9,0.9,0.8697,34.43,34.43,34.43,1.0,1.0,1.0,2,100.0,50.0,80.939,83.814
20260912_100055_923_V3_GPS_TO_VPS_NORMAL_DEV_5573,VALID,,V3,No Dwell Time,GPS_TO_VPS,KB05,B9-104,137.472,2026-09-12T10:00:55.9232830Z,,1.0,destination_reached,137,1669,1,0,1,1,0,0.0,,,0.0,False,1,1,0,0,0,0,0,0,1,0.0,0,0,1,1,False,1,0,1,0,0,,,,,,,timeout_fallback,0.0,,,,,,,NOT_EVALUABLE_FROM_CURRENT_LOG: no evaluable handover acceptance moment.,0.0,Logger's own position_jump_m/heading_jump_deg column is treated as UNRELIABLE (observed constant 0 in sample data / internal settle-loop delta) and is NOT used as the primary result; see position_jump_m_reconstructed instead.,137,5.3732,5.378,0.2167,4.74,5.91,0.7485,0.883,2.8855,11.279,1,0.9,0.9,,48.91,48.91,48.91,1.0,1.0,0.0,0,0.0,0.0,68.736,79.936
20260912_095520_181_V5_GPS_TO_VPS_NORMAL_DEV_0C4B,VALID,,V5,Full HARMONY,GPS_TO_VPS,KB05,B9-101,43.967,2026-09-12T09:55:20.1812090Z,,1.0,destination_reached,44,57,1,1,1,1,1,1.0,3.356,,1.0,False,2,1,0,1,0,0,0,0,2,0.0,0,0,2,2,False,1,1,0,0,1,1.657,1.657,0.0,1.657,1.657,1.657,success,10.023,0.113,0.9287,0.0,0.0,1.1511,11.429,reconstructed from campus_x/campus_y at +/-2.0s window,1.1511,Logger's own position_jump_m/heading_jump_deg column is treated as UNRELIABLE (observed constant 0 in sample data / internal settle-loop delta) and is NOT used as the primary result; see position_jump_m_reconstructed instead.,44,5.2113,5.2155,0.1842,4.776,5.552,0.6282,0.829,3.6523,9.405,17,0.9,0.9,0.8768,31.82,31.82,31.82,1.0,1.0,1.0,0,100.0,0.0,28.449,31.805
20260912_094231_050_V3_GPS_TO_VPS_NORMAL_DEV_15A4,VALID,,V3,No Dwell Time,GPS_TO_VPS,KB05,B9-104,222.294,2026-09-12T09:42:31.0505710Z,,1.0,destination_reached,216,74,1,0,1,1,0,1.0,2.307,,1.0,False,4,2,1,1,0,0,0,2,4,50.0,1,4,4,4,False,1,1,0,0,1,1.719,1.719,0.0,1.719,1.719,1.719,success,,1.0,0.8297,0.0,0.0,2.1397,15.122,reconstructed from campus_x/campus_y at +/-2.0s window,2.1397,Logger's own position_jump_m/heading_jump_deg column is treated as UNRELIABLE (observed constant 0 in sample data / internal settle-loop delta) and is NOT used as the primary result; see position_jump_m_reconstructed instead.,216,5.2925,5.3045,0.1957,4.792,5.822,0.7064,0.863,3.9297,19.536,0,,,0.8894,35.19,35.19,35.19,1.0,1.0,1.0,2,100.0,50.0,143.951,146.258
20260912_095057_405_BQ_GPS_TO_VPS_NORMAL_DEV_104B,VALID,,BQ,Quality-Threshold Baseline,GPS_TO_VPS,KB05,B9-104,92.375,2026-09-12T09:50:57.4054250Z,,1.0,destination_reached,92,1357,1,0,0,0,0,0.0,,,0.0,False,1,1,0,0,0,0,0,0,1,0.0,0,0,1,1,False,1,0,1,0,0,,,,,,,timeout_fallback,20.045,,,,,,,NOT_EVALUABLE_FROM_CURRENT_LOG: no evaluable handover acceptance moment.,0.0,Logger's own position_jump_m/heading_jump_deg column is treated as UNRELIABLE (observed constant 0 in sample data / internal settle-loop delta) and is NOT used as the primary result; see position_jump_m_reconstructed instead.,92,5.1914,5.184,0.1873,4.796,5.592,0.6483,0.86,9.0264,40.374,10,0.8848,0.9,,51.09,51.09,51.09,1.0,1.0,0.0,0,0.0,0.0,44.282,55.482
20260912_095000_805_V2_GPS_TO_VPS_NORMAL_DEV_8903,VALID,,V2,Reliable Handover,GPS_TO_VPS,KB05,B9-104,200.956,2026-09-12T09:50:00.8059320Z,2026-09-12T09:53:19.6138720Z,1.0,destination_reached,195,100,1,1,1,1,0,1.0,3.332,,1.0,False,2,1,0,1,0,0,0,0,2,0.0,0,0,2,2,False,1,1,0,0,1,1.686,1.686,0.0,1.686,1.686,1.686,success,,0.95,0.8522,41.447,0.0,1.2738,10.215,reconstructed from campus_x/campus_y at +/-2.0s window,1.2738,Logger's own position_jump_m/heading_jump_deg column is treated as UNRELIABLE (observed constant 0 in sample data / internal settle-loop delta) and is NOT used as the primary result; see position_jump_m_reconstructed instead.,195,5.1797,5.186,0.2018,4.637,5.608,0.7569,0.888,3.3332,17.791,0,,,0.8799,34.36,34.36,34.36,1.0,1.0,1.0,0,100.0,0.0,130.621,133.953
20260912_095408_236_BT_GPS_TO_VPS_NORMAL_DEV_FAAF,VALID,,BT,Quality + Dwell Baseline,GPS_TO_VPS,KB05,B9-101,38.605,2026-09-12T09:54:08.2363730Z,,1.0,destination_reached,39,56,1,1,0,0,0,1.0,3.089,,1.0,False,4,2,1,1,0,0,0,2,4,50.0,1,4,4,4,False,1,1,0,0,1,1.676,1.676,0.0,1.676,1.676,1.676,success,5.028,0.132,0.8452,0.0,0.0,2.1703,16.231,reconstructed from campus_x/campus_y at +/-2.0s window,2.1703,Logger's own position_jump_m/heading_jump_deg column is treated as UNRELIABLE (observed constant 0 in sample data / internal settle-loop delta) and is NOT used as the primary result; see position_jump_m_reconstructed instead.,39,5.4437,5.425,0.2043,5.041,6.0,0.387,0.414,4.0129,9.873,11,0.9,0.9,0.8731,30.77,30.77,30.77,1.0,1.0,1.0,2,100.0,50.0,25.071,28.16
20260912_095714_923_V4_GPS_TO_VPS_NORMAL_DEV_F016,VALID,,V4,No Map-ID Check,GPS_TO_VPS,KB05,B9-104,118.587,2026-09-12T09:57:14.9236230Z,,1.0,destination_reached,119,78,1,1,0,1,0,1.0,3.331,,1.0,False,4,2,1,1,0,0,0,2,4,50.0,1,4,4,4,False,1,1,0,0,1,1.698,1.698,0.0,1.698,1.698,1.698,success,7.018,0.909,0.8785,7.202,0.0,1.5924,15.026,reconstructed from campus_x/campus_y at +/-2.0s window,1.5924,Logger's own position_jump_m/heading_jump_deg column is treated as UNRELIABLE (observed constant 0 in sample data / internal settle-loop delta) and is NOT used as the primary result; see position_jump_m_reconstructed instead.,119,5.4049,5.382,0.1992,5.013,5.906,0.7831,0.891,1.6571,8.017,18,0.9,0.9,0.881,33.61,33.61,33.61,1.0,1.0,1.0,2,100.0,50.0,77.082,80.413
