session_id,validation_status,validation_notes,harmony_version,harmony_profile,direction,destination,duration_s,start_utc,end_utc,completed,end_reason,n_samples,n_events,quality_gate,temporal_dwell,map_id_check,recovery_fsm,adaptive_guidance,handover_success_reconstructed,handover_latency_s,handover_start_s,handover_end_s,handover_note,handover_success_summary,handover_success_mismatch,source_transitions_total,switch_count_Gps_to_Pdr,switch_count_Pdr_to_Gps,switch_count_Pdr_to_Vps,switch_count_Vps_to_Pdr,switch_count_Gps_to_Vps,switch_count_Vps_to_Gps,false_handover_count,evaluable_switches,false_handover_rate_percent,oscillation_episode_count,unnecessary_source_switches,source_toggle_count_summary,source_toggle_count_reconstructed,source_toggle_count_mismatch,vps_attempts_total,vps_attempts_success,vps_attempts_timeout,vps_attempts_unresolved,vps_localization_time_s_n,vps_localization_time_s_mean,vps_localization_time_s_median,vps_localization_time_s_sd,vps_localization_time_s_min,vps_localization_time_s_max,vps_localization_time_last_s,vps_localization_outcome_last,pdr_transition_duration_s,gps_reliability_at_acceptance,vps_reliability_at_acceptance,gps_stable_s_at_acceptance,vps_stable_s_at_acceptance,position_jump_m_reconstructed,heading_jump_deg_reconstructed,position_jump_note,position_jump_m_logger_column,position_jump_m_logger_note,gps_accuracy_m_n,gps_accuracy_m_mean,gps_accuracy_m_median,gps_accuracy_m_sd,gps_accuracy_m_min,gps_accuracy_m_max,gps_reliability_mean,gps_reliability_median,gps_age_s_mean,gps_age_s_max,pdr_steps_total,pdr_confidence_mean,pdr_confidence_median,vps_reliability_mean_when_valid,vps_confidence_available_rate_percent,vps_map_id_available_rate_percent,vps_map_match_rate_percent,handover_attempts_total_summary,handover_attempts_evaluable_summary,successful_handovers_summary,false_handovers_summary,hsr_percent_summary,fhr_percent_summary,events_file,samples_file,summary_file
20260912_102736_027_V4_GPS_TO_VPS_NORMAL_DEV_C329,VALID,,V4,No Map-ID Check,GPS_TO_VPS,B9-105,258.317,2026-09-12T10:27:36.0279030Z,,1.0,,249.0,4226.0,1.0,1.0,0.0,1.0,0.0,1.0,3.144,185.941,189.085,,1.0,False,4.0,2.0,1.0,1.0,0.0,0.0,0.0,2.0,4.0,50.0,1.0,4.0,4.0,4.0,False,1.0,1.0,0.0,0.0,1.0,1.663,1.663,0.0,1.663,1.663,1.663,success,21.425,0.113,0.5,0.0,0.0,1.7469,14.405,reconstructed from campus_x/campus_y at +/-2.0s window,1.7469,Logger's own position_jump_m/heading_jump_deg column is treated as UNRELIABLE (observed constant 0 in sample data / internal settle-loop delta) and is NOT used as the primary result; see position_jump_m_reconstructed instead.,249.0,5.1378,5.148,0.2655,4.481,5.964,0.4394,0.113,41.3519,142.308,16.0,0.9,0.9,,0.0,0.0,0.0,1.0,1.0,1.0,1.0,100.0,25.0,,,
20260912_102831_991_BT_GPS_TO_VPS_NORMAL_DEV_AB40,VALID,,BT,Quality + Dwell Baseline,GPS_TO_VPS,B9-EXIT,84.291,2026-09-12T10:28:31.9916200Z,,1.0,,80.0,383.0,1.0,1.0,0.0,0.0,0.0,1.0,2.887,60.521,63.408,,1.0,False,2.0,1.0,0.0,1.0,0.0,0.0,0.0,0.0,2.0,0.0,0.0,0.0,2.0,2.0,False,1.0,1.0,0.0,0.0,1.0,1.731,1.731,0.0,1.731,1.731,1.731,success,13.37,0.132,0.5,0.0,0.0,2.4059,16.97,reconstructed from campus_x/campus_y at +/-2.0s window,2.4059,Logger's own position_jump_m/heading_jump_deg column is treated as UNRELIABLE (observed constant 0 in sample data / internal settle-loop delta) and is NOT used as the primary result; see position_jump_m_reconstructed instead.,80.0,4.9764,5.001,0.2965,4.0,5.822,0.3984,0.132,12.6528,41.494,8.0,0.899,0.9,,0.0,0.0,0.0,1.0,1.0,1.0,0.0,100.0,0.0,,,
20260912_101203_701_V1_GPS_TO_VPS_NORMAL_DEV_0951,VALID,,V1,Fixed Geometric,GPS_TO_VPS,B9-101,312.148,2026-09-12T10:12:03.7013720Z,,1.0,,301.0,284.0,0.0,0.0,0.0,0.0,0.0,1.0,2.243,224.626,226.869,,1.0,False,6.0,3.0,2.0,1.0,0.0,0.0,0.0,4.0,6.0,66.67,1.0,6.0,6.0,6.0,False,1.0,1.0,0.0,0.0,1.0,1.726,1.726,0.0,1.726,1.726,1.726,success,210.809,0.924,0.5,2.866,0.0,3.5546,28.869,reconstructed from campus_x/campus_y at +/-2.0s window,3.5546,Logger's own position_jump_m/heading_jump_deg column is treated as UNRELIABLE (observed constant 0 in sample data / internal settle-loop delta) and is NOT used as the primary result; see position_jump_m_reconstructed instead.,301.0,4.7855,4.779,0.2483,4.0,5.6,0.6893,0.864,3.5545,21.647,29.0,0.8997,0.9,,0.0,0.0,0.0,2.0,2.0,1.0,2.0,100.0,33.3,,,
20260912_102449_585_V5_GPS_TO_VPS_NORMAL_DEV_9683,VALID,,V5,Full HARMONY,GPS_TO_VPS,B9-203,156.566,2026-09-12T10:24:49.5852390Z,,1.0,,152.0,1140.0,1.0,1.0,1.0,1.0,1.0,1.0,3.217,112.68,115.897,,1.0,False,2.0,1.0,0.0,1.0,0.0,0.0,0.0,0.0,2.0,0.0,0.0,0.0,2.0,2.0,False,1.0,1.0,0.0,0.0,1.0,1.689,1.689,0.0,1.689,1.689,1.689,success,3.1,0.113,0.5,0.0,0.0,1.2976,11.233,reconstructed from campus_x/campus_y at +/-2.0s window,1.2976,Logger's own position_jump_m/heading_jump_deg column is treated as UNRELIABLE (observed constant 0 in sample data / internal settle-loop delta) and is NOT used as the primary result; see position_jump_m_reconstructed instead.,152.0,5.3448,5.3505,0.2197,4.772,5.848,0.3601,0.113,43.0033,115.393,13.0,0.9,0.9,,0.0,0.0,0.0,1.0,1.0,1.0,0.0,100.0,0.0,,,
20260912_103441_580_BQ_GPS_TO_VPS_NORMAL_DEV_1510,VALID,,BQ,Quality-Threshold Baseline,GPS_TO_VPS,B9-101,71.21,2026-09-12T10:34:41.5802050Z,,1.0,,65.0,202.0,1.0,0.0,0.0,0.0,0.0,1.0,2.729,51.111,53.84,,1.0,False,4.0,2.0,1.0,1.0,0.0,0.0,0.0,2.0,4.0,50.0,1.0,4.0,4.0,4.0,False,1.0,1.0,0.0,0.0,1.0,1.768,1.768,0.0,1.768,1.768,1.768,success,5.129,0.132,0.5,0.0,0.0,2.8839,18.399,reconstructed from campus_x/campus_y at +/-2.0s window,2.8839,Logger's own position_jump_m/heading_jump_deg column is treated as UNRELIABLE (observed constant 0 in sample data / internal settle-loop delta) and is NOT used as the primary result; see position_jump_m_reconstructed instead.,65.0,5.2166,5.205,0.2212,4.7,5.869,0.4203,0.132,8.9814,25.213,3.0,0.9,0.9,,0.0,0.0,0.0,2.0,2.0,1.0,1.0,100.0,25.0,,,
20260912_101355_285_V2_GPS_TO_VPS_NORMAL_DEV_280D,VALID_WITH_WARNINGS,[LARGE_TIME_GAP] 1 gap(s) in events elapsed_s exceed 60.0s (app pause/resume or logging interruption).,V2,Reliable Handover,GPS_TO_VPS,B9-201,314.629,2026-09-12T10:13:55.2850640Z,,1.0,,305.0,1083.0,1.0,1.0,1.0,1.0,0.0,1.0,3.51,218.568,222.078,,1.0,False,2.0,1.0,0.0,1.0,0.0,0.0,0.0,0.0,2.0,0.0,0.0,0.0,2.0,2.0,False,1.0,1.0,0.0,0.0,1.0,1.605,1.605,0.0,1.605,1.605,1.605,success,230.19,0.91,0.5,77.41,0.0,1.2837,10.39,reconstructed from campus_x/campus_y at +/-2.0s window,1.2837,Logger's own position_jump_m/heading_jump_deg column is treated as UNRELIABLE (observed constant 0 in sample data / internal settle-loop delta) and is NOT used as the primary result; see position_jump_m_reconstructed instead.,305.0,5.4079,5.403,0.2514,4.706,6.084,0.7605,0.909,3.1499,24.773,6.0,0.9,0.9,,0.0,0.0,0.0,2.0,2.0,1.0,0.0,100.0,0.0,,,
20260912_102134_888_V3_GPS_TO_VPS_NORMAL_DEV_74A7,VALID,,V3,No Dwell Time,GPS_TO_VPS,B9-EXIT,176.727,2026-09-12T10:21:34.8880390Z,,1.0,,170.0,1268.0,1.0,0.0,1.0,1.0,0.0,1.0,2.358,127.171,129.529,,1.0,False,6.0,3.0,2.0,1.0,0.0,0.0,0.0,4.0,6.0,66.67,1.0,6.0,6.0,6.0,False,1.0,1.0,0.0,0.0,1.0,1.74,1.74,0.0,1.74,1.74,1.74,success,16.47,0.132,0.5,0.0,0.0,1.9534,15.318,reconstructed from campus_x/campus_y at +/-2.0s window,1.9534,Logger's own position_jump_m/heading_jump_deg column is treated as UNRELIABLE (observed constant 0 in sample data / internal settle-loop delta) and is NOT used as the primary result; see position_jump_m_reconstructed instead.,170.0,5.4581,5.4545,0.2408,4.895,6.084,0.2294,0.132,50.8571,130.227,12.0,0.8958,0.9,,0.0,0.0,0.0,1.0,1.0,1.0,2.0,100.0,33.3,,,
20260912_054937_286_V5_GPS_TO_VPS_NORMAL_DEV_890A,VALID,,V5,Full HARMONY,GPS_TO_VPS,B9-103,140.094,2026-09-12T05:49:37.2863390Z,,1.0,,137.0,753.0,1.0,1.0,1.0,1.0,1.0,1.0,3.323,100.724,104.047,,1.0,False,2.0,1.0,0.0,1.0,0.0,0.0,0.0,0.0,2.0,0.0,0.0,0.0,2.0,2.0,False,1.0,1.0,0.0,0.0,1.0,1.728,1.728,0.0,1.728,1.728,1.728,success,5.151,0.113,0.5,0.0,0.0,1.2493,11.435,reconstructed from campus_x/campus_y at +/-2.0s window,1.2493,Logger's own position_jump_m/heading_jump_deg column is treated as UNRELIABLE (observed constant 0 in sample data / internal settle-loop delta) and is NOT used as the primary result; see position_jump_m_reconstructed instead.,137.0,5.2268,5.225,0.2678,4.407,5.804,0.3705,0.113,37.7891,102.209,15.0,0.8992,0.9,,0.0,0.0,0.0,1.0,1.0,1.0,0.0,100.0,0.0,,,
20260912_074926_945_BQ_GPS_TO_VPS_NORMAL_DEV_F2F8,VALID,,BQ,Quality-Threshold Baseline,GPS_TO_VPS,B9-103,97.929,2026-09-12T07:49:26.9451630Z,,1.0,,94.0,194.0,1.0,0.0,0.0,0.0,0.0,1.0,2.567,70.461,73.028,,1.0,False,4.0,2.0,1.0,1.0,0.0,0.0,0.0,2.0,4.0,50.0,1.0,4.0,4.0,4.0,False,1.0,1.0,0.0,0.0,1.0,1.672,1.672,0.0,1.672,1.672,1.672,success,37.027,0.887,0.5,1.993,0.0,2.6838,19.479,reconstructed from campus_x/campus_y at +/-2.0s window,2.6838,Logger's own position_jump_m/heading_jump_deg column is treated as UNRELIABLE (observed constant 0 in sample data / internal settle-loop delta) and is NOT used as the primary result; see position_jump_m_reconstructed instead.,94.0,4.9998,4.9785,0.231,4.57,5.614,0.6879,0.911,3.9916,18.654,45.0,0.9,0.9,,0.0,0.0,0.0,1.0,1.0,1.0,1.0,100.0,25.0,,,
20260912_055419_224_V3_GPS_TO_VPS_NORMAL_DEV_F251,VALID,,V3,No Dwell Time,GPS_TO_VPS,B9-104,125.988,2026-09-12T05:54:19.2245840Z,,1.0,,123.0,140.0,1.0,0.0,1.0,1.0,0.0,1.0,2.191,89.671,91.862,,1.0,False,6.0,3.0,2.0,1.0,0.0,0.0,0.0,4.0,6.0,66.67,1.0,6.0,6.0,6.0,False,1.0,1.0,0.0,0.0,1.0,1.694,1.694,0.0,1.694,1.694,1.694,success,5.149,0.996,0.5,0.831,0.0,2.1358,16.989,reconstructed from campus_x/campus_y at +/-2.0s window,2.1358,Logger's own position_jump_m/heading_jump_deg column is treated as UNRELIABLE (observed constant 0 in sample data / internal settle-loop delta) and is NOT used as the primary result; see position_jump_m_reconstructed instead.,123.0,4.982,4.961,0.2446,4.462,5.727,0.7513,0.937,4.3386,25.765,5.0,0.9,0.9,,0.0,0.0,0.0,0.0,0.0,1.0,2.0,100.0,33.3,,,
20260912_062236_926_V1_GPS_TO_VPS_NORMAL_DEV_DA16,VALID,,V1,Fixed Geometric,GPS_TO_VPS,B9-103,130.202,2026-09-12T06:22:36.9266650Z,,1.0,,127.0,363.0,0.0,0.0,0.0,0.0,0.0,1.0,2.004,93.745,95.749,,1.0,False,4.0,2.0,1.0,1.0,0.0,0.0,0.0,2.0,4.0,50.0,1.0,4.0,4.0,4.0,False,1.0,1.0,0.0,0.0,1.0,1.657,1.657,0.0,1.657,1.657,1.657,success,27.765,0.132,0.5,0.0,0.0,3.6151,31.441,reconstructed from campus_x/campus_y at +/-2.0s window,3.6151,Logger's own position_jump_m/heading_jump_deg column is treated as UNRELIABLE (observed constant 0 in sample data / internal settle-loop delta) and is NOT used as the primary result; see position_jump_m_reconstructed instead.,127.0,5.1004,5.119,0.2428,4.487,5.774,0.4856,0.132,23.3692,76.597,11.0,0.9,0.9,,0.0,0.0,0.0,1.0,1.0,1.0,1.0,100.0,25.0,,,
20260912_063230_287_BT_GPS_TO_VPS_NORMAL_DEV_7870,VALID,,BT,Quality + Dwell Baseline,GPS_TO_VPS,B9-103,121.284,2026-09-12T06:32:30.2878450Z,,1.0,,119.0,390.0,1.0,1.0,0.0,0.0,0.0,1.0,2.746,87.157,89.903,,1.0,False,4.0,2.0,1.0,1.0,0.0,0.0,0.0,2.0,4.0,50.0,1.0,4.0,4.0,4.0,False,1.0,1.0,0.0,0.0,1.0,1.755,1.755,0.0,1.755,1.755,1.755,success,31.846,0.132,0.5,0.0,0.0,2.0369,17.844,reconstructed from campus_x/campus_y at +/-2.0s window,2.0369,Logger's own position_jump_m/heading_jump_deg column is treated as UNRELIABLE (observed constant 0 in sample data / internal settle-loop delta) and is NOT used as the primary result; see position_jump_m_reconstructed instead.,119.0,5.1283,5.134,0.2476,4.434,5.725,0.6312,0.9,11.8117,51.578,13.0,0.9,0.9,,0.0,0.0,0.0,1.0,1.0,1.0,1.0,100.0,25.0,,,
20260912_054551_539_V4_GPS_TO_VPS_NORMAL_DEV_5680,VALID_WITH_WARNINGS,"[TRIAL_NOT_COMPLETED] summary.completed=0 and no end_reason logged; trial may have been aborted, reset, or app-closed mid-run.",V4,No Map-ID Check,GPS_TO_VPS,B9-103,104.637,2026-09-12T05:45:51.5398000Z,,0.0,,100.0,558.0,1.0,1.0,0.0,1.0,0.0,0.0,,75.267,87.267,,0.0,False,1.0,1.0,0.0,0.0,0.0,0.0,0.0,0.0,1.0,0.0,0.0,0.0,1.0,1.0,False,1.0,0.0,1.0,0.0,1.0,10.427,10.427,0.0,10.427,10.427,10.427,timeout_fallback,25.638,0.113,0.5,0.0,0.0,0.0,0.224,reconstructed from campus_x/campus_y at +/-2.0s window,0.0,Logger's own position_jump_m/heading_jump_deg column is treated as UNRELIABLE (observed constant 0 in sample data / internal settle-loop delta) and is NOT used as the primary result; see position_jump_m_reconstructed instead.,100.0,5.141,5.1315,0.2464,4.399,5.748,0.4747,0.113,18.5916,60.548,36.0,0.9,0.9,,0.0,0.0,0.0,1.0,1.0,0.0,0.0,0.0,0.0,,,
20260912_060829_927_V2_GPS_TO_VPS_NORMAL_DEV_F796,VALID,,V2,Reliable Handover,GPS_TO_VPS,B9-103,116.486,2026-09-12T06:08:29.9271720Z,,1.0,,111.0,356.0,1.0,1.0,1.0,1.0,0.0,1.0,3.552,83.727,87.279,,1.0,False,2.0,1.0,0.0,1.0,0.0,0.0,0.0,0.0,2.0,0.0,0.0,0.0,2.0,2.0,False,1.0,1.0,0.0,0.0,1.0,1.714,1.714,0.0,1.714,1.714,1.714,success,48.342,0.113,0.5,0.0,0.0,1.2131,10.403,reconstructed from campus_x/campus_y at +/-2.0s window,1.2131,Logger's own position_jump_m/heading_jump_deg column is treated as UNRELIABLE (observed constant 0 in sample data / internal settle-loop delta) and is NOT used as the primary result; see position_jump_m_reconstructed instead.,111.0,5.0004,5.011,0.238,4.33,5.592,0.5491,0.782,14.2407,55.403,49.0,0.9,0.9,,0.0,0.0,0.0,1.0,1.0,1.0,0.0,100.0,0.0,,,
20260915_042934_425_V5_GPS_TO_VPS_NORMAL_DEV_5F97,VALID,,V5,Full HARMONY,GPS_TO_VPS,B9-104,117.647,2026-09-15T04:29:34.4253510Z,,1.0,,114.0,58.0,1.0,1.0,1.0,1.0,1.0,1.0,3.43,83.002,86.432,,1.0,False,2.0,1.0,0.0,1.0,0.0,0.0,0.0,0.0,2.0,0.0,0.0,0.0,2.0,2.0,False,1.0,1.0,0.0,0.0,1.0,1.661,1.661,0.0,1.661,1.661,1.661,success,,0.15,0.5,0.0,0.0,1.1245,10.573,reconstructed from campus_x/campus_y at +/-2.0s window,1.1245,Logger's own position_jump_m/heading_jump_deg column is treated as UNRELIABLE (observed constant 0 in sample data / internal settle-loop delta) and is NOT used as the primary result; see position_jump_m_reconstructed instead.,114.0,5.0906,5.0815,0.2556,4.537,5.854,0.1665,0.15,60.2162,117.547,0.0,,,,0.0,0.0,0.0,0.0,0.0,1.0,0.0,100.0,0.0,,,
20260915_044338_595_BT_GPS_TO_VPS_NORMAL_DEV_FBA2,VALID_WITH_WARNINGS,"[TRIAL_NOT_COMPLETED] summary.completed=0 and no end_reason logged; trial may have been aborted, reset, or app-closed mid-run.",BT,Quality + Dwell Baseline,GPS_TO_VPS,B9-104,125.21,2026-09-15T04:43:38.5950480Z,,0.0,,120.0,223.0,1.0,1.0,0.0,0.0,0.0,0.0,,90.151,102.151,,0.0,False,1.0,1.0,0.0,0.0,0.0,0.0,0.0,0.0,1.0,0.0,0.0,0.0,1.0,1.0,False,1.0,0.0,1.0,0.0,1.0,10.429,10.429,0.0,10.429,10.429,10.429,timeout_fallback,51.333,0.755,0.5,12.35,0.0,0.444,2.526,reconstructed from campus_x/campus_y at +/-2.0s window,0.0,Logger's own position_jump_m/heading_jump_deg column is treated as UNRELIABLE (observed constant 0 in sample data / internal settle-loop delta) and is NOT used as the primary result; see position_jump_m_reconstructed instead.,120.0,4.9285,4.897,0.2512,4.273,5.582,0.6295,0.8705,7.3267,36.26,32.0,0.9,0.9,,0.0,0.0,0.0,1.0,1.0,0.0,0.0,0.0,0.0,,,
20260915_043945_288_BQ_GPS_TO_VPS_NORMAL_DEV_3951,VALID,,BQ,Quality-Threshold Baseline,GPS_TO_VPS,B9-104,150.45,2026-09-15T04:39:45.2887630Z,,1.0,,148.0,4217.0,1.0,0.0,0.0,0.0,0.0,1.0,2.467,108.276,110.743,,1.0,False,4.0,2.0,1.0,1.0,0.0,0.0,0.0,2.0,4.0,50.0,1.0,4.0,4.0,4.0,False,1.0,1.0,0.0,0.0,1.0,1.706,1.706,0.0,1.706,1.706,1.706,success,14.2,0.928,0.5,48.217,0.0,2.9269,23.433,reconstructed from campus_x/campus_y at +/-2.0s window,2.9269,Logger's own position_jump_m/heading_jump_deg column is treated as UNRELIABLE (observed constant 0 in sample data / internal settle-loop delta) and is NOT used as the primary result; see position_jump_m_reconstructed instead.,148.0,4.9998,5.007,0.2464,4.413,5.756,0.5575,0.4535,34.9534,111.295,22.0,0.9,0.9,,0.0,0.0,0.0,1.0,1.0,1.0,1.0,100.0,25.0,,,
20260915_041512_690_V1_GPS_TO_VPS_NORMAL_DEV_858E,VALID_WITH_WARNINGS,"[TRIAL_NOT_COMPLETED] summary.completed=0 and no end_reason logged; trial may have been aborted, reset, or app-closed mid-run.",V1,Fixed Geometric,GPS_TO_VPS,B9-102,181.95,2026-09-15T04:15:12.6903720Z,,0.0,,177.0,3773.0,0.0,0.0,0.0,0.0,0.0,0.0,,130.884,142.884,,0.0,False,3.0,2.0,1.0,0.0,0.0,0.0,0.0,2.0,3.0,66.67,1.0,3.0,3.0,3.0,False,1.0,0.0,1.0,0.0,1.0,11.528,11.528,0.0,11.528,11.528,11.528,timeout_fallback,36.55,0.956,0.5,21.4,0.0,0.013,0.277,reconstructed from campus_x/campus_y at +/-2.0s window,0.0,Logger's own position_jump_m/heading_jump_deg column is treated as UNRELIABLE (observed constant 0 in sample data / internal settle-loop delta) and is NOT used as the primary result; see position_jump_m_reconstructed instead.,177.0,4.8159,4.807,0.2508,4.032,5.525,0.682,0.889,4.2474,24.25,30.0,0.9,0.9,,0.0,0.0,0.0,1.0,1.0,0.0,1.0,0.0,33.3,,,
20260915_041925_984_V2_GPS_TO_VPS_NORMAL_DEV_3309,VALID,,V2,Reliable Handover,GPS_TO_VPS,B9-104,87.75,2026-09-15T04:19:25.9840140Z,,1.0,,86.0,225.0,1.0,1.0,1.0,1.0,0.0,1.0,3.475,63.132,66.607,,1.0,False,2.0,1.0,0.0,1.0,0.0,0.0,0.0,0.0,2.0,0.0,0.0,0.0,2.0,2.0,False,1.0,1.0,0.0,0.0,1.0,1.639,1.639,0.0,1.639,1.639,1.639,success,17.35,0.882,0.5,58.45,0.0,1.3045,11.128,reconstructed from campus_x/campus_y at +/-2.0s window,1.3045,Logger's own position_jump_m/heading_jump_deg column is treated as UNRELIABLE (observed constant 0 in sample data / internal settle-loop delta) and is NOT used as the primary result; see position_jump_m_reconstructed instead.,86.0,5.199,5.195,0.2462,4.585,5.829,0.777,0.9315,2.4467,12.95,46.0,0.9,0.9,,0.0,0.0,0.0,1.0,1.0,1.0,0.0,100.0,0.0,,,
20260915_042149_473_V3_GPS_TO_VPS_NORMAL_DEV_DC42,VALID_WITH_WARNINGS,"[TRIAL_NOT_COMPLETED] summary.completed=0 and no end_reason logged; trial may have been aborted, reset, or app-closed mid-run.",V3,No Dwell Time,GPS_TO_VPS,B9-104,130.833,2026-09-15T04:21:49.4736220Z,,0.0,,129.0,548.0,1.0,0.0,1.0,1.0,0.0,0.0,,94.092,106.092,,0.0,False,3.0,2.0,1.0,0.0,0.0,0.0,0.0,2.0,3.0,66.67,1.0,3.0,3.0,3.0,False,1.0,0.0,1.0,0.0,1.0,11.412,11.412,0.0,11.412,11.412,11.412,timeout_fallback,41.717,0.132,0.5,0.0,0.0,0.2392,18.53,reconstructed from campus_x/campus_y at +/-2.0s window,0.0,Logger's own position_jump_m/heading_jump_deg column is treated as UNRELIABLE (observed constant 0 in sample data / internal settle-loop delta) and is NOT used as the primary result; see position_jump_m_reconstructed instead.,129.0,4.8693,4.837,0.2762,4.201,5.669,0.4296,0.132,16.1928,54.3,3.0,0.9,0.9,,0.0,0.0,0.0,2.0,2.0,0.0,1.0,0.0,33.3,,,
20260915_042529_132_V4_GPS_TO_VPS_NORMAL_DEV_72A2,VALID,,V4,No Map-ID Check,GPS_TO_VPS,B9-104,121.629,2026-09-15T04:25:29.1325200Z,,1.0,,117.0,959.0,1.0,1.0,0.0,1.0,0.0,1.0,3.117,82.833,85.95,,1.0,False,4.0,2.0,1.0,1.0,0.0,0.0,0.0,2.0,4.0,50.0,1.0,4.0,4.0,4.0,False,1.0,1.0,0.0,0.0,1.0,1.643,1.643,0.0,1.643,1.643,1.643,success,5.133,0.991,0.5,18.9,0.0,1.4721,11.994,reconstructed from campus_x/campus_y at +/-2.0s window,1.4721,Logger's own position_jump_m/heading_jump_deg column is treated as UNRELIABLE (observed constant 0 in sample data / internal settle-loop delta) and is NOT used as the primary result; see position_jump_m_reconstructed instead.,117.0,5.3998,5.42,0.241,4.793,5.957,0.7851,0.898,2.3587,10.9,12.0,0.9,0.9,,0.0,0.0,0.0,1.0,1.0,1.0,1.0,100.0,25.0,,,
20260910_070011_120_V1_GPS_TO_VPS_NORMAL_DEV_30D7,VALID_WITH_WARNINGS,"[TRIAL_NOT_COMPLETED] summary.completed=0 and no end_reason logged; trial may have been aborted, reset, or app-closed mid-run.",V1,Fixed Geometric,GPS_TO_VPS,B9-104,38.779,2026-09-10T07:00:11.1207610Z,,0.0,,38.0,102.0,0.0,0.0,0.0,0.0,0.0,0.0,,20.0,32.0,,0.0,False,1.0,1.0,0.0,0.0,0.0,0.0,0.0,0.0,1.0,0.0,0.0,0.0,1.0,1.0,False,1.0,0.0,1.0,0.0,1.0,11.371,11.371,0.0,11.371,11.371,11.371,timeout_fallback,12.315,0.956,0.5,14.383,0.0,2.073,9.31,reconstructed from campus_x/campus_y at +/-2.0s window,0.0,Logger's own position_jump_m/heading_jump_deg column is treated as UNRELIABLE (observed constant 0 in sample data / internal settle-loop delta) and is NOT used as the primary result; see position_jump_m_reconstructed instead.,38.0,5.2198,5.199,0.2411,4.653,5.699,0.9059,0.956,1.3138,5.166,3.0,0.9,0.9,,0.0,0.0,0.0,0.0,0.0,0.0,0.0,0.0,0.0,,,
20260910_065833_404_V2_GPS_TO_VPS_NORMAL_DEV_5D53,VALID,,V2,Reliable Handover,GPS_TO_VPS,B9-106,73.778,2026-09-10T06:58:33.4040440Z,,1.0,,70.0,114.0,1.0,1.0,1.0,1.0,0.0,1.0,3.506,53.024,56.53,,1.0,False,2.0,1.0,0.0,1.0,0.0,0.0,0.0,0.0,2.0,0.0,0.0,0.0,2.0,2.0,False,1.0,1.0,0.0,0.0,1.0,1.607,1.607,0.0,1.607,1.607,1.607,success,37.802,0.833,0.5,53.55,0.0,1.2469,10.971,reconstructed from campus_x/campus_y at +/-2.0s window,1.2469,Logger's own position_jump_m/heading_jump_deg column is treated as UNRELIABLE (observed constant 0 in sample data / internal settle-loop delta) and is NOT used as the primary result; see position_jump_m_reconstructed instead.,70.0,5.2846,5.2995,0.2553,4.621,5.867,0.8447,0.9205,2.0221,10.015,25.0,0.8989,0.9,,0.0,0.0,0.0,1.0,1.0,1.0,0.0,100.0,0.0,,,
20260910_064931_553_BQ_GPS_TO_VPS_NORMAL_DEV_532B,VALID,,BQ,Quality-Threshold Baseline,GPS_TO_VPS,B9-EXIT,77.975,2026-09-10T06:49:31.5531500Z,,1.0,,74.0,360.0,1.0,0.0,0.0,0.0,0.0,1.0,2.741,56.046,58.787,,1.0,False,4.0,2.0,1.0,1.0,0.0,0.0,0.0,2.0,4.0,50.0,1.0,4.0,4.0,4.0,False,1.0,1.0,0.0,0.0,1.0,1.724,1.724,0.0,1.724,1.724,1.724,success,7.303,0.132,0.5,0.0,0.0,2.8081,23.161,reconstructed from campus_x/campus_y at +/-2.0s window,2.8081,Logger's own position_jump_m/heading_jump_deg column is treated as UNRELIABLE (observed constant 0 in sample data / internal settle-loop delta) and is NOT used as the primary result; see position_jump_m_reconstructed instead.,74.0,5.0793,5.071,0.2761,4.423,5.683,0.4446,0.132,15.6874,47.308,33.0,0.8968,0.9,,0.0,0.0,0.0,1.0,1.0,1.0,1.0,100.0,25.0,,,
20260910_064543_930_BT_GPS_TO_VPS_NORMAL_DEV_9325,VALID,,BT,Quality + Dwell Baseline,GPS_TO_VPS,B9-104,74.799,2026-09-10T06:45:43.9301650Z,2026-09-10T06:46:56.4621650Z,1.0,user_finished_trial,71.0,362.0,1.0,1.0,0.0,0.0,0.0,1.0,3.162,53.855,57.017,,1.0,False,2.0,1.0,0.0,1.0,0.0,0.0,0.0,0.0,2.0,0.0,0.0,0.0,2.0,2.0,False,1.0,1.0,0.0,0.0,1.0,1.718,1.718,0.0,1.718,1.718,1.718,success,7.322,0.132,0.5,0.0,0.0,2.0208,18.049,reconstructed from campus_x/campus_y at +/-2.0s window,2.0208,Logger's own position_jump_m/heading_jump_deg column is treated as UNRELIABLE (observed constant 0 in sample data / internal settle-loop delta) and is NOT used as the primary result; see position_jump_m_reconstructed instead.,71.0,5.046,5.037,0.2151,4.588,5.504,0.3231,0.132,13.8681,39.51,12.0,0.8966,0.9,,0.0,0.0,0.0,1.0,1.0,1.0,0.0,100.0,0.0,,,
20260910_065724_954_V3_GPS_TO_VPS_NORMAL_DEV_6AD5,VALID,,V3,No Dwell Time,GPS_TO_VPS,B9-104,45.172,2026-09-10T06:57:24.9543130Z,,1.0,,42.0,91.0,1.0,0.0,1.0,1.0,0.0,1.0,2.545,22.372,24.917,,1.0,False,4.0,2.0,1.0,1.0,0.0,0.0,0.0,2.0,4.0,50.0,1.0,4.0,4.0,4.0,False,1.0,1.0,0.0,0.0,1.0,1.667,1.667,0.0,1.667,1.667,1.667,success,42.081,0.984,0.5,5.034,0.0,2.0118,15.732,reconstructed from campus_x/campus_y at +/-2.0s window,2.0118,Logger's own position_jump_m/heading_jump_deg column is treated as UNRELIABLE (observed constant 0 in sample data / internal settle-loop delta) and is NOT used as the primary result; see position_jump_m_reconstructed instead.,42.0,4.6931,4.7085,0.2365,4.206,5.308,0.872,0.956,1.732,8.998,7.0,0.8981,0.9,,0.0,0.0,0.0,0.0,0.0,1.0,1.0,100.0,25.0,,,
20260910_065110_366_V5_GPS_TO_VPS_NORMAL_DEV_2C61,VALID,,V5,Full HARMONY,GPS_TO_VPS,B9-104,52.264,2026-09-10T06:51:10.3660700Z,,1.0,,52.0,112.0,1.0,1.0,1.0,1.0,1.0,1.0,3.389,30.464,33.853,,1.0,False,2.0,1.0,0.0,1.0,0.0,0.0,0.0,0.0,2.0,0.0,0.0,0.0,2.0,2.0,False,1.0,1.0,0.0,0.0,1.0,1.68,1.68,0.0,1.68,1.68,1.68,success,15.43,1.0,0.5,15.368,0.0,1.1455,11.01,reconstructed from campus_x/campus_y at +/-2.0s window,1.1455,Logger's own position_jump_m/heading_jump_deg column is treated as UNRELIABLE (observed constant 0 in sample data / internal settle-loop delta) and is NOT used as the primary result; see position_jump_m_reconstructed instead.,52.0,5.6102,5.6085,0.2401,5.14,6.174,0.8364,0.9345,1.9844,9.298,7.0,0.9,0.9,,0.0,0.0,0.0,0.0,0.0,1.0,0.0,100.0,0.0,,,
20260910_065220_824_V4_GPS_TO_VPS_NORMAL_DEV_C853,VALID,,V4,No Map-ID Check,GPS_TO_VPS,B9-104,77.861,2026-09-10T06:52:20.8245140Z,,1.0,,77.0,461.0,1.0,1.0,0.0,1.0,0.0,1.0,3.332,55.94,59.272,,1.0,False,2.0,1.0,0.0,1.0,0.0,0.0,0.0,0.0,2.0,0.0,0.0,0.0,2.0,2.0,False,1.0,1.0,0.0,0.0,1.0,1.652,1.652,0.0,1.652,1.652,1.652,success,6.133,0.113,0.5,0.0,0.0,1.7364,14.669,reconstructed from campus_x/campus_y at +/-2.0s window,1.7364,Logger's own position_jump_m/heading_jump_deg column is treated as UNRELIABLE (observed constant 0 in sample data / internal settle-loop delta) and is NOT used as the primary result; see position_jump_m_reconstructed instead.,77.0,5.6098,5.618,0.277,4.44,6.163,0.3572,0.113,13.6361,42.798,26.0,0.8813,0.9,,0.0,0.0,0.0,1.0,1.0,1.0,0.0,100.0,0.0,,,
20260912_101528_381_V3_GPS_TO_VPS_NORMAL_DEV_7F59,VALID,,V3,No Dwell Time,GPS_TO_VPS,B9-104,190.885,2026-09-12T10:15:28.3815990Z,,1.0,,191.0,378.0,1.0,0.0,1.0,1.0,0.0,1.0,2.171,135.104,137.275,,1.0,False,6.0,3.0,2.0,1.0,0.0,0.0,0.0,4.0,6.0,66.67,1.0,6.0,6.0,6.0,False,1.0,1.0,0.0,0.0,1.0,1.674,1.674,0.0,1.674,1.674,1.674,success,,0.176,0.5,0.0,0.0,2.1109,15.874,reconstructed from campus_x/campus_y at +/-2.0s window,2.1109,Logger's own position_jump_m/heading_jump_deg column is treated as UNRELIABLE (observed constant 0 in sample data / internal settle-loop delta) and is NOT used as the primary result; see position_jump_m_reconstructed instead.,191.0,4.773,4.752,0.254,4.146,5.633,0.8569,0.953,2.0636,8.972,0.0,,,,0.0,0.0,0.0,0.0,0.0,1.0,2.0,100.0,33.3,,,
20260912_103114_765_BT_GPS_TO_VPS_NORMAL_DEV_F9B7,VALID,,BT,Quality + Dwell Baseline,GPS_TO_VPS,B9-101,124.655,2026-09-12T10:31:14.7654270Z,,1.0,,122.0,247.0,1.0,1.0,0.0,0.0,0.0,1.0,2.694,89.655,92.349,,1.0,False,4.0,2.0,1.0,1.0,0.0,0.0,0.0,2.0,4.0,50.0,1.0,4.0,4.0,4.0,False,1.0,1.0,0.0,0.0,1.0,1.673,1.673,0.0,1.673,1.673,1.673,success,11.024,0.857,0.5,26.073,0.0,2.2718,17.612,reconstructed from campus_x/campus_y at +/-2.0s window,2.2718,Logger's own position_jump_m/heading_jump_deg column is treated as UNRELIABLE (observed constant 0 in sample data / internal settle-loop delta) and is NOT used as the primary result; see position_jump_m_reconstructed instead.,122.0,4.6794,4.696,0.2344,4.19,5.166,0.7928,0.8895,2.091,12.913,16.0,0.9,0.9,,0.0,0.0,0.0,1.0,1.0,1.0,1.0,100.0,25.0,,,
20260912_102732_818_BQ_GPS_TO_VPS_NORMAL_DEV_78D0,VALID,,BQ,Quality-Threshold Baseline,GPS_TO_VPS,B9-101,167.761,2026-09-12T10:27:32.8186450Z,,1.0,,165.0,369.0,1.0,0.0,0.0,0.0,0.0,1.0,2.933,120.715,123.648,,1.0,False,6.0,3.0,2.0,1.0,0.0,0.0,0.0,4.0,6.0,66.67,1.0,6.0,6.0,6.0,False,1.0,1.0,0.0,0.0,1.0,1.74,1.74,0.0,1.74,1.74,1.74,success,12.028,0.878,0.5,5.211,0.0,3.188,26.513,reconstructed from campus_x/campus_y at +/-2.0s window,3.188,Logger's own position_jump_m/heading_jump_deg column is treated as UNRELIABLE (observed constant 0 in sample data / internal settle-loop delta) and is NOT used as the primary result; see position_jump_m_reconstructed instead.,165.0,5.4159,5.435,0.2561,4.739,6.053,0.8647,0.906,1.3093,8.019,15.0,0.9,0.9,,0.0,0.0,0.0,1.0,1.0,1.0,2.0,100.0,33.3,,,
20260912_101227_816_V2_GPS_TO_VPS_NORMAL_DEV_E9C2,VALID,,V2,Reliable Handover,GPS_TO_VPS,B9-103,144.255,2026-09-12T10:12:27.8168230Z,,1.0,,142.0,350.0,1.0,1.0,1.0,1.0,0.0,1.0,3.262,103.815,107.077,,1.0,False,2.0,1.0,0.0,1.0,0.0,0.0,0.0,0.0,2.0,0.0,0.0,0.0,2.0,2.0,False,1.0,1.0,0.0,0.0,1.0,1.667,1.667,0.0,1.667,1.667,1.667,success,11.094,0.827,0.5,31.197,0.0,1.2565,10.484,reconstructed from campus_x/campus_y at +/-2.0s window,1.2565,Logger's own position_jump_m/heading_jump_deg column is treated as UNRELIABLE (observed constant 0 in sample data / internal settle-loop delta) and is NOT used as the primary result; see position_jump_m_reconstructed instead.,142.0,5.1835,5.2015,0.2222,4.741,5.703,0.8213,0.9325,2.1145,11.278,12.0,0.9,0.9,,0.0,0.0,0.0,1.0,1.0,1.0,0.0,100.0,0.0,,,
20260912_101928_244_V4_GPS_TO_VPS_NORMAL_DEV_FB48,VALID,,V4,No Map-ID Check,GPS_TO_VPS,B9-101,135.811,2026-09-12T10:19:28.2440310Z,,1.0,,136.0,220.0,1.0,1.0,0.0,1.0,0.0,1.0,3.341,97.759,101.1,,1.0,False,4.0,2.0,1.0,1.0,0.0,0.0,0.0,2.0,4.0,50.0,1.0,4.0,4.0,4.0,False,1.0,1.0,0.0,0.0,1.0,1.666,1.666,0.0,1.666,1.666,1.666,success,8.053,0.899,0.5,9.556,0.0,1.5212,16.227,reconstructed from campus_x/campus_y at +/-2.0s window,1.5212,Logger's own position_jump_m/heading_jump_deg column is treated as UNRELIABLE (observed constant 0 in sample data / internal settle-loop delta) and is NOT used as the primary result; see position_jump_m_reconstructed instead.,136.0,5.3014,5.2775,0.2257,4.719,6.015,0.8462,0.9045,1.6401,9.456,25.0,0.9,0.9,,0.0,0.0,0.0,1.0,1.0,1.0,1.0,100.0,25.0,,,
20260912_102314_139_V5_GPS_TO_VPS_NORMAL_DEV_D1F5,VALID,,V5,Full HARMONY,GPS_TO_VPS,B9-101,197.106,2026-09-12T10:23:14.1394600Z,,1.0,,194.0,645.0,1.0,1.0,1.0,1.0,1.0,1.0,3.466,141.796,145.262,,1.0,False,4.0,2.0,1.0,1.0,0.0,0.0,0.0,2.0,4.0,50.0,1.0,4.0,4.0,4.0,False,1.0,1.0,0.0,0.0,1.0,1.73,1.73,0.0,1.73,1.73,1.73,success,135.762,0.113,0.5,0.0,0.0,1.3131,11.623,reconstructed from campus_x/campus_y at +/-2.0s window,1.3131,Logger's own position_jump_m/heading_jump_deg column is treated as UNRELIABLE (observed constant 0 in sample data / internal settle-loop delta) and is NOT used as the primary result; see position_jump_m_reconstructed instead.,194.0,5.5355,5.5555,0.2579,4.744,6.216,0.6484,0.8135,4.4776,30.188,19.0,0.8971,0.9,,0.0,0.0,0.0,2.0,2.0,1.0,1.0,100.0,25.0,,,
20260912_100806_809_V1_GPS_TO_VPS_NORMAL_DEV_ECFB,VALID_WITH_WARNINGS,"[TRIAL_NOT_COMPLETED] summary.completed=0 and no end_reason logged; trial may have been aborted, reset, or app-closed mid-run.",V1,Fixed Geometric,GPS_TO_VPS,B9-101,141.532,2026-09-12T10:08:06.8097560Z,,0.0,,139.0,579.0,0.0,0.0,0.0,0.0,0.0,0.0,,101.879,113.879,,0.0,False,3.0,2.0,1.0,0.0,0.0,0.0,0.0,2.0,3.0,66.67,1.0,3.0,3.0,3.0,False,1.0,0.0,1.0,0.0,1.0,11.553,11.553,0.0,11.553,11.553,11.553,timeout_fallback,8.02,0.864,0.5,42.453,0.0,0.024,2.625,reconstructed from campus_x/campus_y at +/-2.0s window,0.0,Logger's own position_jump_m/heading_jump_deg column is treated as UNRELIABLE (observed constant 0 in sample data / internal settle-loop delta) and is NOT used as the primary result; see position_jump_m_reconstructed instead.,139.0,5.1834,5.2,0.2275,4.472,5.742,0.7983,0.904,2.0915,18.645,31.0,0.9,0.9,,0.0,0.0,0.0,1.0,1.0,0.0,1.0,0.0,33.3,,,
20260906_075007_857_V3_GPS_TO_VPS_NORMAL_DEV_5C58,VALID,,V3,No Dwell Time,GPS_TO_VPS,B9-104,92.806,2026-09-06T07:50:07.8570820Z,,1.0,,92.0,255.0,1.0,0.0,1.0,1.0,0.0,1.0,2.41,66.7,69.11,,1.0,False,6.0,3.0,2.0,1.0,0.0,0.0,0.0,4.0,6.0,66.67,1.0,6.0,6.0,6.0,False,1.0,1.0,0.0,0.0,1.0,1.722,1.722,0.0,1.722,1.722,1.722,success,56.437,0.739,0.5,4.434,0.0,1.9246,17.986,reconstructed from campus_x/campus_y at +/-2.0s window,1.9246,Logger's own position_jump_m/heading_jump_deg column is treated as UNRELIABLE (observed constant 0 in sample data / internal settle-loop delta) and is NOT used as the primary result; see position_jump_m_reconstructed instead.,92.0,5.014,5.017,0.2602,4.304,5.528,0.7463,0.802,1.7819,5.617,46.0,0.9,0.9,,0.0,0.0,0.0,1.0,1.0,1.0,2.0,100.0,33.3,,,
20260906_075227_349_V4_GPS_TO_VPS_NORMAL_DEV_3415,VALID,,V4,No Map-ID Check,GPS_TO_VPS,B9-104,219.481,2026-09-06T07:52:27.3495590Z,,1.0,,216.0,1434.0,1.0,1.0,0.0,1.0,0.0,1.0,3.371,157.954,161.325,,1.0,False,2.0,1.0,0.0,1.0,0.0,0.0,0.0,0.0,2.0,0.0,0.0,0.0,2.0,2.0,False,1.0,1.0,0.0,0.0,1.0,1.671,1.671,0.0,1.671,1.671,1.671,success,2.034,0.889,0.5,3.334,0.0,1.8298,16.627,reconstructed from campus_x/campus_y at +/-2.0s window,1.8298,Logger's own position_jump_m/heading_jump_deg column is treated as UNRELIABLE (observed constant 0 in sample data / internal settle-loop delta) and is NOT used as the primary result; see position_jump_m_reconstructed instead.,216.0,4.8533,4.87,0.2639,4.054,5.545,0.7298,0.8175,1.9929,11.101,16.0,0.9,0.9,,0.0,0.0,0.0,1.0,1.0,1.0,0.0,100.0,0.0,,,
20260906_074640_905_V2_GPS_TO_VPS_NORMAL_DEV_1FA1,VALID,,V2,Reliable Handover,GPS_TO_VPS,B9-104,154.624,2026-09-06T07:46:40.9057280Z,,1.0,,151.0,345.0,1.0,1.0,1.0,1.0,0.0,1.0,3.287,106.743,110.03,,1.0,False,2.0,1.0,0.0,1.0,0.0,0.0,0.0,0.0,2.0,0.0,0.0,0.0,2.0,2.0,False,1.0,1.0,0.0,0.0,1.0,1.674,1.674,0.0,1.674,1.674,1.674,success,4.067,0.777,0.5,0.767,0.0,1.2107,12.297,reconstructed from campus_x/campus_y at +/-2.0s window,1.2107,Logger's own position_jump_m/heading_jump_deg column is treated as UNRELIABLE (observed constant 0 in sample data / internal settle-loop delta) and is NOT used as the primary result; see position_jump_m_reconstructed instead.,151.0,5.3081,5.303,0.2555,4.602,6.021,0.7686,0.804,1.8596,9.037,11.0,0.892,0.9,,0.0,0.0,0.0,1.0,1.0,1.0,0.0,100.0,0.0,,,
20260906_075908_669_BQ_GPS_TO_VPS_NORMAL_DEV_A18D,VALID_WITH_WARNINGS,"[TRIAL_NOT_COMPLETED] summary.completed=0 and no end_reason logged; trial may have been aborted, reset, or app-closed mid-run.",BQ,Quality-Threshold Baseline,GPS_TO_VPS,B9-104,110.318,2026-09-06T07:59:08.6691810Z,,0.0,,108.0,420.0,1.0,0.0,0.0,0.0,0.0,0.0,,77.005,89.005,,0.0,False,1.0,1.0,0.0,0.0,0.0,0.0,0.0,0.0,1.0,0.0,0.0,0.0,1.0,1.0,False,1.0,0.0,1.0,0.0,1.0,10.896,10.896,0.0,10.896,10.896,10.896,timeout_fallback,96.54,0.848,0.5,4.134,0.0,0.114,0.0,reconstructed from campus_x/campus_y at +/-2.0s window,0.0,Logger's own position_jump_m/heading_jump_deg column is treated as UNRELIABLE (observed constant 0 in sample data / internal settle-loop delta) and is NOT used as the primary result; see position_jump_m_reconstructed instead.,108.0,4.9806,5.006,0.2591,4.166,5.535,0.7838,0.825,1.1136,4.665,11.0,0.9,0.9,,0.0,0.0,0.0,1.0,1.0,0.0,0.0,0.0,0.0,,,
20260906_075703_168_V5_GPS_TO_VPS_NORMAL_DEV_4680,VALID,,V5,Full HARMONY,GPS_TO_VPS,B9-104,79.551,2026-09-06T07:57:03.1682960Z,,1.0,,77.0,339.0,1.0,1.0,1.0,1.0,1.0,1.0,3.229,57.144,60.373,,1.0,False,2.0,1.0,0.0,1.0,0.0,0.0,0.0,0.0,2.0,0.0,0.0,0.0,2.0,2.0,False,1.0,1.0,0.0,0.0,1.0,1.685,1.685,0.0,1.685,1.685,1.685,success,36.239,0.852,0.5,25.85,0.0,1.3694,9.444,reconstructed from campus_x/campus_y at +/-2.0s window,1.3694,Logger's own position_jump_m/heading_jump_deg column is treated as UNRELIABLE (observed constant 0 in sample data / internal settle-loop delta) and is NOT used as the primary result; see position_jump_m_reconstructed instead.,77.0,5.1112,5.101,0.2481,4.545,5.814,0.6392,0.768,1.6162,7.567,22.0,0.9,0.9,,0.0,0.0,0.0,1.0,1.0,1.0,0.0,100.0,0.0,,,
20260906_080152_673_BT_GPS_TO_VPS_NORMAL_DEV_4A91,VALID,,BT,Quality + Dwell Baseline,GPS_TO_VPS,B9-104,119.446,2026-09-06T08:01:52.6731010Z,,1.0,,117.0,612.0,1.0,1.0,0.0,0.0,0.0,1.0,3.277,85.317,88.594,,1.0,False,2.0,1.0,0.0,1.0,0.0,0.0,0.0,0.0,2.0,0.0,0.0,0.0,2.0,2.0,False,1.0,1.0,0.0,0.0,1.0,1.708,1.708,0.0,1.708,1.708,1.708,success,8.034,0.786,0.5,27.268,0.0,2.1757,16.814,reconstructed from campus_x/campus_y at +/-2.0s window,2.1757,Logger's own position_jump_m/heading_jump_deg column is treated as UNRELIABLE (observed constant 0 in sample data / internal settle-loop delta) and is NOT used as the primary result; see position_jump_m_reconstructed instead.,117.0,4.9755,4.949,0.2515,4.313,5.592,0.715,0.79,1.7901,9.352,10.0,0.9,0.9,,0.0,0.0,0.0,1.0,1.0,1.0,0.0,100.0,0.0,,,
20260906_073558_794_V1_GPS_TO_VPS_NORMAL_DEV_7E24,VALID_WITH_WARNINGS,[DUPLICATE_FILE] Multiple events files found for session_id=20260906_073558_794_V1_GPS_TO_VPS_NORMAL_DEV_7E24: sample_data/Kịch bản 3/20260906_073558_794_V1_GPS_TO_VPS_NORMAL_DEV_7E24/events_20260906_073558_794_V1_GPS_TO_VPS_NORMAL_DEV_7E24.csv and sample_data/HARMONY_Experiments/V1/GPS_TO_VPS_NORMAL/trial_01/events_20260906_073558_794_V1_GPS_TO_VPS_NORMAL_DEV_7E24.csv (first kept as primary) | [DUPLICATE_FILE] Multiple samples files found for session_id=20260906_073558_794_V1_GPS_TO_VPS_NORMAL_DEV_7E24: sample_data/Kịch bản 3/20260906_073558_794_V1_GPS_TO_VPS_NORMAL_DEV_7E24/samples_20260906_073558_794_V1_GPS_TO_VPS_NORMAL_DEV_7E24.csv and sample_data/HARMONY_Experiments/V1/GPS_TO_VPS_NORMAL/trial_01/samples_20260906_073558_794_V1_GPS_TO_VPS_NORMAL_DEV_7E24.csv (first kept as primary) | [DUPLICATE_FILE] Multiple summary files found for session_id=20260906_073558_794_V1_GPS_TO_VPS_NORMAL_DEV_7E24: sample_data/Kịch bản 3/20260906_073558_794_V1_GPS_TO_VPS_NORMAL_DEV_7E24/summary_20260906_073558_794_V1_GPS_TO_VPS_NORMAL_DEV_7E24.csv and sample_data/HARMONY_Experiments/V1/GPS_TO_VPS_NORMAL/trial_01/summary_20260906_073558_794_V1_GPS_TO_VPS_NORMAL_DEV_7E24.csv (first kept as primary) | [DUPLICATE_EVENTS_FILE] 1 extra events file(s) ignored. | [DUPLICATE_SAMPLES_FILE] 1 extra samples file(s) ignored. | [DUPLICATE_SUMMARY_FILE] 1 extra summary file(s) ignored.,V1,Fixed Geometric,GPS_TO_VPS,B9-104,313.88,2026-09-06T07:35:58.7946820Z,,1.0,,296.0,592.0,0.0,0.0,0.0,0.0,0.0,1.0,2.117,225.969,228.086,,1.0,False,4.0,2.0,1.0,1.0,0.0,0.0,0.0,2.0,4.0,50.0,1.0,4.0,4.0,4.0,False,1.0,1.0,0.0,0.0,1.0,1.755,1.755,0.0,1.755,1.755,1.755,success,12.1,0.869,0.5,26.302,0.0,3.8907,31.923,reconstructed from campus_x/campus_y at +/-2.0s window,3.8907,Logger's own position_jump_m/heading_jump_deg column is treated as UNRELIABLE (observed constant 0 in sample data / internal settle-loop delta) and is NOT used as the primary result; see position_jump_m_reconstructed instead.,296.0,5.2586,5.2575,0.247,4.514,5.978,0.7314,0.81,2.1449,16.427,16.0,0.8986,0.9,,0.0,0.0,0.0,1.0,1.0,1.0,1.0,100.0,25.0,,,
20260917_082329_745_V1_GPS_TO_VPS_NORMAL_DEV_A000,VALID,,V1,Fixed Geometric,GPS_TO_VPS,B9-EXIT,119.293,2026-09-17T08:23:29.7457590Z,,1.0,,118.0,1141.0,0.0,0.0,0.0,0.0,0.0,1.0,2.292,85.731,88.023,,1.0,False,4.0,2.0,1.0,1.0,0.0,0.0,0.0,2.0,4.0,50.0,1.0,4.0,4.0,4.0,False,1.0,1.0,0.0,0.0,1.0,1.772,1.772,0.0,1.772,1.772,1.772,success,2.007,0.132,0.5,0.0,0.0,3.666,30.341,reconstructed from campus_x/campus_y at +/-2.0s window,3.666,Logger's own position_jump_m/heading_jump_deg column is treated as UNRELIABLE (observed constant 0 in sample data / internal settle-loop delta) and is NOT used as the primary result; see position_jump_m_reconstructed instead.,118.0,5.301,5.311,0.2311,4.735,5.905,0.4039,0.132,23.8009,74.244,26.0,0.9,0.9,,0.0,0.0,0.0,1.0,1.0,1.0,1.0,100.0,25.0,,,
20260917_085315_835_BQ_GPS_TO_VPS_NORMAL_DEV_428F,VALID,,BQ,Quality-Threshold Baseline,GPS_TO_VPS,B9-104,270.726,2026-09-17T08:53:15.8356870Z,,1.0,,263.0,1617.0,1.0,0.0,0.0,0.0,0.0,1.0,2.75,191.595,194.345,,1.0,False,6.0,3.0,2.0,1.0,0.0,0.0,0.0,4.0,6.0,66.67,1.0,6.0,6.0,6.0,False,1.0,1.0,0.0,0.0,1.0,1.715,1.715,0.0,1.715,1.715,1.715,success,2.034,0.132,0.5,0.0,0.0,2.6795,21.491,reconstructed from campus_x/campus_y at +/-2.0s window,2.6795,Logger's own position_jump_m/heading_jump_deg column is treated as UNRELIABLE (observed constant 0 in sample data / internal settle-loop delta) and is NOT used as the primary result; see position_jump_m_reconstructed instead.,263.0,4.9032,4.894,0.2617,4.149,5.722,0.5107,0.132,39.4109,144.356,7.0,0.9,0.9,,0.0,0.0,0.0,1.0,1.0,1.0,2.0,100.0,33.3,,,
20260917_082934_913_V2_GPS_TO_VPS_NORMAL_DEV_A61C,VALID,,V2,Reliable Handover,GPS_TO_VPS,B9-102,224.246,2026-09-17T08:29:34.9131590Z,,1.0,,218.0,492.0,1.0,1.0,1.0,1.0,0.0,1.0,3.258,124.593,127.851,,1.0,False,2.0,1.0,0.0,1.0,0.0,0.0,0.0,0.0,2.0,0.0,0.0,0.0,2.0,2.0,False,1.0,1.0,0.0,0.0,1.0,1.573,1.573,0.0,1.573,1.573,1.573,success,13.289,0.903,0.5,46.822,0.0,1.137,11.136,reconstructed from campus_x/campus_y at +/-2.0s window,1.137,Logger's own position_jump_m/heading_jump_deg column is treated as UNRELIABLE (observed constant 0 in sample data / internal settle-loop delta) and is NOT used as the primary result; see position_jump_m_reconstructed instead.,218.0,5.1203,5.11,0.244,4.417,5.81,0.8343,0.933,2.1031,18.556,0.0,0.9,0.9,,0.0,0.0,0.0,1.0,1.0,1.0,0.0,100.0,0.0,,,
20260917_084301_102_V5_GPS_TO_VPS_NORMAL_DEV_416E,VALID,,V5,Full HARMONY,GPS_TO_VPS,B9-101,126.979,2026-09-17T08:43:01.1028770Z,,1.0,,123.0,338.0,1.0,1.0,1.0,1.0,1.0,1.0,3.466,80.417,83.883,,1.0,False,2.0,1.0,0.0,1.0,0.0,0.0,0.0,0.0,2.0,0.0,0.0,0.0,2.0,2.0,False,1.0,1.0,0.0,0.0,1.0,1.747,1.747,0.0,1.747,1.747,1.747,success,1.022,0.894,0.5,81.557,0.0,1.0362,11.916,reconstructed from campus_x/campus_y at +/-2.0s window,1.0362,Logger's own position_jump_m/heading_jump_deg column is treated as UNRELIABLE (observed constant 0 in sample data / internal settle-loop delta) and is NOT used as the primary result; see position_jump_m_reconstructed instead.,123.0,5.4989,5.483,0.2323,5.032,6.159,0.9207,0.941,1.0585,6.267,1.0,0.9,0.9,,0.0,0.0,0.0,1.0,1.0,1.0,0.0,100.0,0.0,,,
20260917_083855_966_V4_GPS_TO_VPS_NORMAL_DEV_4AA1,VALID,,V4,No Map-ID Check,GPS_TO_VPS,B9-106,212.679,2026-09-17T08:38:55.9669610Z,,1.0,,209.0,459.0,1.0,1.0,0.0,1.0,0.0,1.0,3.455,96.265,99.72,,1.0,False,2.0,1.0,0.0,1.0,0.0,0.0,0.0,0.0,2.0,0.0,0.0,0.0,2.0,2.0,False,1.0,1.0,0.0,0.0,1.0,1.639,1.639,0.0,1.639,1.639,1.639,success,8.177,0.113,0.5,0.0,0.0,1.6909,13.834,reconstructed from campus_x/campus_y at +/-2.0s window,1.6909,Logger's own position_jump_m/heading_jump_deg column is treated as UNRELIABLE (observed constant 0 in sample data / internal settle-loop delta) and is NOT used as the primary result; see position_jump_m_reconstructed instead.,209.0,5.295,5.293,0.2439,4.617,5.908,0.8267,0.941,3.1212,30.689,3.0,0.9,0.9,,0.0,0.0,0.0,1.0,1.0,1.0,0.0,100.0,0.0,,,
20260917_083639_189_V3_GPS_TO_VPS_NORMAL_DEV_DD2D,VALID_WITH_WARNINGS,"[TRIAL_NOT_COMPLETED] summary.completed=0 and no end_reason logged; trial may have been aborted, reset, or app-closed mid-run.",V3,No Dwell Time,GPS_TO_VPS,B9-104,65.245,2026-09-17T08:36:39.1894110Z,,0.0,,62.0,121.0,1.0,0.0,1.0,1.0,0.0,0.0,,39.778,51.778,,0.0,False,1.0,1.0,0.0,0.0,0.0,0.0,0.0,0.0,1.0,0.0,0.0,0.0,1.0,1.0,False,1.0,0.0,1.0,0.0,1.0,11.251,11.251,0.0,11.251,11.251,11.251,timeout_fallback,3.067,0.956,0.5,49.03,0.0,0.37,0.15,reconstructed from campus_x/campus_y at +/-2.0s window,0.0,Logger's own position_jump_m/heading_jump_deg column is treated as UNRELIABLE (observed constant 0 in sample data / internal settle-loop delta) and is NOT used as the primary result; see position_jump_m_reconstructed instead.,62.0,5.0805,5.0595,0.2318,4.581,5.493,0.894,0.975,1.4616,9.822,7.0,0.9,0.9,,0.0,0.0,0.0,1.0,1.0,0.0,0.0,0.0,0.0,,,
20260917_090606_561_BT_GPS_TO_VPS_NORMAL_DEV_6228,VALID,,BT,Quality + Dwell Baseline,GPS_TO_VPS,B9-104,470.074,2026-09-17T09:06:06.5611860Z,,1.0,,458.0,1562.0,1.0,1.0,0.0,0.0,0.0,1.0,3.322,336.982,340.304,,1.0,False,2.0,1.0,0.0,1.0,0.0,0.0,0.0,0.0,2.0,0.0,0.0,0.0,2.0,2.0,False,1.0,1.0,0.0,0.0,1.0,1.72,1.72,0.0,1.72,1.72,1.72,success,17.378,0.876,0.5,72.933,0.0,2.2999,17.489,reconstructed from campus_x/campus_y at +/-2.0s window,2.2999,Logger's own position_jump_m/heading_jump_deg column is treated as UNRELIABLE (observed constant 0 in sample data / internal settle-loop delta) and is NOT used as the primary result; see position_jump_m_reconstructed instead.,458.0,5.4605,5.455,0.2416,4.705,6.159,0.7143,0.886,3.8978,28.756,0.0,0.9,0.9,,0.0,0.0,0.0,1.0,1.0,1.0,0.0,100.0,0.0,,,
20260912_094231_050_V3_GPS_TO_VPS_NORMAL_DEV_15A4,VALID,,V3,No Dwell Time,GPS_TO_VPS,B9-104,222.294,2026-09-12T09:42:31.0505710Z,,1.0,,216.0,74.0,1.0,0.0,1.0,1.0,0.0,1.0,2.311,159.453,161.764,,1.0,False,4.0,2.0,1.0,1.0,0.0,0.0,0.0,2.0,4.0,50.0,1.0,4.0,4.0,4.0,False,1.0,1.0,0.0,0.0,1.0,1.645,1.645,0.0,1.645,1.645,1.645,success,,0.966,0.5,4.336,0.0,2.0405,14.213,reconstructed from campus_x/campus_y at +/-2.0s window,2.0405,Logger's own position_jump_m/heading_jump_deg column is treated as UNRELIABLE (observed constant 0 in sample data / internal settle-loop delta) and is NOT used as the primary result; see position_jump_m_reconstructed instead.,216.0,5.0705,5.0915,0.25,4.267,5.656,0.7064,0.863,3.9297,19.536,0.0,,,,0.0,0.0,0.0,0.0,0.0,1.0,1.0,100.0,25.0,,,
20260912_100055_923_V3_GPS_TO_VPS_NORMAL_DEV_5573,VALID_WITH_WARNINGS,"[TRIAL_NOT_COMPLETED] summary.completed=0 and no end_reason logged; trial may have been aborted, reset, or app-closed mid-run.",V3,No Dwell Time,GPS_TO_VPS,B9-104,137.472,2026-09-12T10:00:55.9232830Z,,0.0,,137.0,1669.0,1.0,0.0,1.0,1.0,0.0,0.0,,98.98,110.98,,0.0,False,1.0,1.0,0.0,0.0,0.0,0.0,0.0,0.0,1.0,0.0,0.0,0.0,1.0,1.0,False,1.0,0.0,1.0,0.0,1.0,11.553,11.553,0.0,11.553,11.553,11.553,timeout_fallback,0.0,0.813,0.5,31.604,0.0,0.0,0.0,reconstructed from campus_x/campus_y at +/-2.0s window,0.0,Logger's own position_jump_m/heading_jump_deg column is treated as UNRELIABLE (observed constant 0 in sample data / internal settle-loop delta) and is NOT used as the primary result; see position_jump_m_reconstructed instead.,137.0,5.0757,5.047,0.2572,4.479,5.757,0.7485,0.883,2.8855,11.279,1.0,0.9,0.9,,0.0,0.0,0.0,0.0,0.0,0.0,0.0,0.0,0.0,,,
20260912_095000_805_V2_GPS_TO_VPS_NORMAL_DEV_8903,VALID,,V2,Reliable Handover,GPS_TO_VPS,B9-104,200.956,2026-09-12T09:50:00.8059320Z,2026-09-12T09:53:19.6138720Z,1.0,user_finished_trial,195.0,100.0,1.0,1.0,1.0,1.0,0.0,1.0,3.544,144.688,148.232,,1.0,False,2.0,1.0,0.0,1.0,0.0,0.0,0.0,0.0,2.0,0.0,0.0,0.0,2.0,2.0,False,1.0,1.0,0.0,0.0,1.0,1.647,1.647,0.0,1.647,1.647,1.647,success,,0.15,0.5,0.0,0.0,1.2448,9.7,reconstructed from campus_x/campus_y at +/-2.0s window,1.2448,Logger's own position_jump_m/heading_jump_deg column is treated as UNRELIABLE (observed constant 0 in sample data / internal settle-loop delta) and is NOT used as the primary result; see position_jump_m_reconstructed instead.,195.0,5.0233,5.01,0.2286,4.369,5.639,0.7569,0.888,3.3332,17.791,0.0,,,,0.0,0.0,0.0,0.0,0.0,1.0,0.0,100.0,0.0,,,
20260912_095520_181_V5_GPS_TO_VPS_NORMAL_DEV_0C4B,VALID,,V5,Full HARMONY,GPS_TO_VPS,B9-101,43.967,2026-09-12T09:55:20.1812090Z,,1.0,,44.0,57.0,1.0,1.0,1.0,1.0,1.0,1.0,3.306,23.767,27.073,,1.0,False,2.0,1.0,0.0,1.0,0.0,0.0,0.0,0.0,2.0,0.0,0.0,0.0,2.0,2.0,False,1.0,1.0,0.0,0.0,1.0,1.725,1.725,0.0,1.725,1.725,1.725,success,10.023,0.852,0.5,1.336,0.0,1.4319,12.324,reconstructed from campus_x/campus_y at +/-2.0s window,1.4319,Logger's own position_jump_m/heading_jump_deg column is treated as UNRELIABLE (observed constant 0 in sample data / internal settle-loop delta) and is NOT used as the primary result; see position_jump_m_reconstructed instead.,44.0,5.0413,5.036,0.2638,4.55,5.592,0.6282,0.829,3.6523,9.405,17.0,0.9,0.9,,0.0,0.0,0.0,1.0,1.0,1.0,0.0,100.0,0.0,,,
20260912_095714_923_V4_GPS_TO_VPS_NORMAL_DEV_F016,VALID,,V4,No Map-ID Check,GPS_TO_VPS,B9-104,118.587,2026-09-12T09:57:14.9236230Z,,1.0,,119.0,78.0,1.0,1.0,0.0,1.0,0.0,1.0,3.591,85.383,88.974,,1.0,False,4.0,2.0,1.0,1.0,0.0,0.0,0.0,2.0,4.0,50.0,1.0,4.0,4.0,4.0,False,1.0,1.0,0.0,0.0,1.0,1.665,1.665,0.0,1.665,1.665,1.665,success,7.018,0.882,0.5,15.238,0.0,1.8118,15.347,reconstructed from campus_x/campus_y at +/-2.0s window,1.8118,Logger's own position_jump_m/heading_jump_deg column is treated as UNRELIABLE (observed constant 0 in sample data / internal settle-loop delta) and is NOT used as the primary result; see position_jump_m_reconstructed instead.,119.0,5.1849,5.179,0.2687,4.528,5.953,0.7831,0.891,1.6571,8.017,18.0,0.9,0.9,,0.0,0.0,0.0,1.0,1.0,1.0,1.0,100.0,25.0,,,
20260912_095057_405_BQ_GPS_TO_VPS_NORMAL_DEV_104B,VALID_WITH_WARNINGS,"[TRIAL_NOT_COMPLETED] summary.completed=0 and no end_reason logged; trial may have been aborted, reset, or app-closed mid-run.",BQ,Quality-Threshold Baseline,GPS_TO_VPS,B9-104,92.375,2026-09-12T09:50:57.4054250Z,,0.0,,92.0,1357.0,1.0,0.0,0.0,0.0,0.0,0.0,,63.767,75.767,,0.0,False,1.0,1.0,0.0,0.0,0.0,0.0,0.0,0.0,1.0,0.0,0.0,0.0,1.0,1.0,False,1.0,0.0,1.0,0.0,1.0,11.064,11.064,0.0,11.064,11.064,11.064,timeout_fallback,20.045,0.747,0.5,7.216,0.0,0.234,14.06,reconstructed from campus_x/campus_y at +/-2.0s window,0.0,Logger's own position_jump_m/heading_jump_deg column is treated as UNRELIABLE (observed constant 0 in sample data / internal settle-loop delta) and is NOT used as the primary result; see position_jump_m_reconstructed instead.,92.0,5.1361,5.143,0.2619,4.428,5.793,0.6483,0.86,9.0264,40.374,10.0,0.8848,0.9,,0.0,0.0,0.0,0.0,0.0,0.0,0.0,0.0,0.0,,,
20260912_095408_236_BT_GPS_TO_VPS_NORMAL_DEV_FAAF,VALID,,BT,Quality + Dwell Baseline,GPS_TO_VPS,B9-101,38.605,2026-09-12T09:54:08.2363730Z,,1.0,,39.0,56.0,1.0,1.0,0.0,0.0,0.0,1.0,2.853,20.0,22.853,,1.0,False,4.0,2.0,1.0,1.0,0.0,0.0,0.0,2.0,4.0,50.0,1.0,4.0,4.0,4.0,False,1.0,1.0,0.0,0.0,1.0,1.709,1.709,0.0,1.709,1.709,1.709,success,5.028,0.525,0.5,0.0,0.0,2.1893,19.634,reconstructed from campus_x/campus_y at +/-2.0s window,2.1893,Logger's own position_jump_m/heading_jump_deg column is treated as UNRELIABLE (observed constant 0 in sample data / internal settle-loop delta) and is NOT used as the primary result; see position_jump_m_reconstructed instead.,39.0,5.1048,5.205,0.3035,4.541,5.638,0.387,0.414,4.0129,9.873,11.0,0.9,0.9,,0.0,0.0,0.0,1.0,1.0,1.0,1.0,100.0,25.0,,,
20260915_085148_743_V2_GPS_TO_VPS_NORMAL_DEV_7313,VALID,,V2,Reliable Handover,GPS_TO_VPS,B9-104,116.799,2026-09-15T08:51:48.7437180Z,,1.0,,114.0,162.0,1.0,1.0,1.0,1.0,0.0,1.0,3.336,83.927,87.263,,1.0,False,4.0,2.0,1.0,1.0,0.0,0.0,0.0,2.0,4.0,50.0,1.0,4.0,4.0,4.0,False,1.0,1.0,0.0,0.0,1.0,1.757,1.757,0.0,1.757,1.757,1.757,success,21.02,0.888,0.5,1.501,0.0,1.277,11.471,reconstructed from campus_x/campus_y at +/-2.0s window,1.277,Logger's own position_jump_m/heading_jump_deg column is treated as UNRELIABLE (observed constant 0 in sample data / internal settle-loop delta) and is NOT used as the primary result; see position_jump_m_reconstructed instead.,114.0,5.499,5.486,0.2601,4.912,6.209,0.4979,0.15,11.2279,46.463,32.0,0.9,0.9,,0.0,0.0,0.0,1.0,1.0,1.0,1.0,100.0,25.0,,,
20260915_084744_254_V1_GPS_TO_VPS_NORMAL_DEV_7E4F,VALID_WITH_WARNINGS,[LARGE_TIME_GAP] 1 gap(s) in events elapsed_s exceed 60.0s (app pause/resume or logging interruption).,V1,Fixed Geometric,GPS_TO_VPS,B9-104,166.217,2026-09-15T08:47:44.2547400Z,,1.0,,164.0,171.0,0.0,0.0,0.0,0.0,0.0,1.0,1.951,119.628,121.579,,1.0,False,4.0,2.0,1.0,1.0,0.0,0.0,0.0,2.0,4.0,50.0,1.0,4.0,4.0,4.0,False,1.0,1.0,0.0,0.0,1.0,1.738,1.738,0.0,1.738,1.738,1.738,success,25.025,0.892,0.5,53.887,0.0,3.7966,29.295,reconstructed from campus_x/campus_y at +/-2.0s window,3.7966,Logger's own position_jump_m/heading_jump_deg column is treated as UNRELIABLE (observed constant 0 in sample data / internal settle-loop delta) and is NOT used as the primary result; see position_jump_m_reconstructed instead.,164.0,4.7852,4.7725,0.2554,4.039,5.511,0.4945,0.176,17.4733,66.817,26.0,0.9,0.9,,0.0,0.0,0.0,1.0,1.0,1.0,1.0,100.0,25.0,,,
20260915_090910_119_BT_GPS_TO_VPS_NORMAL_DEV_8D8B,VALID,,BT,Quality + Dwell Baseline,GPS_TO_VPS,B9-104,83.249,2026-09-15T09:09:10.1199040Z,,1.0,,81.0,434.0,1.0,1.0,0.0,0.0,0.0,1.0,3.178,57.633,60.811,,1.0,False,2.0,1.0,0.0,1.0,0.0,0.0,0.0,0.0,2.0,0.0,0.0,0.0,2.0,2.0,False,1.0,1.0,0.0,0.0,1.0,1.752,1.752,0.0,1.752,1.752,1.752,success,6.006,0.176,0.5,0.0,0.0,1.8841,17.752,reconstructed from campus_x/campus_y at +/-2.0s window,1.8841,Logger's own position_jump_m/heading_jump_deg column is treated as UNRELIABLE (observed constant 0 in sample data / internal settle-loop delta) and is NOT used as the primary result; see position_jump_m_reconstructed instead.,81.0,5.3106,5.324,0.2208,4.879,5.781,0.4844,0.176,18.8604,56.99,9.0,0.9,0.9,,0.0,0.0,0.0,1.0,1.0,1.0,0.0,100.0,0.0,,,
20260915_090305_638_V5_GPS_TO_VPS_NORMAL_DEV_F25A,VALID,,V5,Full HARMONY,GPS_TO_VPS,B9-104,132.564,2026-09-15T09:03:05.6384980Z,,1.0,,123.0,262.0,1.0,1.0,1.0,1.0,1.0,1.0,3.466,95.278,98.744,,1.0,False,2.0,1.0,0.0,1.0,0.0,0.0,0.0,0.0,2.0,0.0,0.0,0.0,2.0,2.0,False,1.0,1.0,0.0,0.0,1.0,1.712,1.712,0.0,1.712,1.712,1.712,success,16.016,0.113,0.5,0.0,0.0,1.3455,11.034,reconstructed from campus_x/campus_y at +/-2.0s window,1.3455,Logger's own position_jump_m/heading_jump_deg column is treated as UNRELIABLE (observed constant 0 in sample data / internal settle-loop delta) and is NOT used as the primary result; see position_jump_m_reconstructed instead.,123.0,4.7603,4.737,0.2475,4.221,5.396,0.5352,0.764,10.2546,47.399,20.0,0.9,0.9,,0.0,0.0,0.0,1.0,1.0,1.0,0.0,100.0,0.0,,,
20260915_085533_277_V3_GPS_TO_VPS_NORMAL_DEV_93D6,VALID,,V3,No Dwell Time,GPS_TO_VPS,B9-104,112.159,2026-09-15T08:55:33.2771770Z,,1.0,,108.0,84.0,1.0,0.0,1.0,1.0,0.0,1.0,2.086,80.659,82.745,,1.0,False,6.0,3.0,2.0,1.0,0.0,0.0,0.0,4.0,6.0,66.67,1.0,6.0,6.0,6.0,False,1.0,1.0,0.0,0.0,1.0,1.604,1.604,0.0,1.604,1.604,1.604,success,14.014,0.956,0.5,24.808,0.0,2.1087,13.565,reconstructed from campus_x/campus_y at +/-2.0s window,2.1087,Logger's own position_jump_m/heading_jump_deg column is treated as UNRELIABLE (observed constant 0 in sample data / internal settle-loop delta) and is NOT used as the primary result; see position_jump_m_reconstructed instead.,108.0,5.0469,5.04,0.2129,4.588,5.62,0.4279,0.176,19.0348,61.561,21.0,0.9,0.9,,0.0,0.0,0.0,1.0,1.0,1.0,2.0,100.0,33.3,,,
20260915_090604_072_BQ_GPS_TO_VPS_NORMAL_DEV_4784,VALID,,BQ,Quality-Threshold Baseline,GPS_TO_VPS,B9-104,142.804,2026-09-15T09:06:04.0727750Z,,1.0,,141.0,155.0,1.0,0.0,0.0,0.0,0.0,1.0,2.847,91.601,94.448,,1.0,False,4.0,2.0,1.0,1.0,0.0,0.0,0.0,2.0,4.0,50.0,1.0,4.0,4.0,4.0,False,1.0,1.0,0.0,0.0,1.0,1.7,1.7,0.0,1.7,1.7,1.7,success,11.01,0.176,0.5,0.0,0.0,2.9065,20.843,reconstructed from campus_x/campus_y at +/-2.0s window,2.9065,Logger's own position_jump_m/heading_jump_deg column is treated as UNRELIABLE (observed constant 0 in sample data / internal settle-loop delta) and is NOT used as the primary result; see position_jump_m_reconstructed instead.,141.0,4.7208,4.697,0.2502,4.166,5.458,0.4772,0.176,12.4681,46.578,12.0,0.9,0.9,,0.0,0.0,0.0,1.0,1.0,1.0,1.0,100.0,25.0,,,
20260915_085823_623_V4_GPS_TO_VPS_NORMAL_DEV_FB68,VALID_WITH_WARNINGS,"[TRIAL_NOT_COMPLETED] summary.completed=0 and no end_reason logged; trial may have been aborted, reset, or app-closed mid-run.",V4,No Map-ID Check,GPS_TO_VPS,B9-104,223.447,2026-09-15T08:58:23.6236640Z,,0.0,,222.0,418.0,1.0,1.0,0.0,1.0,0.0,0.0,,160.57,172.57,,0.0,False,1.0,1.0,0.0,0.0,0.0,0.0,0.0,0.0,1.0,0.0,0.0,0.0,1.0,1.0,False,1.0,0.0,1.0,0.0,1.0,10.515,10.515,0.0,10.515,10.515,10.515,timeout_fallback,17.017,0.15,0.5,0.0,0.0,0.0,0.0,reconstructed from campus_x/campus_y at +/-2.0s window,0.0,Logger's own position_jump_m/heading_jump_deg column is treated as UNRELIABLE (observed constant 0 in sample data / internal settle-loop delta) and is NOT used as the primary result; see position_jump_m_reconstructed instead.,222.0,5.2452,5.265,0.2391,4.614,5.859,0.7089,0.889,4.9178,36.001,1.0,0.9,0.9,,0.0,0.0,0.0,0.0,0.0,0.0,0.0,0.0,0.0,,,
20260913_081407_019_BT_GPS_TO_VPS_NORMAL_DEV_0022,VALID,,BT,Quality + Dwell Baseline,GPS_TO_VPS,B9-104,90.197,2026-09-13T08:14:07.0190350Z,,1.0,,86.0,279.0,1.0,1.0,0.0,0.0,0.0,1.0,2.812,64.822,67.634,,1.0,False,4.0,2.0,1.0,1.0,0.0,0.0,0.0,2.0,4.0,50.0,1.0,4.0,4.0,4.0,False,1.0,1.0,0.0,0.0,1.0,1.729,1.729,0.0,1.729,1.729,1.729,success,38.136,0.885,0.5,6.027,0.0,2.4101,19.675,reconstructed from campus_x/campus_y at +/-2.0s window,2.4101,Logger's own position_jump_m/heading_jump_deg column is treated as UNRELIABLE (observed constant 0 in sample data / internal settle-loop delta) and is NOT used as the primary result; see position_jump_m_reconstructed instead.,86.0,4.8507,4.8375,0.2418,4.387,5.492,0.7048,0.9135,4.724,24.607,20.0,0.8953,0.9,,0.0,0.0,0.0,1.0,1.0,1.0,1.0,100.0,25.0,,,
20260912_080215_923_V1_GPS_TO_VPS_NORMAL_DEV_F4E4,VALID,,V1,Fixed Geometric,GPS_TO_VPS,B9-104,114.193,2026-09-12T08:02:15.9237700Z,,1.0,,107.0,307.0,0.0,0.0,0.0,0.0,0.0,1.0,2.346,82.194,84.54,,1.0,False,6.0,3.0,2.0,1.0,0.0,0.0,0.0,4.0,6.0,66.67,1.0,6.0,6.0,6.0,False,1.0,1.0,0.0,0.0,1.0,1.761,1.761,0.0,1.761,1.761,1.761,success,10.304,0.8,0.5,3.573,0.0,3.7053,30.367,reconstructed from campus_x/campus_y at +/-2.0s window,3.7053,Logger's own position_jump_m/heading_jump_deg column is treated as UNRELIABLE (observed constant 0 in sample data / internal settle-loop delta) and is NOT used as the primary result; see position_jump_m_reconstructed instead.,107.0,4.8902,4.879,0.2549,4.195,5.447,0.6312,0.881,6.683,33.024,37.0,0.9,0.9,,0.0,0.0,0.0,1.0,1.0,1.0,2.0,100.0,33.3,,,
20260912_084254_771_V4_GPS_TO_VPS_NORMAL_DEV_163C,VALID,,V4,No Map-ID Check,GPS_TO_VPS,B9-104,91.766,2026-09-12T08:42:54.7710850Z,,1.0,,87.0,285.0,1.0,1.0,0.0,1.0,0.0,1.0,3.315,66.072,69.387,,1.0,False,4.0,2.0,1.0,1.0,0.0,0.0,0.0,2.0,4.0,50.0,1.0,4.0,4.0,4.0,False,1.0,1.0,0.0,0.0,1.0,1.637,1.637,0.0,1.637,1.637,1.637,success,5.158,0.113,0.5,0.0,0.0,1.7352,12.936,reconstructed from campus_x/campus_y at +/-2.0s window,1.7352,Logger's own position_jump_m/heading_jump_deg column is treated as UNRELIABLE (observed constant 0 in sample data / internal settle-loop delta) and is NOT used as the primary result; see position_jump_m_reconstructed instead.,87.0,4.7382,4.748,0.2316,4.231,5.296,0.6314,0.873,6.6755,29.848,36.0,0.9,0.9,,0.0,0.0,0.0,1.0,1.0,1.0,1.0,100.0,25.0,,,
20260913_081201_663_BQ_GPS_TO_VPS_NORMAL_DEV_3AEE,VALID_WITH_WARNINGS,"[TRIAL_NOT_COMPLETED] summary.completed=0 and no end_reason logged; trial may have been aborted, reset, or app-closed mid-run.",BQ,Quality-Threshold Baseline,GPS_TO_VPS,B9-104,86.842,2026-09-13T08:12:01.6638340Z,,0.0,,80.0,512.0,1.0,0.0,0.0,0.0,0.0,0.0,,62.502,74.502,,0.0,False,1.0,1.0,0.0,0.0,0.0,0.0,0.0,0.0,1.0,0.0,0.0,0.0,1.0,1.0,False,1.0,0.0,1.0,0.0,1.0,10.996,10.996,0.0,10.996,10.996,10.996,timeout_fallback,13.921,0.132,0.5,0.0,0.0,0.4726,3.961,reconstructed from campus_x/campus_y at +/-2.0s window,0.0,Logger's own position_jump_m/heading_jump_deg column is treated as UNRELIABLE (observed constant 0 in sample data / internal settle-loop delta) and is NOT used as the primary result; see position_jump_m_reconstructed instead.,80.0,5.1763,5.1785,0.2472,4.716,5.767,0.3291,0.132,26.8278,65.584,15.0,0.885,0.9,,0.0,0.0,0.0,1.0,1.0,0.0,0.0,0.0,0.0,,,
20260912_084508_275_V5_GPS_TO_VPS_NORMAL_DEV_ECF7,VALID,,V5,Full HARMONY,GPS_TO_VPS,B9-104,82.811,2026-09-12T08:45:08.2754170Z,,1.0,,78.0,561.0,1.0,1.0,1.0,1.0,1.0,1.0,3.325,59.624,62.949,,1.0,False,2.0,1.0,0.0,1.0,0.0,0.0,0.0,0.0,2.0,0.0,0.0,0.0,2.0,2.0,False,1.0,1.0,0.0,0.0,1.0,1.722,1.722,0.0,1.722,1.722,1.722,success,2.08,0.113,0.5,0.0,0.0,1.2302,10.815,reconstructed from campus_x/campus_y at +/-2.0s window,1.2302,Logger's own position_jump_m/heading_jump_deg column is treated as UNRELIABLE (observed constant 0 in sample data / internal settle-loop delta) and is NOT used as the primary result; see position_jump_m_reconstructed instead.,78.0,4.9229,4.914,0.2581,4.3,5.462,0.299,0.113,25.5852,63.12,19.0,0.9,0.9,,0.0,0.0,0.0,1.0,1.0,1.0,0.0,100.0,0.0,,,
20260912_080545_351_V2_GPS_TO_VPS_NORMAL_DEV_5138,VALID,,V2,Reliable Handover,GPS_TO_VPS,B9-104,91.372,2026-09-12T08:05:45.3516670Z,,1.0,,89.0,169.0,1.0,1.0,1.0,1.0,0.0,1.0,3.411,47.59,51.001,,1.0,False,2.0,1.0,0.0,1.0,0.0,0.0,0.0,0.0,2.0,0.0,0.0,0.0,2.0,2.0,False,1.0,1.0,0.0,0.0,1.0,1.699,1.699,0.0,1.699,1.699,1.699,success,53.347,0.918,0.5,37.79,0.0,1.2307,11.067,reconstructed from campus_x/campus_y at +/-2.0s window,1.2307,Logger's own position_jump_m/heading_jump_deg column is treated as UNRELIABLE (observed constant 0 in sample data / internal settle-loop delta) and is NOT used as the primary result; see position_jump_m_reconstructed instead.,89.0,5.3607,5.395,0.2814,4.82,6.165,0.9089,0.963,1.427,8.061,9.0,0.9,0.9,,0.0,0.0,0.0,1.0,1.0,1.0,0.0,100.0,0.0,,,
20260912_080953_034_V3_GPS_TO_VPS_NORMAL_DEV_E70A,VALID,,V3,No Dwell Time,GPS_TO_VPS,B9-104,92.184,2026-09-12T08:09:53.0346790Z,,1.0,,88.0,222.0,1.0,0.0,1.0,1.0,0.0,1.0,2.208,66.349,68.557,,1.0,False,4.0,2.0,1.0,1.0,0.0,0.0,0.0,2.0,4.0,50.0,1.0,4.0,4.0,4.0,False,1.0,1.0,0.0,0.0,1.0,1.653,1.653,0.0,1.653,1.653,1.653,success,51.604,0.132,0.5,0.0,0.0,1.9111,15.887,reconstructed from campus_x/campus_y at +/-2.0s window,1.9111,Logger's own position_jump_m/heading_jump_deg column is treated as UNRELIABLE (observed constant 0 in sample data / internal settle-loop delta) and is NOT used as the primary result; see position_jump_m_reconstructed instead.,88.0,5.5184,5.504,0.2545,4.805,6.225,0.678,0.898,6.6556,31.825,15.0,0.8927,0.9,,0.0,0.0,0.0,1.0,1.0,1.0,1.0,100.0,25.0,,,
20260912_030230_879_V1_GPS_TO_VPS_NORMAL_DEV_DCB4,VALID_WITH_WARNINGS,"[TRIAL_NOT_COMPLETED] summary.completed=0 and no end_reason logged; trial may have been aborted, reset, or app-closed mid-run.",V1,Fixed Geometric,GPS_TO_VPS,B9-104,256.457,2026-09-12T03:02:30.8799500Z,,0.0,,248.0,5469.0,0.0,0.0,0.0,0.0,0.0,0.0,,184.505,196.505,,0.0,False,1.0,1.0,0.0,0.0,0.0,0.0,0.0,0.0,1.0,0.0,0.0,0.0,1.0,1.0,False,1.0,0.0,1.0,0.0,1.0,11.172,11.172,0.0,11.172,11.172,11.172,timeout_fallback,3.067,0.132,0.5,0.0,0.0,0.1315,62.214,reconstructed from campus_x/campus_y at +/-2.0s window,0.0,Logger's own position_jump_m/heading_jump_deg column is treated as UNRELIABLE (observed constant 0 in sample data / internal settle-loop delta) and is NOT used as the primary result; see position_jump_m_reconstructed instead.,248.0,5.404,5.413,0.2385,4.771,6.031,0.6842,0.937,14.2072,81.914,27.0,0.9,0.9,,0.0,0.0,0.0,2.0,2.0,0.0,0.0,0.0,0.0,,,
20260912_034626_883_BQ_GPS_TO_VPS_NORMAL_DEV_F465,VALID_WITH_WARNINGS,"[TRIAL_NOT_COMPLETED] summary.completed=0 and no end_reason logged; trial may have been aborted, reset, or app-closed mid-run.",BQ,Quality-Threshold Baseline,GPS_TO_VPS,B9-104,42.276,2026-09-12T03:46:26.8832920Z,,0.0,,42.0,13.0,1.0,0.0,0.0,0.0,0.0,0.0,,20.0,32.0,,0.0,False,1.0,1.0,0.0,0.0,0.0,0.0,0.0,0.0,1.0,0.0,0.0,0.0,1.0,1.0,False,1.0,0.0,1.0,0.0,1.0,11.092,11.092,0.0,11.092,11.092,11.092,timeout_fallback,,0.94,0.5,1.833,0.0,0.031,0.0,reconstructed from campus_x/campus_y at +/-2.0s window,0.0,Logger's own position_jump_m/heading_jump_deg column is treated as UNRELIABLE (observed constant 0 in sample data / internal settle-loop delta) and is NOT used as the primary result; see position_jump_m_reconstructed instead.,42.0,4.569,4.5355,0.2435,4.055,5.101,0.9142,0.949,1.8759,5.9,0.0,,,,0.0,0.0,0.0,0.0,0.0,0.0,0.0,0.0,0.0,,,
20260912_034402_407_V5_GPS_TO_VPS_NORMAL_DEV_EC78,VALID,,V5,Full HARMONY,GPS_TO_VPS,B9-104,65.472,2026-09-12T03:44:02.4070600Z,,1.0,,65.0,18.0,1.0,1.0,1.0,1.0,1.0,1.0,3.457,45.105,48.562,,1.0,False,2.0,1.0,0.0,1.0,0.0,0.0,0.0,0.0,2.0,0.0,0.0,0.0,2.0,2.0,False,1.0,1.0,0.0,0.0,1.0,1.716,1.716,0.0,1.716,1.716,1.716,success,,0.849,0.5,34.932,0.0,1.2473,11.212,reconstructed from campus_x/campus_y at +/-2.0s window,1.2473,Logger's own position_jump_m/heading_jump_deg column is treated as UNRELIABLE (observed constant 0 in sample data / internal settle-loop delta) and is NOT used as the primary result; see position_jump_m_reconstructed instead.,65.0,4.7542,4.773,0.2914,4.188,5.262,0.8832,0.962,1.7269,8.032,0.0,,,,0.0,0.0,0.0,0.0,0.0,1.0,0.0,100.0,0.0,,,
20260912_032259_625_V3_GPS_TO_VPS_NORMAL_DEV_D0DA,VALID,,V3,No Dwell Time,GPS_TO_VPS,B9-104,153.295,2026-09-12T03:22:59.6258610Z,,1.0,,150.0,1150.0,1.0,0.0,1.0,1.0,0.0,1.0,2.14,110.205,112.345,,1.0,False,6.0,3.0,2.0,1.0,0.0,0.0,0.0,4.0,6.0,66.67,1.0,6.0,6.0,6.0,False,1.0,1.0,0.0,0.0,1.0,1.66,1.66,0.0,1.66,1.66,1.66,success,1.033,1.0,0.5,28.767,0.0,2.1231,17.115,reconstructed from campus_x/campus_y at +/-2.0s window,2.1231,Logger's own position_jump_m/heading_jump_deg column is treated as UNRELIABLE (observed constant 0 in sample data / internal settle-loop delta) and is NOT used as the primary result; see position_jump_m_reconstructed instead.,150.0,5.0341,5.0465,0.2467,4.493,5.718,0.7426,0.943,3.0747,14.257,15.0,0.9,0.9,,0.0,0.0,0.0,1.0,1.0,1.0,2.0,100.0,33.3,,,
20260912_031840_651_V2_GPS_TO_VPS_NORMAL_DEV_1844,VALID_WITH_WARNINGS,"[TRIAL_NOT_COMPLETED] summary.completed=0 and no end_reason logged; trial may have been aborted, reset, or app-closed mid-run.",V2,Reliable Handover,GPS_TO_VPS,B9-104,102.731,2026-09-12T03:18:40.6515340Z,,0.0,,101.0,402.0,1.0,1.0,1.0,1.0,0.0,0.0,,73.799,85.799,,0.0,False,1.0,1.0,0.0,0.0,0.0,0.0,0.0,0.0,1.0,0.0,0.0,0.0,1.0,1.0,False,1.0,0.0,1.0,0.0,1.0,10.141,10.141,0.0,10.141,10.141,10.141,timeout_fallback,24.374,0.113,0.5,0.0,0.0,0.003,6.844,reconstructed from campus_x/campus_y at +/-2.0s window,0.0,Logger's own position_jump_m/heading_jump_deg column is treated as UNRELIABLE (observed constant 0 in sample data / internal settle-loop delta) and is NOT used as the primary result; see position_jump_m_reconstructed instead.,101.0,5.0625,5.052,0.2631,4.444,5.803,0.4916,0.15,8.3599,35.24,36.0,0.9,0.9,,0.0,0.0,0.0,1.0,1.0,0.0,0.0,0.0,0.0,,,
20260912_034750_793_BT_GPS_TO_VPS_NORMAL_DEV_EB50,VALID,,BT,Quality + Dwell Baseline,GPS_TO_VPS,B9-104,23.132,2026-09-12T03:47:50.7937240Z,,1.0,,24.0,16.0,1.0,1.0,0.0,0.0,0.0,,,20.0,,VPS attempt started but neither succeeded nor timed out before the trial log ends (trial likely truncated/aborted).,1.0,,4.0,2.0,1.0,1.0,0.0,0.0,0.0,2.0,4.0,50.0,1.0,4.0,4.0,4.0,False,1.0,0.0,0.0,1.0,0.0,,,,,,,unresolved,,,,,,,,NOT_EVALUABLE_FROM_CURRENT_LOG: no evaluable handover acceptance moment.,2.1831,Logger's own position_jump_m/heading_jump_deg column is treated as UNRELIABLE (observed constant 0 in sample data / internal settle-loop delta) and is NOT used as the primary result; see position_jump_m_reconstructed instead.,24.0,4.9764,4.967,0.2645,4.405,5.538,0.8005,0.936,2.8833,8.5,0.0,,,,0.0,0.0,0.0,0.0,0.0,1.0,1.0,100.0,25.0,,,
20260912_034104_595_V4_GPS_TO_VPS_NORMAL_DEV_294C,VALID,,V4,No Map-ID Check,GPS_TO_VPS,B9-104,12.299,2026-09-12T03:41:04.5958670Z,,1.0,,14.0,22.0,1.0,1.0,0.0,1.0,0.0,,,20.0,,VPS attempt started but neither succeeded nor timed out before the trial log ends (trial likely truncated/aborted).,1.0,,6.0,3.0,2.0,1.0,0.0,0.0,0.0,4.0,6.0,66.67,1.0,6.0,6.0,6.0,False,1.0,0.0,0.0,1.0,0.0,,,,,,,unresolved,,,,,,,,NOT_EVALUABLE_FROM_CURRENT_LOG: no evaluable handover acceptance moment.,1.6711,Logger's own position_jump_m/heading_jump_deg column is treated as UNRELIABLE (observed constant 0 in sample data / internal settle-loop delta) and is NOT used as the primary result; see position_jump_m_reconstructed instead.,14.0,4.5739,4.592,0.1509,4.253,4.846,0.6586,0.833,4.0926,8.332,0.0,,,,0.0,0.0,0.0,0.0,0.0,1.0,2.0,100.0,33.3,,,
20260914_013304_624_V2_GPS_TO_VPS_NORMAL_DEV_4CC7,INVALID,"[TOO_FEW_EVENTS] Only 3 event rows (< 5). | [TRIAL_NOT_COMPLETED] summary.completed=0 and no end_reason logged; trial may have been aborted, reset, or app-closed mid-run.",,,,,,,,,,,,,,,,,,,,,,,,,,,,,,,,,,,,,,,,,,,,,,,,,,,,,,,,,,,,,,,,,,,,,,,,,,,,,,,,,,,,sample_data/Kịch bản 19/20260914_013304_624_V2_GPS_TO_VPS_NORMAL_DEV_4CC7/events_20260914_013304_624_V2_GPS_TO_VPS_NORMAL_DEV_4CC7.csv,sample_data/Kịch bản 19/20260914_013304_624_V2_GPS_TO_VPS_NORMAL_DEV_4CC7/samples_20260914_013304_624_V2_GPS_TO_VPS_NORMAL_DEV_4CC7.csv,sample_data/Kịch bản 19/20260914_013304_624_V2_GPS_TO_VPS_NORMAL_DEV_4CC7/summary_20260914_013304_624_V2_GPS_TO_VPS_NORMAL_DEV_4CC7.csv
20260914_014011_795_V1_GPS_TO_VPS_NORMAL_DEV_2BC4,VALID,,V1,Fixed Geometric,GPS_TO_VPS,B9-104,19.967,2026-09-14T01:40:11.7954450Z,,1.0,,22.0,20.0,0.0,0.0,0.0,0.0,0.0,,,20.0,,VPS attempt started but neither succeeded nor timed out before the trial log ends (trial likely truncated/aborted).,1.0,,6.0,3.0,2.0,1.0,0.0,0.0,0.0,4.0,6.0,66.67,1.0,6.0,6.0,6.0,False,1.0,0.0,0.0,1.0,0.0,,,,,,,unresolved,22.464,,,,,,,NOT_EVALUABLE_FROM_CURRENT_LOG: no evaluable handover acceptance moment.,3.8016,Logger's own position_jump_m/heading_jump_deg column is treated as UNRELIABLE (observed constant 0 in sample data / internal settle-loop delta) and is NOT used as the primary result; see position_jump_m_reconstructed instead.,22.0,4.8579,4.8145,0.2636,4.468,5.402,0.7261,0.831,2.7528,6.573,14.0,0.9,0.9,,0.0,0.0,0.0,0.0,0.0,1.0,2.0,100.0,33.3,,,
20260914_013921_647_V4_GPS_TO_VPS_NORMAL_DEV_3512,VALID_WITH_WARNINGS,"[TRIAL_NOT_COMPLETED] summary.completed=0 and no end_reason logged; trial may have been aborted, reset, or app-closed mid-run.",V4,No Map-ID Check,GPS_TO_VPS,B9-204,20.083,2026-09-14T01:39:21.6475770Z,,0.0,,20.0,28.0,1.0,1.0,0.0,1.0,0.0,,,20.0,,VPS attempt started but neither succeeded nor timed out before the trial log ends (trial likely truncated/aborted).,0.0,,1.0,1.0,0.0,0.0,0.0,0.0,0.0,0.0,1.0,0.0,0.0,0.0,1.0,1.0,False,1.0,0.0,0.0,1.0,0.0,,,,,,,unresolved,14.34,,,,,,,NOT_EVALUABLE_FROM_CURRENT_LOG: no evaluable handover acceptance moment.,0.0,Logger's own position_jump_m/heading_jump_deg column is treated as UNRELIABLE (observed constant 0 in sample data / internal settle-loop delta) and is NOT used as the primary result; see position_jump_m_reconstructed instead.,20.0,5.3084,5.2315,0.2356,5.004,5.847,0.6508,0.825,3.2867,7.419,8.0,0.9,0.9,,0.0,0.0,0.0,1.0,1.0,0.0,0.0,0.0,0.0,,,
20260914_013130_006_V1_GPS_TO_VPS_NORMAL_DEV_08DE,VALID_WITH_WARNINGS,"[TRIAL_NOT_COMPLETED] summary.completed=0 and no end_reason logged; trial may have been aborted, reset, or app-closed mid-run.",V1,Fixed Geometric,GPS_TO_VPS,B9-104,42.632,2026-09-14T01:31:30.0063310Z,,0.0,,38.0,17.0,0.0,0.0,0.0,0.0,0.0,0.0,,20.79,32.79,,0.0,False,3.0,2.0,1.0,0.0,0.0,0.0,0.0,2.0,3.0,66.67,1.0,3.0,3.0,3.0,False,1.0,0.0,1.0,0.0,1.0,11.555,11.555,0.0,11.555,11.555,11.555,timeout_fallback,,0.176,0.5,0.0,0.0,0.0,0.0,reconstructed from map_x/map_y at +/-2.0s window,0.0,Logger's own position_jump_m/heading_jump_deg column is treated as UNRELIABLE (observed constant 0 in sample data / internal settle-loop delta) and is NOT used as the primary result; see position_jump_m_reconstructed instead.,38.0,5.128,5.069,0.2473,4.648,5.715,0.176,0.176,,,0.0,,,,0.0,0.0,0.0,0.0,0.0,0.0,1.0,0.0,33.3,,,
20260914_013811_332_V3_GPS_TO_VPS_NORMAL_DEV_C7E4,VALID,,V3,No Dwell Time,GPS_TO_VPS,B9-104,25.029,2026-09-14T01:38:11.3321550Z,,1.0,,25.0,26.0,1.0,0.0,1.0,1.0,0.0,1.0,2.228,20.0,22.228,,1.0,False,6.0,3.0,2.0,1.0,0.0,0.0,0.0,4.0,6.0,66.67,1.0,6.0,6.0,6.0,False,1.0,1.0,0.0,0.0,1.0,1.575,1.575,0.0,1.575,1.575,1.575,success,,0.863,0.5,3.22,0.0,2.1103,16.461,reconstructed from campus_x/campus_y at +/-2.0s window,2.1103,Logger's own position_jump_m/heading_jump_deg column is treated as UNRELIABLE (observed constant 0 in sample data / internal settle-loop delta) and is NOT used as the primary result; see position_jump_m_reconstructed instead.,25.0,5.3616,5.299,0.2502,4.96,5.92,0.6819,0.814,3.4814,7.004,0.0,,,,0.0,0.0,0.0,0.0,0.0,1.0,2.0,100.0,33.3,,,
20260914_013648_026_V5_GPS_TO_VPS_NORMAL_DEV_E194,VALID_WITH_WARNINGS,"[TRIAL_NOT_COMPLETED] summary.completed=0 and no end_reason logged; trial may have been aborted, reset, or app-closed mid-run.",V5,Full HARMONY,GPS_TO_VPS,B9-104,25.66,2026-09-14T01:36:48.0264940Z,,0.0,,25.0,1524.0,1.0,1.0,1.0,1.0,1.0,0.0,,20.0,24.66,,0.0,False,1.0,1.0,0.0,0.0,0.0,0.0,0.0,0.0,1.0,0.0,0.0,0.0,1.0,1.0,False,1.0,0.0,1.0,0.0,1.0,2.827,2.827,0.0,2.827,2.827,2.827,timeout_fallback,,0.15,0.5,0.0,0.0,0.0,0.0,reconstructed from campus_x/campus_y at +/-2.0s window,0.0,Logger's own position_jump_m/heading_jump_deg column is treated as UNRELIABLE (observed constant 0 in sample data / internal settle-loop delta) and is NOT used as the primary result; see position_jump_m_reconstructed instead.,25.0,5.3034,5.324,0.2024,4.95,5.738,0.15,0.15,44.8319,57.162,0.0,,,,0.0,0.0,0.0,0.0,0.0,0.0,0.0,0.0,0.0,,,
20260914_014219_079_BT_GPS_TO_VPS_NORMAL_DEV_C3DE,VALID,,BT,Quality + Dwell Baseline,GPS_TO_VPS,B9-104,34.506,2026-09-14T01:42:19.0793490Z,,1.0,,34.0,886.0,1.0,1.0,0.0,0.0,0.0,1.0,2.962,20.0,22.962,,1.0,False,2.0,1.0,0.0,1.0,0.0,0.0,0.0,0.0,2.0,0.0,0.0,0.0,2.0,2.0,False,1.0,1.0,0.0,0.0,1.0,1.678,1.678,0.0,1.678,1.678,1.678,success,,0.972,0.5,24.133,0.0,2.3011,17.342,reconstructed from campus_x/campus_y at +/-2.0s window,2.3011,Logger's own position_jump_m/heading_jump_deg column is treated as UNRELIABLE (observed constant 0 in sample data / internal settle-loop delta) and is NOT used as the primary result; see position_jump_m_reconstructed instead.,34.0,4.8612,4.943,0.2617,4.299,5.349,0.9474,0.972,1.3489,4.614,0.0,,,,0.0,0.0,0.0,0.0,0.0,1.0,0.0,100.0,0.0,,,
20260914_014111_146_V1_GPS_TO_VPS_NORMAL_DEV_CE16,VALID,,V1,Fixed Geometric,GPS_TO_VPS,B9-104,22.124,2026-09-14T01:41:11.1463710Z,,1.0,,23.0,433.0,0.0,0.0,0.0,0.0,0.0,1.0,2.021,20.0,22.021,,1.0,False,6.0,3.0,2.0,1.0,0.0,0.0,0.0,4.0,6.0,66.67,1.0,6.0,6.0,6.0,False,1.0,1.0,0.0,0.0,1.0,1.719,1.719,0.0,1.719,1.719,1.719,success,,0.987,0.5,16.133,0.0,4.155,30.451,reconstructed from campus_x/campus_y at +/-2.0s window,4.155,Logger's own position_jump_m/heading_jump_deg column is treated as UNRELIABLE (observed constant 0 in sample data / internal settle-loop delta) and is NOT used as the primary result; see position_jump_m_reconstructed instead.,23.0,5.2558,5.257,0.203,4.843,5.692,0.8406,0.987,2.1281,7.718,0.0,,,,0.0,0.0,0.0,0.0,0.0,1.0,2.0,100.0,33.3,,,
20260911_105854_962_V4_GPS_TO_VPS_NORMAL_DEV_D4A8,VALID,,V4,No Map-ID Check,GPS_TO_VPS,B9-104,57.345,2026-09-11T10:58:54.9629200Z,,1.0,,55.0,227.0,1.0,1.0,0.0,1.0,0.0,1.0,3.512,37.145,40.657,,1.0,False,6.0,3.0,2.0,1.0,0.0,0.0,0.0,4.0,6.0,66.67,1.0,6.0,6.0,6.0,False,1.0,1.0,0.0,0.0,1.0,1.76,1.76,0.0,1.76,1.76,1.76,success,1.179,0.113,0.5,0.0,0.0,1.6356,15.0,reconstructed from campus_x/campus_y at +/-2.0s window,1.6356,Logger's own position_jump_m/heading_jump_deg column is treated as UNRELIABLE (observed constant 0 in sample data / internal settle-loop delta) and is NOT used as the primary result; see position_jump_m_reconstructed instead.,55.0,5.4566,5.436,0.2644,4.809,5.977,0.5237,0.681,6.2889,24.244,35.0,0.8898,0.9,,0.0,0.0,0.0,1.0,1.0,1.0,2.0,100.0,33.3,,,
20260911_081832_961_V2_GPS_TO_VPS_NORMAL_DEV_B6BE,VALID,,V2,Reliable Handover,GPS_TO_VPS,B9-104,70.535,2026-09-11T08:18:32.9617900Z,,1.0,,68.0,508.0,1.0,1.0,1.0,1.0,0.0,1.0,3.589,49.517,53.106,,1.0,False,2.0,1.0,0.0,1.0,0.0,0.0,0.0,0.0,2.0,0.0,0.0,0.0,2.0,2.0,False,1.0,1.0,0.0,0.0,1.0,1.632,1.632,0.0,1.632,1.632,1.632,success,,0.992,0.5,27.901,0.0,1.2664,10.562,reconstructed from campus_x/campus_y at +/-2.0s window,1.2664,Logger's own position_jump_m/heading_jump_deg column is treated as UNRELIABLE (observed constant 0 in sample data / internal settle-loop delta) and is NOT used as the primary result; see position_jump_m_reconstructed instead.,68.0,4.7033,4.7015,0.2336,4.247,5.264,0.7499,0.9345,3.1734,15.437,0.0,,,,0.0,0.0,0.0,0.0,0.0,1.0,0.0,100.0,0.0,,,
20260915_042206_567_BQ_GPS_TO_VPS_NORMAL_DEV_EBAA,VALID,,BQ,Quality-Threshold Baseline,GPS_TO_VPS,B9-204,52.695,2026-09-15T04:22:06.5673020Z,,1.0,,52.0,457.0,1.0,0.0,0.0,0.0,0.0,1.0,2.632,32.528,35.16,,1.0,False,4.0,2.0,1.0,1.0,0.0,0.0,0.0,2.0,4.0,50.0,1.0,4.0,4.0,4.0,False,1.0,1.0,0.0,0.0,1.0,1.668,1.668,0.0,1.668,1.668,1.668,success,,0.132,0.5,0.0,0.0,3.0448,19.688,reconstructed from campus_x/campus_y at +/-2.0s window,3.0448,Logger's own position_jump_m/heading_jump_deg column is treated as UNRELIABLE (observed constant 0 in sample data / internal settle-loop delta) and is NOT used as the primary result; see position_jump_m_reconstructed instead.,52.0,5.1955,5.214,0.2323,4.666,5.752,0.132,0.132,132.5963,158.83,20.0,0.9,0.9,,0.0,0.0,0.0,1.0,1.0,1.0,1.0,100.0,25.0,,,
20260911_081410_344_V1_GPS_TO_VPS_NORMAL_DEV_2379,VALID,,V1,Fixed Geometric,GPS_TO_VPS,B9-104,47.072,2026-09-11T08:14:10.3442860Z,,1.0,,47.0,25.0,0.0,0.0,0.0,0.0,0.0,,,20.0,,VPS attempt started but neither succeeded nor timed out before the trial log ends (trial likely truncated/aborted).,1.0,,4.0,2.0,1.0,1.0,0.0,0.0,0.0,2.0,4.0,50.0,1.0,4.0,4.0,4.0,False,1.0,0.0,0.0,1.0,0.0,,,,,,,unresolved,9.051,,,,,,,NOT_EVALUABLE_FROM_CURRENT_LOG: no evaluable handover acceptance moment.,3.6894,Logger's own position_jump_m/heading_jump_deg column is treated as UNRELIABLE (observed constant 0 in sample data / internal settle-loop delta) and is NOT used as the primary result; see position_jump_m_reconstructed instead.,47.0,5.0772,5.078,0.2137,4.516,5.548,0.8807,0.899,1.2431,4.592,0.0,0.9,0.9,,0.0,0.0,0.0,2.0,2.0,1.0,1.0,100.0,25.0,,,
20260911_105639_912_V3_GPS_TO_VPS_NORMAL_DEV_BB31,VALID,,V3,No Dwell Time,GPS_TO_VPS,B9-104,97.297,2026-09-11T10:56:39.9122680Z,,1.0,,97.0,1063.0,1.0,0.0,1.0,1.0,0.0,1.0,2.357,70.03,72.387,,1.0,False,4.0,2.0,1.0,1.0,0.0,0.0,0.0,2.0,4.0,50.0,1.0,4.0,4.0,4.0,False,1.0,1.0,0.0,0.0,1.0,1.665,1.665,0.0,1.665,1.665,1.665,success,17.251,0.956,0.5,18.335,0.0,1.9241,16.946,reconstructed from campus_x/campus_y at +/-2.0s window,1.9241,Logger's own position_jump_m/heading_jump_deg column is treated as UNRELIABLE (observed constant 0 in sample data / internal settle-loop delta) and is NOT used as the primary result; see position_jump_m_reconstructed instead.,97.0,5.0154,5.022,0.2301,4.478,5.555,0.859,0.952,1.669,9.517,16.0,0.9,0.9,,0.0,0.0,0.0,1.0,1.0,1.0,1.0,100.0,25.0,,,
20260915_042648_942_BT_GPS_TO_VPS_NORMAL_DEV_7706,VALID_WITH_WARNINGS,"[TRIAL_NOT_COMPLETED] summary.completed=0 and no end_reason logged; trial may have been aborted, reset, or app-closed mid-run.",BT,Quality + Dwell Baseline,GPS_TO_VPS,B9-104,58.058,2026-09-15T04:26:48.9423350Z,,0.0,,54.0,883.0,1.0,1.0,0.0,0.0,0.0,0.0,,34.726,46.726,,0.0,False,1.0,1.0,0.0,0.0,0.0,0.0,0.0,0.0,1.0,0.0,0.0,0.0,1.0,1.0,False,1.0,0.0,1.0,0.0,1.0,10.537,10.537,0.0,10.537,10.537,10.537,timeout_fallback,,1.0,0.5,28.53,0.0,0.533,54.625,reconstructed from campus_x/campus_y at +/-2.0s window,0.0,Logger's own position_jump_m/heading_jump_deg column is treated as UNRELIABLE (observed constant 0 in sample data / internal settle-loop delta) and is NOT used as the primary result; see position_jump_m_reconstructed instead.,54.0,4.9775,4.9795,0.2219,4.284,5.48,0.8328,0.975,2.6195,13.678,0.0,,,,0.0,0.0,0.0,0.0,0.0,0.0,0.0,0.0,0.0,,,
20260915_042445_835_V5_GPS_TO_VPS_NORMAL_DEV_8795,VALID,,V5,Full HARMONY,GPS_TO_VPS,B9-104,85.444,2026-09-15T04:24:45.8351180Z,,1.0,,81.0,667.0,1.0,1.0,1.0,1.0,1.0,1.0,3.261,61.52,64.781,,1.0,False,2.0,1.0,0.0,1.0,0.0,0.0,0.0,0.0,2.0,0.0,0.0,0.0,2.0,2.0,False,1.0,1.0,0.0,0.0,1.0,1.679,1.679,0.0,1.679,1.679,1.679,success,6.232,0.958,0.5,16.631,0.0,1.2344,10.635,reconstructed from campus_x/campus_y at +/-2.0s window,1.2344,Logger's own position_jump_m/heading_jump_deg column is treated as UNRELIABLE (observed constant 0 in sample data / internal settle-loop delta) and is NOT used as the primary result; see position_jump_m_reconstructed instead.,81.0,5.2585,5.238,0.2752,4.416,5.873,0.7945,0.9,2.5186,12.815,7.0,0.8951,0.9,,0.0,0.0,0.0,1.0,1.0,1.0,0.0,100.0,0.0,,,
20260911_053142_080_V3_GPS_TO_VPS_NORMAL_DEV_BCED,VALID_WITH_WARNINGS,"[TRIAL_NOT_COMPLETED] summary.completed=0, end_reason=user_finished_trial.",V3,No Dwell Time,GPS_TO_VPS,B10,72.116,2026-09-11T05:31:42.0800250Z,2026-09-11T05:32:54.1961750Z,0.0,user_finished_trial,65.0,500.0,1.0,0.0,1.0,1.0,0.0,0.0,,51.924,63.924,,0.0,False,3.0,2.0,1.0,0.0,0.0,0.0,0.0,2.0,3.0,66.67,1.0,3.0,3.0,3.0,False,1.0,0.0,1.0,0.0,1.0,11.457,11.457,0.0,11.457,11.457,11.457,timeout_fallback,,0.995,0.5,35.326,0.0,1.215,34.62,reconstructed from campus_x/campus_y at +/-2.0s window,0.0,Logger's own position_jump_m/heading_jump_deg column is treated as UNRELIABLE (observed constant 0 in sample data / internal settle-loop delta) and is NOT used as the primary result; see position_jump_m_reconstructed instead.,65.0,4.9983,4.961,0.2636,4.491,5.638,0.9644,0.994,0.6278,4.978,0.0,,,,0.0,0.0,0.0,0.0,0.0,0.0,1.0,0.0,33.3,,,
20260912_103747_212_V4_GPS_TO_VPS_NORMAL_DEV_16E6,VALID,,V4,No Map-ID Check,GPS_TO_VPS,B9-104,47.741,2026-09-12T10:37:47.2128370Z,2026-09-12T10:38:34.9567610Z,1.0,user_finished_trial,48.0,202.0,1.0,1.0,0.0,1.0,0.0,1.0,3.74,27.741,31.481,,1.0,False,4.0,2.0,1.0,1.0,0.0,0.0,0.0,2.0,4.0,50.0,1.0,4.0,4.0,4.0,False,1.0,1.0,0.0,0.0,1.0,1.688,1.688,0.0,1.688,1.688,1.688,success,19.227,0.994,0.5,20.13,0.0,1.6139,13.269,reconstructed from campus_x/campus_y at +/-2.0s window,1.6139,Logger's own position_jump_m/heading_jump_deg column is treated as UNRELIABLE (observed constant 0 in sample data / internal settle-loop delta) and is NOT used as the primary result; see position_jump_m_reconstructed instead.,48.0,5.0025,4.9935,0.2378,4.549,5.533,0.7913,0.923,1.4523,7.682,1.0,0.9,0.9,,0.0,0.0,0.0,0.0,0.0,1.0,1.0,100.0,25.0,,,
20260912_104913_515_V5_GPS_TO_VPS_NORMAL_DEV_AAA1,VALID,,V5,Full HARMONY,GPS_TO_VPS,B9-104,20.072,2026-09-12T10:49:13.5159190Z,2026-09-12T10:49:31.3863460Z,1.0,user_finished_trial,19.0,329.0,1.0,1.0,1.0,1.0,1.0,,,20.0,,VPS attempt started but neither succeeded nor timed out before the trial log ends (trial likely truncated/aborted).,1.0,,4.0,2.0,1.0,1.0,0.0,0.0,0.0,2.0,4.0,50.0,1.0,4.0,4.0,4.0,False,1.0,0.0,0.0,1.0,0.0,,,,,,,unresolved,,,,,,,,NOT_EVALUABLE_FROM_CURRENT_LOG: no evaluable handover acceptance moment.,1.2678,Logger's own position_jump_m/heading_jump_deg column is treated as UNRELIABLE (observed constant 0 in sample data / internal settle-loop delta) and is NOT used as the primary result; see position_jump_m_reconstructed instead.,19.0,4.9741,5.008,0.1958,4.652,5.184,0.4724,0.553,4.3469,10.065,0.0,,,,0.0,0.0,0.0,0.0,0.0,1.0,1.0,100.0,25.0,,,
20260911_051425_657_V1_GPS_TO_VPS_NORMAL_DEV_F38F,VALID_WITH_WARNINGS,"[TRIAL_NOT_COMPLETED] summary.completed=0, end_reason=user_finished_trial.",V1,Fixed Geometric,GPS_TO_VPS,B10,61.827,2026-09-11T05:14:25.6571010Z,2026-09-11T05:15:23.3091320Z,0.0,user_finished_trial,56.0,346.0,0.0,0.0,0.0,0.0,0.0,0.0,,41.827,53.827,,0.0,False,1.0,1.0,0.0,0.0,0.0,0.0,0.0,0.0,1.0,0.0,0.0,0.0,1.0,1.0,False,1.0,0.0,1.0,0.0,1.0,11.51,11.51,0.0,11.51,11.51,11.51,timeout_fallback,,1.0,0.5,43.549,0.0,1.037,18.169,reconstructed from campus_x/campus_y at +/-2.0s window,0.0,Logger's own position_jump_m/heading_jump_deg column is treated as UNRELIABLE (observed constant 0 in sample data / internal settle-loop delta) and is NOT used as the primary result; see position_jump_m_reconstructed instead.,56.0,5.335,5.3375,0.2166,4.837,5.79,0.9459,1.0,0.5995,4.255,0.0,,,,0.0,0.0,0.0,0.0,0.0,0.0,0.0,0.0,0.0,,,
20260911_052009_268_V2_GPS_TO_VPS_NORMAL_DEV_6D88,VALID,,V2,Reliable Handover,GPS_TO_VPS,B9-104,15.573,2026-09-11T05:20:09.2684210Z,2026-09-11T05:20:22.6579830Z,1.0,user_finished_trial,15.0,544.0,1.0,1.0,1.0,1.0,0.0,,,20.0,,VPS attempt started but neither succeeded nor timed out before the trial log ends (trial likely truncated/aborted).,1.0,,4.0,2.0,1.0,1.0,0.0,0.0,0.0,2.0,4.0,50.0,1.0,4.0,4.0,4.0,False,1.0,0.0,0.0,1.0,0.0,,,,,,,unresolved,,,,,,,,NOT_EVALUABLE_FROM_CURRENT_LOG: no evaluable handover acceptance moment.,1.1003,Logger's own position_jump_m/heading_jump_deg column is treated as UNRELIABLE (observed constant 0 in sample data / internal settle-loop delta) and is NOT used as the primary result; see position_jump_m_reconstructed instead.,15.0,4.8589,4.779,0.2104,4.7,5.477,0.8951,0.915,1.6716,4.469,0.0,,,,0.0,0.0,0.0,0.0,0.0,1.0,1.0,100.0,25.0,,,
20260912_025112_771_V3_GPS_TO_VPS_NORMAL_DEV_8BD4,INVALID,"[TOO_FEW_EVENTS] Only 1 event rows (< 5). | [TRIAL_NOT_COMPLETED] summary.completed=0 and no end_reason logged; trial may have been aborted, reset, or app-closed mid-run.",,,,,,,,,,,,,,,,,,,,,,,,,,,,,,,,,,,,,,,,,,,,,,,,,,,,,,,,,,,,,,,,,,,,,,,,,,,,,,,,,,,,sample_data/Kịch bản 6/events_20260912_025112_771_V3_GPS_TO_VPS_NORMAL_DEV_8BD4.csv,sample_data/Kịch bản 6/samples_20260912_025112_771_V3_GPS_TO_VPS_NORMAL_DEV_8BD4.csv,sample_data/Kịch bản 6/summary_20260912_025112_771_V3_GPS_TO_VPS_NORMAL_DEV_8BD4.csv
20260912_025225_839_V5_GPS_TO_VPS_NORMAL_DEV_1134,INVALID,"[TOO_FEW_EVENTS] Only 1 event rows (< 5). | [TRIAL_NOT_COMPLETED] summary.completed=0 and no end_reason logged; trial may have been aborted, reset, or app-closed mid-run.",,,,,,,,,,,,,,,,,,,,,,,,,,,,,,,,,,,,,,,,,,,,,,,,,,,,,,,,,,,,,,,,,,,,,,,,,,,,,,,,,,,,sample_data/Kịch bản 6/events_20260912_025225_839_V5_GPS_TO_VPS_NORMAL_DEV_1134.csv,sample_data/Kịch bản 6/samples_20260912_025225_839_V5_GPS_TO_VPS_NORMAL_DEV_1134.csv,sample_data/Kịch bản 6/summary_20260912_025225_839_V5_GPS_TO_VPS_NORMAL_DEV_1134.csv
20260912_024916_056_V1_GPS_TO_VPS_NORMAL_DEV_CE35,INVALID,"[TOO_FEW_EVENTS] Only 1 event rows (< 5). | [TRIAL_NOT_COMPLETED] summary.completed=0 and no end_reason logged; trial may have been aborted, reset, or app-closed mid-run.",,,,,,,,,,,,,,,,,,,,,,,,,,,,,,,,,,,,,,,,,,,,,,,,,,,,,,,,,,,,,,,,,,,,,,,,,,,,,,,,,,,,sample_data/Kịch bản 6/events_20260912_024916_056_V1_GPS_TO_VPS_NORMAL_DEV_CE35.csv,sample_data/Kịch bản 6/samples_20260912_024916_056_V1_GPS_TO_VPS_NORMAL_DEV_CE35.csv,sample_data/Kịch bản 6/summary_20260912_024916_056_V1_GPS_TO_VPS_NORMAL_DEV_CE35.csv
20260912_025157_240_V4_GPS_TO_VPS_NORMAL_DEV_5697,INVALID,"[TOO_FEW_EVENTS] Only 1 event rows (< 5). | [TRIAL_NOT_COMPLETED] summary.completed=0 and no end_reason logged; trial may have been aborted, reset, or app-closed mid-run.",,,,,,,,,,,,,,,,,,,,,,,,,,,,,,,,,,,,,,,,,,,,,,,,,,,,,,,,,,,,,,,,,,,,,,,,,,,,,,,,,,,,sample_data/Kịch bản 6/events_20260912_025157_240_V4_GPS_TO_VPS_NORMAL_DEV_5697.csv,sample_data/Kịch bản 6/samples_20260912_025157_240_V4_GPS_TO_VPS_NORMAL_DEV_5697.csv,sample_data/Kịch bản 6/summary_20260912_025157_240_V4_GPS_TO_VPS_NORMAL_DEV_5697.csv
20260912_024803_367_BT_GPS_TO_VPS_NORMAL_DEV_2860,INVALID,"[TOO_FEW_EVENTS] Only 3 event rows (< 5). | [TRIAL_NOT_COMPLETED] summary.completed=0 and no end_reason logged; trial may have been aborted, reset, or app-closed mid-run.",,,,,,,,,,,,,,,,,,,,,,,,,,,,,,,,,,,,,,,,,,,,,,,,,,,,,,,,,,,,,,,,,,,,,,,,,,,,,,,,,,,,sample_data/Kịch bản 6/events_20260912_024803_367_BT_GPS_TO_VPS_NORMAL_DEV_2860_1.csv,sample_data/Kịch bản 6/samples_20260912_024803_367_BT_GPS_TO_VPS_NORMAL_DEV_2860_1.csv,sample_data/Kịch bản 6/summary_20260912_024803_367_BT_GPS_TO_VPS_NORMAL_DEV_2860_1.csv
20260912_025311_208_BQ_GPS_TO_VPS_NORMAL_DEV_FDB5,INVALID,"[TOO_FEW_EVENTS] Only 1 event rows (< 5). | [TRIAL_NOT_COMPLETED] summary.completed=0 and no end_reason logged; trial may have been aborted, reset, or app-closed mid-run.",,,,,,,,,,,,,,,,,,,,,,,,,,,,,,,,,,,,,,,,,,,,,,,,,,,,,,,,,,,,,,,,,,,,,,,,,,,,,,,,,,,,sample_data/Kịch bản 6/events_20260912_025311_208_BQ_GPS_TO_VPS_NORMAL_DEV_FDB5.csv,sample_data/Kịch bản 6/samples_20260912_025311_208_BQ_GPS_TO_VPS_NORMAL_DEV_FDB5.csv,sample_data/Kịch bản 6/summary_20260912_025311_208_BQ_GPS_TO_VPS_NORMAL_DEV_FDB5.csv
20260912_025016_406_V2_GPS_TO_VPS_NORMAL_DEV_9635,INVALID,"[TOO_FEW_EVENTS] Only 3 event rows (< 5). | [TRIAL_NOT_COMPLETED] summary.completed=0 and no end_reason logged; trial may have been aborted, reset, or app-closed mid-run.",,,,,,,,,,,,,,,,,,,,,,,,,,,,,,,,,,,,,,,,,,,,,,,,,,,,,,,,,,,,,,,,,,,,,,,,,,,,,,,,,,,,sample_data/Kịch bản 6/events_20260912_025016_406_V2_GPS_TO_VPS_NORMAL_DEV_9635.csv,sample_data/Kịch bản 6/samples_20260912_025016_406_V2_GPS_TO_VPS_NORMAL_DEV_9635.csv,sample_data/Kịch bản 6/summary_20260912_025016_406_V2_GPS_TO_VPS_NORMAL_DEV_9635.csv
