session_id,scenario_id,harmony_version,direction,provenance,generation_tier,grounding_strength,validation_status,events_file
20260912_080953_034_V3_GPS_TO_VPS_NORMAL_DEV_E70A,KB16,V3,NONE,REAL,real_recorded,,VALID,FINAL_DATASET/KB16/20260912_080953_034_V3_GPS_TO_VPS_NORMAL_DEV_E70A/events_20260912_080953_034_V3_GPS_TO_VPS_NORMAL_DEV_E70A.csv
20260912_084508_275_V5_GPS_TO_VPS_NORMAL_DEV_ECF7,KB16,V5,NONE,REAL,real_recorded,,VALID,FINAL_DATASET/KB16/20260912_084508_275_V5_GPS_TO_VPS_NORMAL_DEV_ECF7/events_20260912_084508_275_V5_GPS_TO_VPS_NORMAL_DEV_ECF7.csv
20260913_081201_663_BQ_GPS_TO_VPS_NORMAL_DEV_3AEE,KB16,BQ,NONE,REAL,real_recorded,,VALID,FINAL_DATASET/KB16/20260913_081201_663_BQ_GPS_TO_VPS_NORMAL_DEV_3AEE/events_20260913_081201_663_BQ_GPS_TO_VPS_NORMAL_DEV_3AEE.csv
20260912_084254_771_V4_GPS_TO_VPS_NORMAL_DEV_163C,KB16,V4,NONE,REAL,real_recorded,,VALID,FINAL_DATASET/KB16/20260912_084254_771_V4_GPS_TO_VPS_NORMAL_DEV_163C/events_20260912_084254_771_V4_GPS_TO_VPS_NORMAL_DEV_163C.csv
20260913_081407_019_BT_GPS_TO_VPS_NORMAL_DEV_0022,KB16,BT,NONE,REAL,real_recorded,,VALID,FINAL_DATASET/KB16/20260913_081407_019_BT_GPS_TO_VPS_NORMAL_DEV_0022/events_20260913_081407_019_BT_GPS_TO_VPS_NORMAL_DEV_0022.csv
20260912_080545_351_V2_GPS_TO_VPS_NORMAL_DEV_5138,KB16,V2,NONE,REAL,real_recorded,,VALID,FINAL_DATASET/KB16/20260912_080545_351_V2_GPS_TO_VPS_NORMAL_DEV_5138/events_20260912_080545_351_V2_GPS_TO_VPS_NORMAL_DEV_5138.csv
20260912_080215_923_V1_GPS_TO_VPS_NORMAL_DEV_F4E4,KB16,V1,NONE,REAL,real_recorded,,VALID,FINAL_DATASET/KB16/20260912_080215_923_V1_GPS_TO_VPS_NORMAL_DEV_F4E4/events_20260912_080215_923_V1_GPS_TO_VPS_NORMAL_DEV_F4E4.csv
20260910_065110_366_V5_GPS_TO_VPS_NORMAL_DEV_2C61,KB14,V5,NONE,REAL,real_recorded,,VALID,FINAL_DATASET/KB14/20260910_065110_366_V5_GPS_TO_VPS_NORMAL_DEV_2C61/events_20260910_065110_366_V5_GPS_TO_VPS_NORMAL_DEV_2C61.csv
20260910_064543_930_BT_GPS_TO_VPS_NORMAL_DEV_9325,KB14,BT,NONE,REAL,real_recorded,,VALID,FINAL_DATASET/KB14/20260910_064543_930_BT_GPS_TO_VPS_NORMAL_DEV_9325/events_20260910_064543_930_BT_GPS_TO_VPS_NORMAL_DEV_9325.csv
20260910_064931_553_BQ_GPS_TO_VPS_NORMAL_DEV_532B,KB14,BQ,NONE,REAL,real_recorded,,VALID,FINAL_DATASET/KB14/20260910_064931_553_BQ_GPS_TO_VPS_NORMAL_DEV_532B/events_20260910_064931_553_BQ_GPS_TO_VPS_NORMAL_DEV_532B.csv
20260910_065724_954_V3_GPS_TO_VPS_NORMAL_DEV_6AD5,KB14,V3,NONE,REAL,real_recorded,,VALID,FINAL_DATASET/KB14/20260910_065724_954_V3_GPS_TO_VPS_NORMAL_DEV_6AD5/events_20260910_065724_954_V3_GPS_TO_VPS_NORMAL_DEV_6AD5.csv
20260910_065220_824_V4_GPS_TO_VPS_NORMAL_DEV_C853,KB14,V4,NONE,REAL,real_recorded,,VALID,FINAL_DATASET/KB14/20260910_065220_824_V4_GPS_TO_VPS_NORMAL_DEV_C853/events_20260910_065220_824_V4_GPS_TO_VPS_NORMAL_DEV_C853.csv
20260910_070011_120_V1_GPS_TO_VPS_NORMAL_DEV_30D7,KB14,V1,NONE,REAL,real_recorded,,VALID,FINAL_DATASET/KB14/20260910_070011_120_V1_GPS_TO_VPS_NORMAL_DEV_30D7/events_20260910_070011_120_V1_GPS_TO_VPS_NORMAL_DEV_30D7.csv
20260910_065833_404_V2_GPS_TO_VPS_NORMAL_DEV_5D53,KB14,V2,NONE,REAL,real_recorded,,VALID,FINAL_DATASET/KB14/20260910_065833_404_V2_GPS_TO_VPS_NORMAL_DEV_5D53/events_20260910_065833_404_V2_GPS_TO_VPS_NORMAL_DEV_5D53.csv
20260915_042445_835_V5_GPS_TO_VPS_NORMAL_DEV_8795,KB17,V5,NONE,REAL,real_recorded,,VALID,FINAL_DATASET/KB17/20260915_042445_835_V5_GPS_TO_VPS_NORMAL_DEV_8795/events_20260915_042445_835_V5_GPS_TO_VPS_NORMAL_DEV_8795.csv
20260915_042648_942_BT_GPS_TO_VPS_NORMAL_DEV_7706,KB17,BT,NONE,REAL,real_recorded,,VALID,FINAL_DATASET/KB17/20260915_042648_942_BT_GPS_TO_VPS_NORMAL_DEV_7706/events_20260915_042648_942_BT_GPS_TO_VPS_NORMAL_DEV_7706.csv
20260915_042206_567_BQ_GPS_TO_VPS_NORMAL_DEV_EBAA,KB17,BQ,NONE,REAL,real_recorded,,VALID,FINAL_DATASET/KB17/20260915_042206_567_BQ_GPS_TO_VPS_NORMAL_DEV_EBAA/events_20260915_042206_567_BQ_GPS_TO_VPS_NORMAL_DEV_EBAA.csv
20260911_081410_344_V1_GPS_TO_VPS_NORMAL_DEV_2379,KB17,V1,NONE,REAL,real_recorded,,VALID,FINAL_DATASET/KB17/20260911_081410_344_V1_GPS_TO_VPS_NORMAL_DEV_2379/events_20260911_081410_344_V1_GPS_TO_VPS_NORMAL_DEV_2379.csv
20260911_105854_962_V4_GPS_TO_VPS_NORMAL_DEV_D4A8,KB17,V4,NONE,REAL,real_recorded,,VALID,FINAL_DATASET/KB17/20260911_105854_962_V4_GPS_TO_VPS_NORMAL_DEV_D4A8/events_20260911_105854_962_V4_GPS_TO_VPS_NORMAL_DEV_D4A8.csv
20260911_105639_912_V3_GPS_TO_VPS_NORMAL_DEV_BB31,KB17,V3,NONE,REAL,real_recorded,,VALID,FINAL_DATASET/KB17/20260911_105639_912_V3_GPS_TO_VPS_NORMAL_DEV_BB31/events_20260911_105639_912_V3_GPS_TO_VPS_NORMAL_DEV_BB31.csv
20260911_081832_961_V2_GPS_TO_VPS_NORMAL_DEV_B6BE,KB17,V2,NONE,REAL,real_recorded,,VALID,FINAL_DATASET/KB17/20260911_081832_961_V2_GPS_TO_VPS_NORMAL_DEV_B6BE/events_20260911_081832_961_V2_GPS_TO_VPS_NORMAL_DEV_B6BE.csv
20260912_102736_027_V4_GPS_TO_VPS_NORMAL_DEV_C329,KB24,V4,NONE,REAL,real_recorded,,VALID,FINAL_DATASET/KB24/20260912_102736_027_V4_GPS_TO_VPS_NORMAL_DEV_C329/events_20260912_102736_027_V4_GPS_TO_VPS_NORMAL_DEV_C329.csv
20260912_102134_888_V3_GPS_TO_VPS_NORMAL_DEV_74A7,KB24,V3,NONE,REAL,real_recorded,,VALID,FINAL_DATASET/KB24/20260912_102134_888_V3_GPS_TO_VPS_NORMAL_DEV_74A7/events_20260912_102134_888_V3_GPS_TO_VPS_NORMAL_DEV_74A7.csv
20260912_101355_285_V2_GPS_TO_VPS_NORMAL_DEV_280D,KB24,V2,NONE,REAL,real_recorded,,VALID,FINAL_DATASET/KB24/20260912_101355_285_V2_GPS_TO_VPS_NORMAL_DEV_280D/events_20260912_101355_285_V2_GPS_TO_VPS_NORMAL_DEV_280D.csv
20260912_102449_585_V5_GPS_TO_VPS_NORMAL_DEV_9683,KB24,V5,NONE,REAL,real_recorded,,VALID,FINAL_DATASET/KB24/20260912_102449_585_V5_GPS_TO_VPS_NORMAL_DEV_9683/events_20260912_102449_585_V5_GPS_TO_VPS_NORMAL_DEV_9683.csv
20260912_103441_580_BQ_GPS_TO_VPS_NORMAL_DEV_1510,KB24,BQ,NONE,REAL,real_recorded,,VALID,FINAL_DATASET/KB24/20260912_103441_580_BQ_GPS_TO_VPS_NORMAL_DEV_1510/events_20260912_103441_580_BQ_GPS_TO_VPS_NORMAL_DEV_1510.csv
20260912_102831_991_BT_GPS_TO_VPS_NORMAL_DEV_AB40,KB24,BT,NONE,REAL,real_recorded,,VALID,FINAL_DATASET/KB24/20260912_102831_991_BT_GPS_TO_VPS_NORMAL_DEV_AB40/events_20260912_102831_991_BT_GPS_TO_VPS_NORMAL_DEV_AB40.csv
20260912_101203_701_V1_GPS_TO_VPS_NORMAL_DEV_0951,KB24,V1,NONE,REAL,real_recorded,,VALID,FINAL_DATASET/KB24/20260912_101203_701_V1_GPS_TO_VPS_NORMAL_DEV_0951/events_20260912_101203_701_V1_GPS_TO_VPS_NORMAL_DEV_0951.csv
20260911_051425_657_V1_GPS_TO_VPS_NORMAL_DEV_F38F,KB10,V1,NONE,REAL,real_recorded,,VALID,FINAL_DATASET/KB10/20260911_051425_657_V1_GPS_TO_VPS_NORMAL_DEV_F38F/events_20260911_051425_657_V1_GPS_TO_VPS_NORMAL_DEV_F38F.csv
20260911_053142_080_V3_GPS_TO_VPS_NORMAL_DEV_BCED,KB10,V3,NONE,REAL,real_recorded,,VALID,FINAL_DATASET/KB10/20260911_053142_080_V3_GPS_TO_VPS_NORMAL_DEV_BCED/events_20260911_053142_080_V3_GPS_TO_VPS_NORMAL_DEV_BCED.csv
20260911_052009_268_V2_GPS_TO_VPS_NORMAL_DEV_6D88,KB10,V2,NONE,REAL,real_recorded,,VALID,FINAL_DATASET/KB10/20260911_052009_268_V2_GPS_TO_VPS_NORMAL_DEV_6D88/events_20260911_052009_268_V2_GPS_TO_VPS_NORMAL_DEV_6D88.csv
20260912_103747_212_V4_GPS_TO_VPS_NORMAL_DEV_16E6,KB10,V4,NONE,REAL,real_recorded,,VALID,FINAL_DATASET/KB10/20260912_103747_212_V4_GPS_TO_VPS_NORMAL_DEV_16E6/events_20260912_103747_212_V4_GPS_TO_VPS_NORMAL_DEV_16E6.csv
20260912_104913_515_V5_GPS_TO_VPS_NORMAL_DEV_AAA1,KB10,V5,NONE,REAL,real_recorded,,VALID,FINAL_DATASET/KB10/20260912_104913_515_V5_GPS_TO_VPS_NORMAL_DEV_AAA1/events_20260912_104913_515_V5_GPS_TO_VPS_NORMAL_DEV_AAA1.csv
20260917_082329_745_V1_GPS_TO_VPS_NORMAL_DEV_A000,KB02,V1,VPS_TO_GPS,REAL,real_recorded,,VALID,FINAL_DATASET/KB02/20260917_082329_745_V1_GPS_TO_VPS_NORMAL_DEV_A000_1/events_20260917_082329_745_V1_GPS_TO_VPS_NORMAL_DEV_A000_1.csv
20260917_084301_102_V5_GPS_TO_VPS_NORMAL_DEV_416E,KB02,V5,VPS_TO_GPS,REAL,real_recorded,,VALID,FINAL_DATASET/KB02/20260917_084301_102_V5_GPS_TO_VPS_NORMAL_DEV_416E_1/events_20260917_084301_102_V5_GPS_TO_VPS_NORMAL_DEV_416E_1.csv
20260917_083639_189_V3_GPS_TO_VPS_NORMAL_DEV_DD2D,KB02,V3,VPS_TO_GPS,REAL,real_recorded,,VALID,FINAL_DATASET/KB02/20260917_083639_189_V3_GPS_TO_VPS_NORMAL_DEV_DD2D_1/events_20260917_083639_189_V3_GPS_TO_VPS_NORMAL_DEV_DD2D_1.csv
20260917_082934_913_V2_GPS_TO_VPS_NORMAL_DEV_A61C,KB02,V2,VPS_TO_GPS,REAL,real_recorded,,VALID,FINAL_DATASET/KB02/20260917_082934_913_V2_GPS_TO_VPS_NORMAL_DEV_A61C_1/events_20260917_082934_913_V2_GPS_TO_VPS_NORMAL_DEV_A61C_1.csv
20260917_085315_835_BQ_GPS_TO_VPS_NORMAL_DEV_428F,KB02,BQ,VPS_TO_GPS,REAL,real_recorded,,VALID,FINAL_DATASET/KB02/20260917_085315_835_BQ_GPS_TO_VPS_NORMAL_DEV_428F_1/events_20260917_085315_835_BQ_GPS_TO_VPS_NORMAL_DEV_428F_1.csv
20260917_083855_966_V4_GPS_TO_VPS_NORMAL_DEV_4AA1,KB02,V4,VPS_TO_GPS,REAL,real_recorded,,VALID,FINAL_DATASET/KB02/20260917_083855_966_V4_GPS_TO_VPS_NORMAL_DEV_4AA1_1/events_20260917_083855_966_V4_GPS_TO_VPS_NORMAL_DEV_4AA1_1.csv
20260917_090606_561_BT_GPS_TO_VPS_NORMAL_DEV_6228,KB02,BT,VPS_TO_GPS,REAL,real_recorded,,VALID,FINAL_DATASET/KB02/20260917_090606_561_BT_GPS_TO_VPS_NORMAL_DEV_6228_1/events_20260917_090606_561_BT_GPS_TO_VPS_NORMAL_DEV_6228_1.csv
20260915_085148_743_V2_GPS_TO_VPS_NORMAL_DEV_7313,KB11,V2,NONE,REAL,real_recorded,,VALID,FINAL_DATASET/KB11/20260915_085148_743_V2_GPS_TO_VPS_NORMAL_DEV_7313/events_20260915_085148_743_V2_GPS_TO_VPS_NORMAL_DEV_7313.csv
20260915_090604_072_BQ_GPS_TO_VPS_NORMAL_DEV_4784,KB11,BQ,NONE,REAL,real_recorded,,VALID,FINAL_DATASET/KB11/20260915_090604_072_BQ_GPS_TO_VPS_NORMAL_DEV_4784/events_20260915_090604_072_BQ_GPS_TO_VPS_NORMAL_DEV_4784.csv
20260915_090305_638_V5_GPS_TO_VPS_NORMAL_DEV_F25A,KB11,V5,NONE,REAL,real_recorded,,VALID,FINAL_DATASET/KB11/20260915_090305_638_V5_GPS_TO_VPS_NORMAL_DEV_F25A/events_20260915_090305_638_V5_GPS_TO_VPS_NORMAL_DEV_F25A.csv
20260915_085533_277_V3_GPS_TO_VPS_NORMAL_DEV_93D6,KB11,V3,NONE,REAL,real_recorded,,VALID,FINAL_DATASET/KB11/20260915_085533_277_V3_GPS_TO_VPS_NORMAL_DEV_93D6/events_20260915_085533_277_V3_GPS_TO_VPS_NORMAL_DEV_93D6.csv
20260915_084744_254_V1_GPS_TO_VPS_NORMAL_DEV_7E4F,KB11,V1,NONE,REAL,real_recorded,,VALID_WITH_WARNINGS,FINAL_DATASET/KB11/20260915_084744_254_V1_GPS_TO_VPS_NORMAL_DEV_7E4F/events_20260915_084744_254_V1_GPS_TO_VPS_NORMAL_DEV_7E4F.csv
20260915_090910_119_BT_GPS_TO_VPS_NORMAL_DEV_8D8B,KB11,BT,NONE,REAL,real_recorded,,VALID,FINAL_DATASET/KB11/20260915_090910_119_BT_GPS_TO_VPS_NORMAL_DEV_8D8B/events_20260915_090910_119_BT_GPS_TO_VPS_NORMAL_DEV_8D8B.csv
20260915_085823_623_V4_GPS_TO_VPS_NORMAL_DEV_FB68,KB11,V4,NONE,REAL,real_recorded,,VALID,FINAL_DATASET/KB11/20260915_085823_623_V4_GPS_TO_VPS_NORMAL_DEV_FB68/events_20260915_085823_623_V4_GPS_TO_VPS_NORMAL_DEV_FB68.csv
20260912_034750_793_BT_GPS_TO_VPS_NORMAL_DEV_EB50,KB18,BT,GPS_TO_VPS,REAL,real_recorded,,VALID,FINAL_DATASET/KB18/20260912_034750_793_BT_GPS_TO_VPS_NORMAL_DEV_EB50/events_20260912_034750_793_BT_GPS_TO_VPS_NORMAL_DEV_EB50.csv
20260912_032259_625_V3_GPS_TO_VPS_NORMAL_DEV_D0DA,KB18,V3,GPS_TO_VPS,REAL,real_recorded,,VALID,FINAL_DATASET/KB18/20260912_032259_625_V3_GPS_TO_VPS_NORMAL_DEV_D0DA/events_20260912_032259_625_V3_GPS_TO_VPS_NORMAL_DEV_D0DA.csv
20260912_031840_651_V2_GPS_TO_VPS_NORMAL_DEV_1844,KB18,V2,GPS_TO_VPS,REAL,real_recorded,,VALID,FINAL_DATASET/KB18/20260912_031840_651_V2_GPS_TO_VPS_NORMAL_DEV_1844/events_20260912_031840_651_V2_GPS_TO_VPS_NORMAL_DEV_1844.csv
20260912_030230_879_V1_GPS_TO_VPS_NORMAL_DEV_DCB4,KB18,V1,GPS_TO_VPS,REAL,real_recorded,,VALID,FINAL_DATASET/KB18/20260912_030230_879_V1_GPS_TO_VPS_NORMAL_DEV_DCB4/events_20260912_030230_879_V1_GPS_TO_VPS_NORMAL_DEV_DCB4.csv
20260912_034402_407_V5_GPS_TO_VPS_NORMAL_DEV_EC78,KB18,V5,GPS_TO_VPS,REAL,real_recorded,,VALID,FINAL_DATASET/KB18/20260912_034402_407_V5_GPS_TO_VPS_NORMAL_DEV_EC78/events_20260912_034402_407_V5_GPS_TO_VPS_NORMAL_DEV_EC78.csv
20260912_034104_595_V4_GPS_TO_VPS_NORMAL_DEV_294C,KB18,V4,GPS_TO_VPS,REAL,real_recorded,,VALID,FINAL_DATASET/KB18/20260912_034104_595_V4_GPS_TO_VPS_NORMAL_DEV_294C/events_20260912_034104_595_V4_GPS_TO_VPS_NORMAL_DEV_294C.csv
20260912_034626_883_BQ_GPS_TO_VPS_NORMAL_DEV_F465,KB18,BQ,GPS_TO_VPS,REAL,real_recorded,,VALID,FINAL_DATASET/KB18/20260912_034626_883_BQ_GPS_TO_VPS_NORMAL_DEV_F465/events_20260912_034626_883_BQ_GPS_TO_VPS_NORMAL_DEV_F465.csv
SYNTH_KB01_BT_3686_FWD,KB01,BT,GPS_TO_VPS,SYNTHETIC_SUPPORT,missing_scenario (Task 2 original 12-list: KB01/04/07/08/21/28),,VALID,FINAL_DATASET/_synthetic_missing_scenarios/KB01/SYNTH_KB01_BT_3686_FWD/events_SYNTH_KB01_BT_3686_FWD.csv
SYNTH_KB01_V3_4565_FWD,KB01,V3,GPS_TO_VPS,SYNTHETIC_SUPPORT,missing_scenario (Task 2 original 12-list: KB01/04/07/08/21/28),,VALID,FINAL_DATASET/_synthetic_missing_scenarios/KB01/SYNTH_KB01_V3_4565_FWD/events_SYNTH_KB01_V3_4565_FWD.csv
SYNTH_KB01_V5_8420_FWD,KB01,V5,GPS_TO_VPS,SYNTHETIC_SUPPORT,missing_scenario (Task 2 original 12-list: KB01/04/07/08/21/28),,VALID,FINAL_DATASET/_synthetic_missing_scenarios/KB01/SYNTH_KB01_V5_8420_FWD/events_SYNTH_KB01_V5_8420_FWD.csv
SYNTH_KB01_BQ_4605_FWD,KB01,BQ,GPS_TO_VPS,SYNTHETIC_SUPPORT,missing_scenario (Task 2 original 12-list: KB01/04/07/08/21/28),,VALID,FINAL_DATASET/_synthetic_missing_scenarios/KB01/SYNTH_KB01_BQ_4605_FWD/events_SYNTH_KB01_BQ_4605_FWD.csv
SYNTH_KB01_V1_3432_FWD,KB01,V1,GPS_TO_VPS,SYNTHETIC_SUPPORT,missing_scenario (Task 2 original 12-list: KB01/04/07/08/21/28),,VALID,FINAL_DATASET/_synthetic_missing_scenarios/KB01/SYNTH_KB01_V1_3432_FWD/events_SYNTH_KB01_V1_3432_FWD.csv
SYNTH_KB01_V2_6790_FWD,KB01,V2,GPS_TO_VPS,SYNTHETIC_SUPPORT,missing_scenario (Task 2 original 12-list: KB01/04/07/08/21/28),,VALID,FINAL_DATASET/_synthetic_missing_scenarios/KB01/SYNTH_KB01_V2_6790_FWD/events_SYNTH_KB01_V2_6790_FWD.csv
SYNTH_KB01_V4_2725_FWD,KB01,V4,GPS_TO_VPS,SYNTHETIC_SUPPORT,missing_scenario (Task 2 original 12-list: KB01/04/07/08/21/28),,VALID,FINAL_DATASET/_synthetic_missing_scenarios/KB01/SYNTH_KB01_V4_2725_FWD/events_SYNTH_KB01_V4_2725_FWD.csv
SYNTH_KB07_BT_7937_FWD,KB07,BT,GPS_TO_VPS,SYNTHETIC_SUPPORT,missing_scenario (Task 2 original 12-list: KB01/04/07/08/21/28),,VALID,FINAL_DATASET/_synthetic_missing_scenarios/KB07/SYNTH_KB07_BT_7937_FWD/events_SYNTH_KB07_BT_7937_FWD.csv
SYNTH_KB07_V3_3028_FWD,KB07,V3,GPS_TO_VPS,SYNTHETIC_SUPPORT,missing_scenario (Task 2 original 12-list: KB01/04/07/08/21/28),,VALID,FINAL_DATASET/_synthetic_missing_scenarios/KB07/SYNTH_KB07_V3_3028_FWD/events_SYNTH_KB07_V3_3028_FWD.csv
SYNTH_KB07_V2_1612_FWD,KB07,V2,GPS_TO_VPS,SYNTHETIC_SUPPORT,missing_scenario (Task 2 original 12-list: KB01/04/07/08/21/28),,VALID,FINAL_DATASET/_synthetic_missing_scenarios/KB07/SYNTH_KB07_V2_1612_FWD/events_SYNTH_KB07_V2_1612_FWD.csv
SYNTH_KB07_V4_1350_FWD,KB07,V4,GPS_TO_VPS,SYNTHETIC_SUPPORT,missing_scenario (Task 2 original 12-list: KB01/04/07/08/21/28),,VALID,FINAL_DATASET/_synthetic_missing_scenarios/KB07/SYNTH_KB07_V4_1350_FWD/events_SYNTH_KB07_V4_1350_FWD.csv
SYNTH_KB07_BQ_8168_FWD,KB07,BQ,GPS_TO_VPS,SYNTHETIC_SUPPORT,missing_scenario (Task 2 original 12-list: KB01/04/07/08/21/28),,VALID,FINAL_DATASET/_synthetic_missing_scenarios/KB07/SYNTH_KB07_BQ_8168_FWD/events_SYNTH_KB07_BQ_8168_FWD.csv
SYNTH_KB07_V5_3045_FWD,KB07,V5,GPS_TO_VPS,SYNTHETIC_SUPPORT,missing_scenario (Task 2 original 12-list: KB01/04/07/08/21/28),,VALID,FINAL_DATASET/_synthetic_missing_scenarios/KB07/SYNTH_KB07_V5_3045_FWD/events_SYNTH_KB07_V5_3045_FWD.csv
SYNTH_KB07_V1_3545_FWD,KB07,V1,GPS_TO_VPS,SYNTHETIC_SUPPORT,missing_scenario (Task 2 original 12-list: KB01/04/07/08/21/28),,VALID,FINAL_DATASET/_synthetic_missing_scenarios/KB07/SYNTH_KB07_V1_3545_FWD/events_SYNTH_KB07_V1_3545_FWD.csv
SYNTH_KB28_BQ_3258_FWD,KB28,BQ,GPS_TO_VPS,SYNTHETIC_SUPPORT,missing_scenario (Task 2 original 12-list: KB01/04/07/08/21/28),,VALID_WITH_WARNINGS,FINAL_DATASET/_synthetic_missing_scenarios/KB28/SYNTH_KB28_BQ_3258_FWD/events_SYNTH_KB28_BQ_3258_FWD.csv
SYNTH_KB28_V1_9871_FWD,KB28,V1,GPS_TO_VPS,SYNTHETIC_SUPPORT,missing_scenario (Task 2 original 12-list: KB01/04/07/08/21/28),,VALID_WITH_WARNINGS,FINAL_DATASET/_synthetic_missing_scenarios/KB28/SYNTH_KB28_V1_9871_FWD/events_SYNTH_KB28_V1_9871_FWD.csv
SYNTH_KB28_V5_7389_FWD,KB28,V5,GPS_TO_VPS,SYNTHETIC_SUPPORT,missing_scenario (Task 2 original 12-list: KB01/04/07/08/21/28),,VALID_WITH_WARNINGS,FINAL_DATASET/_synthetic_missing_scenarios/KB28/SYNTH_KB28_V5_7389_FWD/events_SYNTH_KB28_V5_7389_FWD.csv
SYNTH_KB28_V3_6467_FWD,KB28,V3,GPS_TO_VPS,SYNTHETIC_SUPPORT,missing_scenario (Task 2 original 12-list: KB01/04/07/08/21/28),,VALID_WITH_WARNINGS,FINAL_DATASET/_synthetic_missing_scenarios/KB28/SYNTH_KB28_V3_6467_FWD/events_SYNTH_KB28_V3_6467_FWD.csv
SYNTH_KB28_BT_8681_FWD,KB28,BT,GPS_TO_VPS,SYNTHETIC_SUPPORT,missing_scenario (Task 2 original 12-list: KB01/04/07/08/21/28),,VALID_WITH_WARNINGS,FINAL_DATASET/_synthetic_missing_scenarios/KB28/SYNTH_KB28_BT_8681_FWD/events_SYNTH_KB28_BT_8681_FWD.csv
SYNTH_KB28_V4_6180_FWD,KB28,V4,GPS_TO_VPS,SYNTHETIC_SUPPORT,missing_scenario (Task 2 original 12-list: KB01/04/07/08/21/28),,VALID_WITH_WARNINGS,FINAL_DATASET/_synthetic_missing_scenarios/KB28/SYNTH_KB28_V4_6180_FWD/events_SYNTH_KB28_V4_6180_FWD.csv
SYNTH_KB28_V2_7947_FWD,KB28,V2,GPS_TO_VPS,SYNTHETIC_SUPPORT,missing_scenario (Task 2 original 12-list: KB01/04/07/08/21/28),,VALID_WITH_WARNINGS,FINAL_DATASET/_synthetic_missing_scenarios/KB28/SYNTH_KB28_V2_7947_FWD/events_SYNTH_KB28_V2_7947_FWD.csv
SYNTH_KB08_V3_8524_FWD,KB08,V3,GPS_TO_VPS,SYNTHETIC_SUPPORT,missing_scenario (Task 2 original 12-list: KB01/04/07/08/21/28),,VALID,FINAL_DATASET/_synthetic_missing_scenarios/KB08/SYNTH_KB08_V3_8524_FWD/events_SYNTH_KB08_V3_8524_FWD.csv
SYNTH_KB08_V4_3753_FWD,KB08,V4,GPS_TO_VPS,SYNTHETIC_SUPPORT,missing_scenario (Task 2 original 12-list: KB01/04/07/08/21/28),,VALID,FINAL_DATASET/_synthetic_missing_scenarios/KB08/SYNTH_KB08_V4_3753_FWD/events_SYNTH_KB08_V4_3753_FWD.csv
SYNTH_KB08_V5_6545_FWD,KB08,V5,GPS_TO_VPS,SYNTHETIC_SUPPORT,missing_scenario (Task 2 original 12-list: KB01/04/07/08/21/28),,VALID,FINAL_DATASET/_synthetic_missing_scenarios/KB08/SYNTH_KB08_V5_6545_FWD/events_SYNTH_KB08_V5_6545_FWD.csv
SYNTH_KB08_V1_7591_FWD,KB08,V1,GPS_TO_VPS,SYNTHETIC_SUPPORT,missing_scenario (Task 2 original 12-list: KB01/04/07/08/21/28),,VALID,FINAL_DATASET/_synthetic_missing_scenarios/KB08/SYNTH_KB08_V1_7591_FWD/events_SYNTH_KB08_V1_7591_FWD.csv
SYNTH_KB08_V2_4393_FWD,KB08,V2,GPS_TO_VPS,SYNTHETIC_SUPPORT,missing_scenario (Task 2 original 12-list: KB01/04/07/08/21/28),,VALID,FINAL_DATASET/_synthetic_missing_scenarios/KB08/SYNTH_KB08_V2_4393_FWD/events_SYNTH_KB08_V2_4393_FWD.csv
SYNTH_KB08_BT_1159_FWD,KB08,BT,GPS_TO_VPS,SYNTHETIC_SUPPORT,missing_scenario (Task 2 original 12-list: KB01/04/07/08/21/28),,VALID,FINAL_DATASET/_synthetic_missing_scenarios/KB08/SYNTH_KB08_BT_1159_FWD/events_SYNTH_KB08_BT_1159_FWD.csv
SYNTH_KB08_BQ_3771_FWD,KB08,BQ,GPS_TO_VPS,SYNTHETIC_SUPPORT,missing_scenario (Task 2 original 12-list: KB01/04/07/08/21/28),,VALID,FINAL_DATASET/_synthetic_missing_scenarios/KB08/SYNTH_KB08_BQ_3771_FWD/events_SYNTH_KB08_BQ_3771_FWD.csv
SYNTH_KB21_V2_3348_FWD,KB21,V2,GPS_TO_VPS,SYNTHETIC_SUPPORT,missing_scenario (Task 2 original 12-list: KB01/04/07/08/21/28),,VALID,FINAL_DATASET/_synthetic_missing_scenarios/KB21/SYNTH_KB21_V2_3348_FWD/events_SYNTH_KB21_V2_3348_FWD.csv
SYNTH_KB21_BQ_2228_FWD,KB21,BQ,GPS_TO_VPS,SYNTHETIC_SUPPORT,missing_scenario (Task 2 original 12-list: KB01/04/07/08/21/28),,VALID,FINAL_DATASET/_synthetic_missing_scenarios/KB21/SYNTH_KB21_BQ_2228_FWD/events_SYNTH_KB21_BQ_2228_FWD.csv
SYNTH_KB21_BT_7814_FWD,KB21,BT,GPS_TO_VPS,SYNTHETIC_SUPPORT,missing_scenario (Task 2 original 12-list: KB01/04/07/08/21/28),,VALID,FINAL_DATASET/_synthetic_missing_scenarios/KB21/SYNTH_KB21_BT_7814_FWD/events_SYNTH_KB21_BT_7814_FWD.csv
SYNTH_KB21_V5_3934_FWD,KB21,V5,GPS_TO_VPS,SYNTHETIC_SUPPORT,missing_scenario (Task 2 original 12-list: KB01/04/07/08/21/28),,VALID,FINAL_DATASET/_synthetic_missing_scenarios/KB21/SYNTH_KB21_V5_3934_FWD/events_SYNTH_KB21_V5_3934_FWD.csv
SYNTH_KB21_V1_9203_FWD,KB21,V1,GPS_TO_VPS,SYNTHETIC_SUPPORT,missing_scenario (Task 2 original 12-list: KB01/04/07/08/21/28),,VALID,FINAL_DATASET/_synthetic_missing_scenarios/KB21/SYNTH_KB21_V1_9203_FWD/events_SYNTH_KB21_V1_9203_FWD.csv
SYNTH_KB21_V4_5436_FWD,KB21,V4,GPS_TO_VPS,SYNTHETIC_SUPPORT,missing_scenario (Task 2 original 12-list: KB01/04/07/08/21/28),,VALID,FINAL_DATASET/_synthetic_missing_scenarios/KB21/SYNTH_KB21_V4_5436_FWD/events_SYNTH_KB21_V4_5436_FWD.csv
SYNTH_KB21_V3_7039_FWD,KB21,V3,GPS_TO_VPS,SYNTHETIC_SUPPORT,missing_scenario (Task 2 original 12-list: KB01/04/07/08/21/28),,VALID,FINAL_DATASET/_synthetic_missing_scenarios/KB21/SYNTH_KB21_V3_7039_FWD/events_SYNTH_KB21_V3_7039_FWD.csv
SYNTH_KB04_V5_4822_FWD,KB04,V5,GPS_TO_VPS,SYNTHETIC_SUPPORT,missing_scenario (Task 2 original 12-list: KB01/04/07/08/21/28),,VALID,FINAL_DATASET/_synthetic_missing_scenarios/KB04/SYNTH_KB04_V5_4822_FWD/events_SYNTH_KB04_V5_4822_FWD.csv
SYNTH_KB04_V2_7770_FWD,KB04,V2,GPS_TO_VPS,SYNTHETIC_SUPPORT,missing_scenario (Task 2 original 12-list: KB01/04/07/08/21/28),,VALID,FINAL_DATASET/_synthetic_missing_scenarios/KB04/SYNTH_KB04_V2_7770_FWD/events_SYNTH_KB04_V2_7770_FWD.csv
SYNTH_KB04_V1_8534_FWD,KB04,V1,GPS_TO_VPS,SYNTHETIC_SUPPORT,missing_scenario (Task 2 original 12-list: KB01/04/07/08/21/28),,VALID,FINAL_DATASET/_synthetic_missing_scenarios/KB04/SYNTH_KB04_V1_8534_FWD/events_SYNTH_KB04_V1_8534_FWD.csv
SYNTH_KB04_V3_1702_FWD,KB04,V3,GPS_TO_VPS,SYNTHETIC_SUPPORT,missing_scenario (Task 2 original 12-list: KB01/04/07/08/21/28),,VALID,FINAL_DATASET/_synthetic_missing_scenarios/KB04/SYNTH_KB04_V3_1702_FWD/events_SYNTH_KB04_V3_1702_FWD.csv
SYNTH_KB04_BT_3128_FWD,KB04,BT,GPS_TO_VPS,SYNTHETIC_SUPPORT,missing_scenario (Task 2 original 12-list: KB01/04/07/08/21/28),,VALID,FINAL_DATASET/_synthetic_missing_scenarios/KB04/SYNTH_KB04_BT_3128_FWD/events_SYNTH_KB04_BT_3128_FWD.csv
SYNTH_KB04_BQ_1852_FWD,KB04,BQ,GPS_TO_VPS,SYNTHETIC_SUPPORT,missing_scenario (Task 2 original 12-list: KB01/04/07/08/21/28),,VALID,FINAL_DATASET/_synthetic_missing_scenarios/KB04/SYNTH_KB04_BQ_1852_FWD/events_SYNTH_KB04_BQ_1852_FWD.csv
SYNTH_KB04_V4_8553_FWD,KB04,V4,GPS_TO_VPS,SYNTHETIC_SUPPORT,missing_scenario (Task 2 original 12-list: KB01/04/07/08/21/28),,VALID,FINAL_DATASET/_synthetic_missing_scenarios/KB04/SYNTH_KB04_V4_8553_FWD/events_SYNTH_KB04_V4_8553_FWD.csv
20260906_075007_857_V3_GPS_TO_VPS_NORMAL_DEV_5C58,KB03,V3,GPS_TO_VPS,REAL,real_recorded,,VALID,FINAL_DATASET/KB03/20260906_075007_857_V3_GPS_TO_VPS_NORMAL_DEV_5C58/events_20260906_075007_857_V3_GPS_TO_VPS_NORMAL_DEV_5C58.csv
20260906_075227_349_V4_GPS_TO_VPS_NORMAL_DEV_3415,KB03,V4,GPS_TO_VPS,REAL,real_recorded,,VALID,FINAL_DATASET/KB03/20260906_075227_349_V4_GPS_TO_VPS_NORMAL_DEV_3415/events_20260906_075227_349_V4_GPS_TO_VPS_NORMAL_DEV_3415.csv
20260906_073558_794_V1_GPS_TO_VPS_NORMAL_DEV_7E24,KB03,V1,GPS_TO_VPS,REAL,real_recorded,,VALID,FINAL_DATASET/KB03/20260906_073558_794_V1_GPS_TO_VPS_NORMAL_DEV_7E24/events_20260906_073558_794_V1_GPS_TO_VPS_NORMAL_DEV_7E24.csv
20260906_075908_669_BQ_GPS_TO_VPS_NORMAL_DEV_A18D,KB03,BQ,GPS_TO_VPS,REAL,real_recorded,,VALID,FINAL_DATASET/KB03/20260906_075908_669_BQ_GPS_TO_VPS_NORMAL_DEV_A18D/events_20260906_075908_669_BQ_GPS_TO_VPS_NORMAL_DEV_A18D.csv
20260906_074640_905_V2_GPS_TO_VPS_NORMAL_DEV_1FA1,KB03,V2,GPS_TO_VPS,REAL,real_recorded,,VALID,FINAL_DATASET/KB03/20260906_074640_905_V2_GPS_TO_VPS_NORMAL_DEV_1FA1/events_20260906_074640_905_V2_GPS_TO_VPS_NORMAL_DEV_1FA1.csv
20260906_075703_168_V5_GPS_TO_VPS_NORMAL_DEV_4680,KB03,V5,GPS_TO_VPS,REAL,real_recorded,,VALID,FINAL_DATASET/KB03/20260906_075703_168_V5_GPS_TO_VPS_NORMAL_DEV_4680/events_20260906_075703_168_V5_GPS_TO_VPS_NORMAL_DEV_4680.csv
20260906_080152_673_BT_GPS_TO_VPS_NORMAL_DEV_4A91,KB03,BT,GPS_TO_VPS,REAL,real_recorded,,VALID,FINAL_DATASET/KB03/20260906_080152_673_BT_GPS_TO_VPS_NORMAL_DEV_4A91/events_20260906_080152_673_BT_GPS_TO_VPS_NORMAL_DEV_4A91.csv
20260914_014111_146_V1_GPS_TO_VPS_NORMAL_DEV_CE16,KB19,V1,NONE,REAL,real_recorded,,VALID,FINAL_DATASET/KB19/20260914_014111_146_V1_GPS_TO_VPS_NORMAL_DEV_CE16/events_20260914_014111_146_V1_GPS_TO_VPS_NORMAL_DEV_CE16.csv
20260914_013921_647_V4_GPS_TO_VPS_NORMAL_DEV_3512,KB19,V4,NONE,REAL,real_recorded,,VALID,FINAL_DATASET/KB19/20260914_013921_647_V4_GPS_TO_VPS_NORMAL_DEV_3512/events_20260914_013921_647_V4_GPS_TO_VPS_NORMAL_DEV_3512.csv
20260914_014219_079_BT_GPS_TO_VPS_NORMAL_DEV_C3DE,KB19,BT,NONE,REAL,real_recorded,,VALID,FINAL_DATASET/KB19/20260914_014219_079_BT_GPS_TO_VPS_NORMAL_DEV_C3DE/events_20260914_014219_079_BT_GPS_TO_VPS_NORMAL_DEV_C3DE.csv
20260914_013130_006_V1_GPS_TO_VPS_NORMAL_DEV_08DE,KB19,V1,NONE,REAL,real_recorded,,VALID,FINAL_DATASET/KB19/20260914_013130_006_V1_GPS_TO_VPS_NORMAL_DEV_08DE/events_20260914_013130_006_V1_GPS_TO_VPS_NORMAL_DEV_08DE.csv
20260914_014011_795_V1_GPS_TO_VPS_NORMAL_DEV_2BC4,KB19,V1,NONE,REAL,real_recorded,,VALID,FINAL_DATASET/KB19/20260914_014011_795_V1_GPS_TO_VPS_NORMAL_DEV_2BC4/events_20260914_014011_795_V1_GPS_TO_VPS_NORMAL_DEV_2BC4.csv
20260914_013648_026_V5_GPS_TO_VPS_NORMAL_DEV_E194,KB19,V5,NONE,REAL,real_recorded,,VALID,FINAL_DATASET/KB19/20260914_013648_026_V5_GPS_TO_VPS_NORMAL_DEV_E194/events_20260914_013648_026_V5_GPS_TO_VPS_NORMAL_DEV_E194.csv
20260914_013811_332_V3_GPS_TO_VPS_NORMAL_DEV_C7E4,KB19,V3,NONE,REAL,real_recorded,,VALID,FINAL_DATASET/KB19/20260914_013811_332_V3_GPS_TO_VPS_NORMAL_DEV_C7E4/events_20260914_013811_332_V3_GPS_TO_VPS_NORMAL_DEV_C7E4.csv
20260912_054551_539_V4_GPS_TO_VPS_NORMAL_DEV_5680,KB22,V4,GPS_TO_VPS,REAL,real_recorded,,VALID,FINAL_DATASET/KB22/20260912_054551_539_V4_GPS_TO_VPS_NORMAL_DEV_5680/events_20260912_054551_539_V4_GPS_TO_VPS_NORMAL_DEV_5680.csv
20260912_062236_926_V1_GPS_TO_VPS_NORMAL_DEV_DA16,KB22,V1,GPS_TO_VPS,REAL,real_recorded,,VALID,FINAL_DATASET/KB22/20260912_062236_926_V1_GPS_TO_VPS_NORMAL_DEV_DA16/events_20260912_062236_926_V1_GPS_TO_VPS_NORMAL_DEV_DA16.csv
20260912_060829_927_V2_GPS_TO_VPS_NORMAL_DEV_F796,KB22,V2,GPS_TO_VPS,REAL,real_recorded,,VALID,FINAL_DATASET/KB22/20260912_060829_927_V2_GPS_TO_VPS_NORMAL_DEV_F796/events_20260912_060829_927_V2_GPS_TO_VPS_NORMAL_DEV_F796.csv
20260912_055419_224_V3_GPS_TO_VPS_NORMAL_DEV_F251,KB22,V3,GPS_TO_VPS,REAL,real_recorded,,VALID,FINAL_DATASET/KB22/20260912_055419_224_V3_GPS_TO_VPS_NORMAL_DEV_F251/events_20260912_055419_224_V3_GPS_TO_VPS_NORMAL_DEV_F251.csv
20260912_063230_287_BT_GPS_TO_VPS_NORMAL_DEV_7870,KB22,BT,GPS_TO_VPS,REAL,real_recorded,,VALID,FINAL_DATASET/KB22/20260912_063230_287_BT_GPS_TO_VPS_NORMAL_DEV_7870/events_20260912_063230_287_BT_GPS_TO_VPS_NORMAL_DEV_7870.csv
20260912_054937_286_V5_GPS_TO_VPS_NORMAL_DEV_890A,KB22,V5,GPS_TO_VPS,REAL,real_recorded,,VALID,FINAL_DATASET/KB22/20260912_054937_286_V5_GPS_TO_VPS_NORMAL_DEV_890A/events_20260912_054937_286_V5_GPS_TO_VPS_NORMAL_DEV_890A.csv
20260912_074926_945_BQ_GPS_TO_VPS_NORMAL_DEV_F2F8,KB22,BQ,GPS_TO_VPS,REAL,real_recorded,,VALID,FINAL_DATASET/KB22/20260912_074926_945_BQ_GPS_TO_VPS_NORMAL_DEV_F2F8/events_20260912_074926_945_BQ_GPS_TO_VPS_NORMAL_DEV_F2F8.csv
SYNTH_KB12_BT_3403_FWD,KB12,BT,GPS_TO_VPS,SYNTHETIC_SUPPORT,"expanded_override (KB09/12/13/15/23/26/27/29, user override)","WEAK (structural placeholder): gps_accuracy_m during the outdoor approach is forced to this dataset's own real worst-ever-recorded value (24.873m, from a real V1 trial) as a stand-in for rain -- the magnitude is real, but its attribution to 'rain' specifically is NOT measured anywhere in this dataset.",VALID,FINAL_DATASET/_synthetic_expanded_scenarios/KB12/SYNTH_KB12_BT_3403_FWD/events_SYNTH_KB12_BT_3403_FWD.csv
SYNTH_KB12_V3_6467_FWD,KB12,V3,GPS_TO_VPS,SYNTHETIC_SUPPORT,"expanded_override (KB09/12/13/15/23/26/27/29, user override)","WEAK (structural placeholder): gps_accuracy_m during the outdoor approach is forced to this dataset's own real worst-ever-recorded value (24.873m, from a real V1 trial) as a stand-in for rain -- the magnitude is real, but its attribution to 'rain' specifically is NOT measured anywhere in this dataset.",VALID,FINAL_DATASET/_synthetic_expanded_scenarios/KB12/SYNTH_KB12_V3_6467_FWD/events_SYNTH_KB12_V3_6467_FWD.csv
SYNTH_KB12_BQ_8681_FWD,KB12,BQ,GPS_TO_VPS,SYNTHETIC_SUPPORT,"expanded_override (KB09/12/13/15/23/26/27/29, user override)","WEAK (structural placeholder): gps_accuracy_m during the outdoor approach is forced to this dataset's own real worst-ever-recorded value (24.873m, from a real V1 trial) as a stand-in for rain -- the magnitude is real, but its attribution to 'rain' specifically is NOT measured anywhere in this dataset.",VALID,FINAL_DATASET/_synthetic_expanded_scenarios/KB12/SYNTH_KB12_BQ_8681_FWD/events_SYNTH_KB12_BQ_8681_FWD.csv
SYNTH_KB12_V2_4393_FWD,KB12,V2,GPS_TO_VPS,SYNTHETIC_SUPPORT,"expanded_override (KB09/12/13/15/23/26/27/29, user override)","WEAK (structural placeholder): gps_accuracy_m during the outdoor approach is forced to this dataset's own real worst-ever-recorded value (24.873m, from a real V1 trial) as a stand-in for rain -- the magnitude is real, but its attribution to 'rain' specifically is NOT measured anywhere in this dataset.",VALID,FINAL_DATASET/_synthetic_expanded_scenarios/KB12/SYNTH_KB12_V2_4393_FWD/events_SYNTH_KB12_V2_4393_FWD.csv
SYNTH_KB12_V4_4822_FWD,KB12,V4,GPS_TO_VPS,SYNTHETIC_SUPPORT,"expanded_override (KB09/12/13/15/23/26/27/29, user override)","WEAK (structural placeholder): gps_accuracy_m during the outdoor approach is forced to this dataset's own real worst-ever-recorded value (24.873m, from a real V1 trial) as a stand-in for rain -- the magnitude is real, but its attribution to 'rain' specifically is NOT measured anywhere in this dataset.",VALID,FINAL_DATASET/_synthetic_expanded_scenarios/KB12/SYNTH_KB12_V4_4822_FWD/events_SYNTH_KB12_V4_4822_FWD.csv
SYNTH_KB12_V1_8534_FWD,KB12,V1,GPS_TO_VPS,SYNTHETIC_SUPPORT,"expanded_override (KB09/12/13/15/23/26/27/29, user override)","WEAK (structural placeholder): gps_accuracy_m during the outdoor approach is forced to this dataset's own real worst-ever-recorded value (24.873m, from a real V1 trial) as a stand-in for rain -- the magnitude is real, but its attribution to 'rain' specifically is NOT measured anywhere in this dataset.",VALID,FINAL_DATASET/_synthetic_expanded_scenarios/KB12/SYNTH_KB12_V1_8534_FWD/events_SYNTH_KB12_V1_8534_FWD.csv
SYNTH_KB12_V5_3771_FWD,KB12,V5,GPS_TO_VPS,SYNTHETIC_SUPPORT,"expanded_override (KB09/12/13/15/23/26/27/29, user override)","WEAK (structural placeholder): gps_accuracy_m during the outdoor approach is forced to this dataset's own real worst-ever-recorded value (24.873m, from a real V1 trial) as a stand-in for rain -- the magnitude is real, but its attribution to 'rain' specifically is NOT measured anywhere in this dataset.",VALID,FINAL_DATASET/_synthetic_expanded_scenarios/KB12/SYNTH_KB12_V5_3771_FWD/events_SYNTH_KB12_V5_3771_FWD.csv
SYNTH_KB13_BT_6686_FWD,KB13,BT,GPS_TO_VPS,SYNTHETIC_SUPPORT,"expanded_override (KB09/12/13/15/23/26/27/29, user override)","WEAK (structural placeholder): VPS confidence during scanning is held at this version's own real minimumVpsConfidence config threshold (a real, already-established per-version value) as a stand-in for glare-degraded scanning -- the threshold is real, its attribution to 'glare' is NOT measured.",VALID,FINAL_DATASET/_synthetic_expanded_scenarios/KB13/SYNTH_KB13_BT_6686_FWD/events_SYNTH_KB13_BT_6686_FWD.csv
SYNTH_KB13_V5_2228_FWD,KB13,V5,GPS_TO_VPS,SYNTHETIC_SUPPORT,"expanded_override (KB09/12/13/15/23/26/27/29, user override)","WEAK (structural placeholder): VPS confidence during scanning is held at this version's own real minimumVpsConfidence config threshold (a real, already-established per-version value) as a stand-in for glare-degraded scanning -- the threshold is real, its attribution to 'glare' is NOT measured.",VALID,FINAL_DATASET/_synthetic_expanded_scenarios/KB13/SYNTH_KB13_V5_2228_FWD/events_SYNTH_KB13_V5_2228_FWD.csv
SYNTH_KB13_BQ_5802_FWD,KB13,BQ,GPS_TO_VPS,SYNTHETIC_SUPPORT,"expanded_override (KB09/12/13/15/23/26/27/29, user override)","WEAK (structural placeholder): VPS confidence during scanning is held at this version's own real minimumVpsConfidence config threshold (a real, already-established per-version value) as a stand-in for glare-degraded scanning -- the threshold is real, its attribution to 'glare' is NOT measured.",VALID,FINAL_DATASET/_synthetic_expanded_scenarios/KB13/SYNTH_KB13_BQ_5802_FWD/events_SYNTH_KB13_BQ_5802_FWD.csv
SYNTH_KB13_V4_3045_FWD,KB13,V4,GPS_TO_VPS,SYNTHETIC_SUPPORT,"expanded_override (KB09/12/13/15/23/26/27/29, user override)","WEAK (structural placeholder): VPS confidence during scanning is held at this version's own real minimumVpsConfidence config threshold (a real, already-established per-version value) as a stand-in for glare-degraded scanning -- the threshold is real, its attribution to 'glare' is NOT measured.",VALID,FINAL_DATASET/_synthetic_expanded_scenarios/KB13/SYNTH_KB13_V4_3045_FWD/events_SYNTH_KB13_V4_3045_FWD.csv
SYNTH_KB13_V3_2725_FWD,KB13,V3,GPS_TO_VPS,SYNTHETIC_SUPPORT,"expanded_override (KB09/12/13/15/23/26/27/29, user override)","WEAK (structural placeholder): VPS confidence during scanning is held at this version's own real minimumVpsConfidence config threshold (a real, already-established per-version value) as a stand-in for glare-degraded scanning -- the threshold is real, its attribution to 'glare' is NOT measured.",VALID,FINAL_DATASET/_synthetic_expanded_scenarios/KB13/SYNTH_KB13_V3_2725_FWD/events_SYNTH_KB13_V3_2725_FWD.csv
SYNTH_KB13_V1_3545_FWD,KB13,V1,GPS_TO_VPS,SYNTHETIC_SUPPORT,"expanded_override (KB09/12/13/15/23/26/27/29, user override)","WEAK (structural placeholder): VPS confidence during scanning is held at this version's own real minimumVpsConfidence config threshold (a real, already-established per-version value) as a stand-in for glare-degraded scanning -- the threshold is real, its attribution to 'glare' is NOT measured.",VALID,FINAL_DATASET/_synthetic_expanded_scenarios/KB13/SYNTH_KB13_V1_3545_FWD/events_SYNTH_KB13_V1_3545_FWD.csv
SYNTH_KB13_V2_3348_FWD,KB13,V2,GPS_TO_VPS,SYNTHETIC_SUPPORT,"expanded_override (KB09/12/13/15/23/26/27/29, user override)","WEAK (structural placeholder): VPS confidence during scanning is held at this version's own real minimumVpsConfidence config threshold (a real, already-established per-version value) as a stand-in for glare-degraded scanning -- the threshold is real, its attribution to 'glare' is NOT measured.",VALID,FINAL_DATASET/_synthetic_expanded_scenarios/KB13/SYNTH_KB13_V2_3348_FWD/events_SYNTH_KB13_V2_3348_FWD.csv
SYNTH_KB15_V5_3258_FWD,KB15,V5,GPS_TO_VPS,SYNTHETIC_SUPPORT,"expanded_override (KB09/12/13/15/23/26/27/29, user override)","WEAK (structural placeholder): two vps_valid=0 dropout episodes use the existing recovery_count column, which is NEVER >0 anywhere in the real 105-trial dataset -- this exercises a defined-but-never-observed mechanism, not a measured crowd-occlusion effect.",VALID,FINAL_DATASET/_synthetic_expanded_scenarios/KB15/SYNTH_KB15_V5_3258_FWD/events_SYNTH_KB15_V5_3258_FWD.csv
SYNTH_KB15_V4_6545_FWD,KB15,V4,GPS_TO_VPS,SYNTHETIC_SUPPORT,"expanded_override (KB09/12/13/15/23/26/27/29, user override)","WEAK (structural placeholder): two vps_valid=0 dropout episodes use the existing recovery_count column, which is NEVER >0 anywhere in the real 105-trial dataset -- this exercises a defined-but-never-observed mechanism, not a measured crowd-occlusion effect.",VALID,FINAL_DATASET/_synthetic_expanded_scenarios/KB15/SYNTH_KB15_V4_6545_FWD/events_SYNTH_KB15_V4_6545_FWD.csv
SYNTH_KB15_BT_4671_FWD,KB15,BT,GPS_TO_VPS,SYNTHETIC_SUPPORT,"expanded_override (KB09/12/13/15/23/26/27/29, user override)","WEAK (structural placeholder): two vps_valid=0 dropout episodes use the existing recovery_count column, which is NEVER >0 anywhere in the real 105-trial dataset -- this exercises a defined-but-never-observed mechanism, not a measured crowd-occlusion effect.",VALID,FINAL_DATASET/_synthetic_expanded_scenarios/KB15/SYNTH_KB15_BT_4671_FWD/events_SYNTH_KB15_BT_4671_FWD.csv
SYNTH_KB15_V2_7947_FWD,KB15,V2,GPS_TO_VPS,SYNTHETIC_SUPPORT,"expanded_override (KB09/12/13/15/23/26/27/29, user override)","WEAK (structural placeholder): two vps_valid=0 dropout episodes use the existing recovery_count column, which is NEVER >0 anywhere in the real 105-trial dataset -- this exercises a defined-but-never-observed mechanism, not a measured crowd-occlusion effect.",VALID,FINAL_DATASET/_synthetic_expanded_scenarios/KB15/SYNTH_KB15_V2_7947_FWD/events_SYNTH_KB15_V2_7947_FWD.csv
SYNTH_KB15_BQ_7281_FWD,KB15,BQ,GPS_TO_VPS,SYNTHETIC_SUPPORT,"expanded_override (KB09/12/13/15/23/26/27/29, user override)","WEAK (structural placeholder): two vps_valid=0 dropout episodes use the existing recovery_count column, which is NEVER >0 anywhere in the real 105-trial dataset -- this exercises a defined-but-never-observed mechanism, not a measured crowd-occlusion effect.",VALID,FINAL_DATASET/_synthetic_expanded_scenarios/KB15/SYNTH_KB15_BQ_7281_FWD/events_SYNTH_KB15_BQ_7281_FWD.csv
SYNTH_KB15_V3_8553_FWD,KB15,V3,GPS_TO_VPS,SYNTHETIC_SUPPORT,"expanded_override (KB09/12/13/15/23/26/27/29, user override)","WEAK (structural placeholder): two vps_valid=0 dropout episodes use the existing recovery_count column, which is NEVER >0 anywhere in the real 105-trial dataset -- this exercises a defined-but-never-observed mechanism, not a measured crowd-occlusion effect.",VALID,FINAL_DATASET/_synthetic_expanded_scenarios/KB15/SYNTH_KB15_V3_8553_FWD/events_SYNTH_KB15_V3_8553_FWD.csv
SYNTH_KB15_V1_7591_FWD,KB15,V1,GPS_TO_VPS,SYNTHETIC_SUPPORT,"expanded_override (KB09/12/13/15/23/26/27/29, user override)","WEAK (structural placeholder): two vps_valid=0 dropout episodes use the existing recovery_count column, which is NEVER >0 anywhere in the real 105-trial dataset -- this exercises a defined-but-never-observed mechanism, not a measured crowd-occlusion effect.",VALID,FINAL_DATASET/_synthetic_expanded_scenarios/KB15/SYNTH_KB15_V1_7591_FWD/events_SYNTH_KB15_V1_7591_FWD.csv
SYNTH_KB06_BT_6790_FWD,KB06,BT,GPS_TO_VPS,SYNTHETIC_SUPPORT,kb06_replacement (corrupted real recordings replaced),"STRONG: identical construction to step6's KB01 (standard baseline GPS_TO_VPS handover, real per-version distributions + real template geometry). Generated specifically to replace KB06's 7 real trials, which all crashed mid-logging (1-3 event rows, no completion) and were excluded as INVALID in Task 1 -- see excluded_trials.csv. This is a REPLACEMENT for corrupted real recordings, not a stand-in for an unrepresentable condition.",VALID,FINAL_DATASET/_synthetic_expanded_scenarios/KB06/SYNTH_KB06_BT_6790_FWD/events_SYNTH_KB06_BT_6790_FWD.csv
SYNTH_KB06_V3_3545_FWD,KB06,V3,GPS_TO_VPS,SYNTHETIC_SUPPORT,kb06_replacement (corrupted real recordings replaced),"STRONG: identical construction to step6's KB01 (standard baseline GPS_TO_VPS handover, real per-version distributions + real template geometry). Generated specifically to replace KB06's 7 real trials, which all crashed mid-logging (1-3 event rows, no completion) and were excluded as INVALID in Task 1 -- see excluded_trials.csv. This is a REPLACEMENT for corrupted real recordings, not a stand-in for an unrepresentable condition.",VALID,FINAL_DATASET/_synthetic_expanded_scenarios/KB06/SYNTH_KB06_V3_3545_FWD/events_SYNTH_KB06_V3_3545_FWD.csv
SYNTH_KB06_V1_3432_FWD,KB06,V1,GPS_TO_VPS,SYNTHETIC_SUPPORT,kb06_replacement (corrupted real recordings replaced),"STRONG: identical construction to step6's KB01 (standard baseline GPS_TO_VPS handover, real per-version distributions + real template geometry). Generated specifically to replace KB06's 7 real trials, which all crashed mid-logging (1-3 event rows, no completion) and were excluded as INVALID in Task 1 -- see excluded_trials.csv. This is a REPLACEMENT for corrupted real recordings, not a stand-in for an unrepresentable condition.",VALID,FINAL_DATASET/_synthetic_expanded_scenarios/KB06/SYNTH_KB06_V1_3432_FWD/events_SYNTH_KB06_V1_3432_FWD.csv
SYNTH_KB06_V4_7591_FWD,KB06,V4,GPS_TO_VPS,SYNTHETIC_SUPPORT,kb06_replacement (corrupted real recordings replaced),"STRONG: identical construction to step6's KB01 (standard baseline GPS_TO_VPS handover, real per-version distributions + real template geometry). Generated specifically to replace KB06's 7 real trials, which all crashed mid-logging (1-3 event rows, no completion) and were excluded as INVALID in Task 1 -- see excluded_trials.csv. This is a REPLACEMENT for corrupted real recordings, not a stand-in for an unrepresentable condition.",VALID,FINAL_DATASET/_synthetic_expanded_scenarios/KB06/SYNTH_KB06_V4_7591_FWD/events_SYNTH_KB06_V4_7591_FWD.csv
SYNTH_KB06_BQ_9871_FWD,KB06,BQ,GPS_TO_VPS,SYNTHETIC_SUPPORT,kb06_replacement (corrupted real recordings replaced),"STRONG: identical construction to step6's KB01 (standard baseline GPS_TO_VPS handover, real per-version distributions + real template geometry). Generated specifically to replace KB06's 7 real trials, which all crashed mid-logging (1-3 event rows, no completion) and were excluded as INVALID in Task 1 -- see excluded_trials.csv. This is a REPLACEMENT for corrupted real recordings, not a stand-in for an unrepresentable condition.",VALID,FINAL_DATASET/_synthetic_expanded_scenarios/KB06/SYNTH_KB06_BQ_9871_FWD/events_SYNTH_KB06_BQ_9871_FWD.csv
SYNTH_KB06_V2_8534_FWD,KB06,V2,GPS_TO_VPS,SYNTHETIC_SUPPORT,kb06_replacement (corrupted real recordings replaced),"STRONG: identical construction to step6's KB01 (standard baseline GPS_TO_VPS handover, real per-version distributions + real template geometry). Generated specifically to replace KB06's 7 real trials, which all crashed mid-logging (1-3 event rows, no completion) and were excluded as INVALID in Task 1 -- see excluded_trials.csv. This is a REPLACEMENT for corrupted real recordings, not a stand-in for an unrepresentable condition.",VALID,FINAL_DATASET/_synthetic_expanded_scenarios/KB06/SYNTH_KB06_V2_8534_FWD/events_SYNTH_KB06_V2_8534_FWD.csv
SYNTH_KB06_V5_9203_FWD,KB06,V5,GPS_TO_VPS,SYNTHETIC_SUPPORT,kb06_replacement (corrupted real recordings replaced),"STRONG: identical construction to step6's KB01 (standard baseline GPS_TO_VPS handover, real per-version distributions + real template geometry). Generated specifically to replace KB06's 7 real trials, which all crashed mid-logging (1-3 event rows, no completion) and were excluded as INVALID in Task 1 -- see excluded_trials.csv. This is a REPLACEMENT for corrupted real recordings, not a stand-in for an unrepresentable condition.",VALID,FINAL_DATASET/_synthetic_expanded_scenarios/KB06/SYNTH_KB06_V5_9203_FWD/events_SYNTH_KB06_V5_9203_FWD.csv
SYNTH_KB27_V3_5436_FWD,KB27,V3,GPS_TO_VPS,SYNTHETIC_SUPPORT,"expanded_override (KB09/12/13/15/23/26/27/29, user override)","MODERATE: wrong_way_count=0 (the real mode/median) and this version's own real fastest-observed cadence (same technique as KB21) -- both real-anchored, but the AR-on/off comparison arm is NOT_REPRESENTED (no such column or comparison condition exists).",VALID,FINAL_DATASET/_synthetic_expanded_scenarios/KB27/SYNTH_KB27_V3_5436_FWD/events_SYNTH_KB27_V3_5436_FWD.csv
SYNTH_KB27_V4_4605_FWD,KB27,V4,GPS_TO_VPS,SYNTHETIC_SUPPORT,"expanded_override (KB09/12/13/15/23/26/27/29, user override)","MODERATE: wrong_way_count=0 (the real mode/median) and this version's own real fastest-observed cadence (same technique as KB21) -- both real-anchored, but the AR-on/off comparison arm is NOT_REPRESENTED (no such column or comparison condition exists).",VALID,FINAL_DATASET/_synthetic_expanded_scenarios/KB27/SYNTH_KB27_V4_4605_FWD/events_SYNTH_KB27_V4_4605_FWD.csv
SYNTH_KB27_V2_3028_FWD,KB27,V2,GPS_TO_VPS,SYNTHETIC_SUPPORT,"expanded_override (KB09/12/13/15/23/26/27/29, user override)","MODERATE: wrong_way_count=0 (the real mode/median) and this version's own real fastest-observed cadence (same technique as KB21) -- both real-anchored, but the AR-on/off comparison arm is NOT_REPRESENTED (no such column or comparison condition exists).",VALID,FINAL_DATASET/_synthetic_expanded_scenarios/KB27/SYNTH_KB27_V2_3028_FWD/events_SYNTH_KB27_V2_3028_FWD.csv
SYNTH_KB27_V5_7937_FWD,KB27,V5,GPS_TO_VPS,SYNTHETIC_SUPPORT,"expanded_override (KB09/12/13/15/23/26/27/29, user override)","MODERATE: wrong_way_count=0 (the real mode/median) and this version's own real fastest-observed cadence (same technique as KB21) -- both real-anchored, but the AR-on/off comparison arm is NOT_REPRESENTED (no such column or comparison condition exists).",VALID,FINAL_DATASET/_synthetic_expanded_scenarios/KB27/SYNTH_KB27_V5_7937_FWD/events_SYNTH_KB27_V5_7937_FWD.csv
SYNTH_KB27_BQ_8655_FWD,KB27,BQ,GPS_TO_VPS,SYNTHETIC_SUPPORT,"expanded_override (KB09/12/13/15/23/26/27/29, user override)","MODERATE: wrong_way_count=0 (the real mode/median) and this version's own real fastest-observed cadence (same technique as KB21) -- both real-anchored, but the AR-on/off comparison arm is NOT_REPRESENTED (no such column or comparison condition exists).",VALID,FINAL_DATASET/_synthetic_expanded_scenarios/KB27/SYNTH_KB27_BQ_8655_FWD/events_SYNTH_KB27_BQ_8655_FWD.csv
SYNTH_KB27_V1_6790_FWD,KB27,V1,GPS_TO_VPS,SYNTHETIC_SUPPORT,"expanded_override (KB09/12/13/15/23/26/27/29, user override)","MODERATE: wrong_way_count=0 (the real mode/median) and this version's own real fastest-observed cadence (same technique as KB21) -- both real-anchored, but the AR-on/off comparison arm is NOT_REPRESENTED (no such column or comparison condition exists).",VALID,FINAL_DATASET/_synthetic_expanded_scenarios/KB27/SYNTH_KB27_V1_6790_FWD/events_SYNTH_KB27_V1_6790_FWD.csv
SYNTH_KB27_BT_1286_FWD,KB27,BT,GPS_TO_VPS,SYNTHETIC_SUPPORT,"expanded_override (KB09/12/13/15/23/26/27/29, user override)","MODERATE: wrong_way_count=0 (the real mode/median) and this version's own real fastest-observed cadence (same technique as KB21) -- both real-anchored, but the AR-on/off comparison arm is NOT_REPRESENTED (no such column or comparison condition exists).",VALID,FINAL_DATASET/_synthetic_expanded_scenarios/KB27/SYNTH_KB27_BT_1286_FWD/events_SYNTH_KB27_BT_1286_FWD.csv
SYNTH_KB09_V2_1612_FWD,KB09,V2,NONE,SYNTHETIC_SUPPORT,"expanded_override (KB09/12/13/15/23/26/27/29, user override)",STRONG (reuses a real per-version NONE-direction trial's own path in original order; identical construction rigor to step6's KB01),VALID,FINAL_DATASET/_synthetic_expanded_scenarios/KB09/SYNTH_KB09_V2_1612_FWD/events_SYNTH_KB09_V2_1612_FWD.csv
SYNTH_KB09_V5_8168_FWD,KB09,V5,NONE,SYNTHETIC_SUPPORT,"expanded_override (KB09/12/13/15/23/26/27/29, user override)",STRONG (reuses a real per-version NONE-direction trial's own path in original order; identical construction rigor to step6's KB01),VALID,FINAL_DATASET/_synthetic_expanded_scenarios/KB09/SYNTH_KB09_V5_8168_FWD/events_SYNTH_KB09_V5_8168_FWD.csv
SYNTH_KB09_BQ_7814_FWD,KB09,BQ,NONE,SYNTHETIC_SUPPORT,"expanded_override (KB09/12/13/15/23/26/27/29, user override)",STRONG (reuses a real per-version NONE-direction trial's own path in original order; identical construction rigor to step6's KB01),VALID,FINAL_DATASET/_synthetic_expanded_scenarios/KB09/SYNTH_KB09_BQ_7814_FWD/events_SYNTH_KB09_BQ_7814_FWD.csv
SYNTH_KB09_V4_8420_FWD,KB09,V4,NONE,SYNTHETIC_SUPPORT,"expanded_override (KB09/12/13/15/23/26/27/29, user override)",STRONG (reuses a real per-version NONE-direction trial's own path in original order; identical construction rigor to step6's KB01),VALID,FINAL_DATASET/_synthetic_expanded_scenarios/KB09/SYNTH_KB09_V4_8420_FWD/events_SYNTH_KB09_V4_8420_FWD.csv
SYNTH_KB09_BT_3772_FWD,KB09,BT,NONE,SYNTHETIC_SUPPORT,"expanded_override (KB09/12/13/15/23/26/27/29, user override)",STRONG (reuses a real per-version NONE-direction trial's own path in original order; identical construction rigor to step6's KB01),VALID,FINAL_DATASET/_synthetic_expanded_scenarios/KB09/SYNTH_KB09_BT_3772_FWD/events_SYNTH_KB09_BT_3772_FWD.csv
SYNTH_KB09_V3_7039_FWD,KB09,V3,NONE,SYNTHETIC_SUPPORT,"expanded_override (KB09/12/13/15/23/26/27/29, user override)",STRONG (reuses a real per-version NONE-direction trial's own path in original order; identical construction rigor to step6's KB01),VALID,FINAL_DATASET/_synthetic_expanded_scenarios/KB09/SYNTH_KB09_V3_7039_FWD/events_SYNTH_KB09_V3_7039_FWD.csv
SYNTH_KB09_V1_3432_FWD,KB09,V1,NONE,SYNTHETIC_SUPPORT,"expanded_override (KB09/12/13/15/23/26/27/29, user override)",STRONG (reuses a real per-version NONE-direction trial's own path in original order; identical construction rigor to step6's KB01),VALID,FINAL_DATASET/_synthetic_expanded_scenarios/KB09/SYNTH_KB09_V1_3432_FWD/events_SYNTH_KB09_V1_3432_FWD.csv
SYNTH_KB29_V1_7770_FWD,KB29,V1,MULTI_HANDOVER,SYNTHETIC_SUPPORT,"expanded_override (KB09/12/13/15/23/26/27/29, user override)","STRONG structurally / per-segment: each of the 3 segments (OUT->IN, IN->OUT, OUT->IN) reuses the exact same real-per-version-distribution construction as step6's KB01 and step4's KB02 reverse segment, just chained in one continuous session. Per config.yaml, 'MULTI_HANDOVER' has no direction entry, so the pipeline's own detect_handover correctly returns evaluable=False for this trial -- exactly as spec Section 9 requires (excluded from HSR/FHR denominators), which is why handover_attempts_evaluable=0 in the summary even though 2 handovers structurally occurred.",VALID,FINAL_DATASET/_synthetic_expanded_scenarios/KB29/SYNTH_KB29_V1_7770_FWD/events_SYNTH_KB29_V1_7770_FWD.csv
SYNTH_KB29_V3_6180_FWD,KB29,V3,MULTI_HANDOVER,SYNTHETIC_SUPPORT,"expanded_override (KB09/12/13/15/23/26/27/29, user override)","STRONG structurally / per-segment: each of the 3 segments (OUT->IN, IN->OUT, OUT->IN) reuses the exact same real-per-version-distribution construction as step6's KB01 and step4's KB02 reverse segment, just chained in one continuous session. Per config.yaml, 'MULTI_HANDOVER' has no direction entry, so the pipeline's own detect_handover correctly returns evaluable=False for this trial -- exactly as spec Section 9 requires (excluded from HSR/FHR denominators), which is why handover_attempts_evaluable=0 in the summary even though 2 handovers structurally occurred.",VALID,FINAL_DATASET/_synthetic_expanded_scenarios/KB29/SYNTH_KB29_V3_6180_FWD/events_SYNTH_KB29_V3_6180_FWD.csv
SYNTH_KB29_V4_1852_FWD,KB29,V4,MULTI_HANDOVER,SYNTHETIC_SUPPORT,"expanded_override (KB09/12/13/15/23/26/27/29, user override)","STRONG structurally / per-segment: each of the 3 segments (OUT->IN, IN->OUT, OUT->IN) reuses the exact same real-per-version-distribution construction as step6's KB01 and step4's KB02 reverse segment, just chained in one continuous session. Per config.yaml, 'MULTI_HANDOVER' has no direction entry, so the pipeline's own detect_handover correctly returns evaluable=False for this trial -- exactly as spec Section 9 requires (excluded from HSR/FHR denominators), which is why handover_attempts_evaluable=0 in the summary even though 2 handovers structurally occurred.",VALID,FINAL_DATASET/_synthetic_expanded_scenarios/KB29/SYNTH_KB29_V4_1852_FWD/events_SYNTH_KB29_V4_1852_FWD.csv
SYNTH_KB29_BQ_4032_FWD,KB29,BQ,MULTI_HANDOVER,SYNTHETIC_SUPPORT,"expanded_override (KB09/12/13/15/23/26/27/29, user override)","STRONG structurally / per-segment: each of the 3 segments (OUT->IN, IN->OUT, OUT->IN) reuses the exact same real-per-version-distribution construction as step6's KB01 and step4's KB02 reverse segment, just chained in one continuous session. Per config.yaml, 'MULTI_HANDOVER' has no direction entry, so the pipeline's own detect_handover correctly returns evaluable=False for this trial -- exactly as spec Section 9 requires (excluded from HSR/FHR denominators), which is why handover_attempts_evaluable=0 in the summary even though 2 handovers structurally occurred.",VALID,FINAL_DATASET/_synthetic_expanded_scenarios/KB29/SYNTH_KB29_BQ_4032_FWD/events_SYNTH_KB29_BQ_4032_FWD.csv
SYNTH_KB29_V5_1159_FWD,KB29,V5,MULTI_HANDOVER,SYNTHETIC_SUPPORT,"expanded_override (KB09/12/13/15/23/26/27/29, user override)","STRONG structurally / per-segment: each of the 3 segments (OUT->IN, IN->OUT, OUT->IN) reuses the exact same real-per-version-distribution construction as step6's KB01 and step4's KB02 reverse segment, just chained in one continuous session. Per config.yaml, 'MULTI_HANDOVER' has no direction entry, so the pipeline's own detect_handover correctly returns evaluable=False for this trial -- exactly as spec Section 9 requires (excluded from HSR/FHR denominators), which is why handover_attempts_evaluable=0 in the summary even though 2 handovers structurally occurred.",VALID,FINAL_DATASET/_synthetic_expanded_scenarios/KB29/SYNTH_KB29_V5_1159_FWD/events_SYNTH_KB29_V5_1159_FWD.csv
SYNTH_KB29_V2_8524_FWD,KB29,V2,MULTI_HANDOVER,SYNTHETIC_SUPPORT,"expanded_override (KB09/12/13/15/23/26/27/29, user override)","STRONG structurally / per-segment: each of the 3 segments (OUT->IN, IN->OUT, OUT->IN) reuses the exact same real-per-version-distribution construction as step6's KB01 and step4's KB02 reverse segment, just chained in one continuous session. Per config.yaml, 'MULTI_HANDOVER' has no direction entry, so the pipeline's own detect_handover correctly returns evaluable=False for this trial -- exactly as spec Section 9 requires (excluded from HSR/FHR denominators), which is why handover_attempts_evaluable=0 in the summary even though 2 handovers structurally occurred.",VALID,FINAL_DATASET/_synthetic_expanded_scenarios/KB29/SYNTH_KB29_V2_8524_FWD/events_SYNTH_KB29_V2_8524_FWD.csv
SYNTH_KB29_BT_8842_FWD,KB29,BT,MULTI_HANDOVER,SYNTHETIC_SUPPORT,"expanded_override (KB09/12/13/15/23/26/27/29, user override)","STRONG structurally / per-segment: each of the 3 segments (OUT->IN, IN->OUT, OUT->IN) reuses the exact same real-per-version-distribution construction as step6's KB01 and step4's KB02 reverse segment, just chained in one continuous session. Per config.yaml, 'MULTI_HANDOVER' has no direction entry, so the pipeline's own detect_handover correctly returns evaluable=False for this trial -- exactly as spec Section 9 requires (excluded from HSR/FHR denominators), which is why handover_attempts_evaluable=0 in the summary even though 2 handovers structurally occurred.",VALID,FINAL_DATASET/_synthetic_expanded_scenarios/KB29/SYNTH_KB29_BT_8842_FWD/events_SYNTH_KB29_BT_8842_FWD.csv
SYNTH_KB23_V2_4565_FWD,KB23,V2,GPS_TO_VPS,SYNTHETIC_SUPPORT,"expanded_override (KB09/12/13/15/23/26/27/29, user override)","WEAK (structural placeholder): one vps_valid=0 dropout episode, same never-observed recovery_count mechanism as KB15, distinguished from it only by being a single (not recurring) episode per the scenario definition.",VALID,FINAL_DATASET/_synthetic_expanded_scenarios/KB23/SYNTH_KB23_V2_4565_FWD/events_SYNTH_KB23_V2_4565_FWD.csv
SYNTH_KB23_V3_1350_FWD,KB23,V3,GPS_TO_VPS,SYNTHETIC_SUPPORT,"expanded_override (KB09/12/13/15/23/26/27/29, user override)","WEAK (structural placeholder): one vps_valid=0 dropout episode, same never-observed recovery_count mechanism as KB15, distinguished from it only by being a single (not recurring) episode per the scenario definition.",VALID,FINAL_DATASET/_synthetic_expanded_scenarios/KB23/SYNTH_KB23_V3_1350_FWD/events_SYNTH_KB23_V3_1350_FWD.csv
SYNTH_KB23_V4_3934_FWD,KB23,V4,GPS_TO_VPS,SYNTHETIC_SUPPORT,"expanded_override (KB09/12/13/15/23/26/27/29, user override)","WEAK (structural placeholder): one vps_valid=0 dropout episode, same never-observed recovery_count mechanism as KB15, distinguished from it only by being a single (not recurring) episode per the scenario definition.",VALID,FINAL_DATASET/_synthetic_expanded_scenarios/KB23/SYNTH_KB23_V4_3934_FWD/events_SYNTH_KB23_V4_3934_FWD.csv
SYNTH_KB23_BT_1327_FWD,KB23,BT,GPS_TO_VPS,SYNTHETIC_SUPPORT,"expanded_override (KB09/12/13/15/23/26/27/29, user override)","WEAK (structural placeholder): one vps_valid=0 dropout episode, same never-observed recovery_count mechanism as KB15, distinguished from it only by being a single (not recurring) episode per the scenario definition.",VALID,FINAL_DATASET/_synthetic_expanded_scenarios/KB23/SYNTH_KB23_BT_1327_FWD/events_SYNTH_KB23_BT_1327_FWD.csv
SYNTH_KB23_V1_9203_FWD,KB23,V1,GPS_TO_VPS,SYNTHETIC_SUPPORT,"expanded_override (KB09/12/13/15/23/26/27/29, user override)","WEAK (structural placeholder): one vps_valid=0 dropout episode, same never-observed recovery_count mechanism as KB15, distinguished from it only by being a single (not recurring) episode per the scenario definition.",VALID,FINAL_DATASET/_synthetic_expanded_scenarios/KB23/SYNTH_KB23_V1_9203_FWD/events_SYNTH_KB23_V1_9203_FWD.csv
SYNTH_KB23_V5_3686_FWD,KB23,V5,GPS_TO_VPS,SYNTHETIC_SUPPORT,"expanded_override (KB09/12/13/15/23/26/27/29, user override)","WEAK (structural placeholder): one vps_valid=0 dropout episode, same never-observed recovery_count mechanism as KB15, distinguished from it only by being a single (not recurring) episode per the scenario definition.",VALID,FINAL_DATASET/_synthetic_expanded_scenarios/KB23/SYNTH_KB23_V5_3686_FWD/events_SYNTH_KB23_V5_3686_FWD.csv
SYNTH_KB23_BQ_1679_FWD,KB23,BQ,GPS_TO_VPS,SYNTHETIC_SUPPORT,"expanded_override (KB09/12/13/15/23/26/27/29, user override)","WEAK (structural placeholder): one vps_valid=0 dropout episode, same never-observed recovery_count mechanism as KB15, distinguished from it only by being a single (not recurring) episode per the scenario definition.",VALID,FINAL_DATASET/_synthetic_expanded_scenarios/KB23/SYNTH_KB23_BQ_1679_FWD/events_SYNTH_KB23_BQ_1679_FWD.csv
SYNTH_KB26_V3_3753_FWD,KB26,V3,GPS_TO_VPS,SYNTHETIC_SUPPORT,"expanded_override (KB09/12/13/15/23/26/27/29, user override)","MODERATE: wrong_way_count=1 is this dataset's own real maximum ever recorded (105 real trials, max=1, mean=0.0095) and cadence is slowed -- both real-anchored, but 'help_request'/'trust' measures are NOT_REPRESENTED (no such column exists).",VALID,FINAL_DATASET/_synthetic_expanded_scenarios/KB26/SYNTH_KB26_V3_3753_FWD/events_SYNTH_KB26_V3_3753_FWD.csv
SYNTH_KB26_BQ_7823_FWD,KB26,BQ,GPS_TO_VPS,SYNTHETIC_SUPPORT,"expanded_override (KB09/12/13/15/23/26/27/29, user override)","MODERATE: wrong_way_count=1 is this dataset's own real maximum ever recorded (105 real trials, max=1, mean=0.0095) and cadence is slowed -- both real-anchored, but 'help_request'/'trust' measures are NOT_REPRESENTED (no such column exists).",VALID,FINAL_DATASET/_synthetic_expanded_scenarios/KB26/SYNTH_KB26_BQ_7823_FWD/events_SYNTH_KB26_BQ_7823_FWD.csv
SYNTH_KB26_V4_7389_FWD,KB26,V4,GPS_TO_VPS,SYNTHETIC_SUPPORT,"expanded_override (KB09/12/13/15/23/26/27/29, user override)","MODERATE: wrong_way_count=1 is this dataset's own real maximum ever recorded (105 real trials, max=1, mean=0.0095) and cadence is slowed -- both real-anchored, but 'help_request'/'trust' measures are NOT_REPRESENTED (no such column exists).",VALID,FINAL_DATASET/_synthetic_expanded_scenarios/KB26/SYNTH_KB26_V4_7389_FWD/events_SYNTH_KB26_V4_7389_FWD.csv
SYNTH_KB26_V1_9871_FWD,KB26,V1,GPS_TO_VPS,SYNTHETIC_SUPPORT,"expanded_override (KB09/12/13/15/23/26/27/29, user override)","MODERATE: wrong_way_count=1 is this dataset's own real maximum ever recorded (105 real trials, max=1, mean=0.0095) and cadence is slowed -- both real-anchored, but 'help_request'/'trust' measures are NOT_REPRESENTED (no such column exists).",VALID,FINAL_DATASET/_synthetic_expanded_scenarios/KB26/SYNTH_KB26_V1_9871_FWD/events_SYNTH_KB26_V1_9871_FWD.csv
SYNTH_KB26_V2_1702_FWD,KB26,V2,GPS_TO_VPS,SYNTHETIC_SUPPORT,"expanded_override (KB09/12/13/15/23/26/27/29, user override)","MODERATE: wrong_way_count=1 is this dataset's own real maximum ever recorded (105 real trials, max=1, mean=0.0095) and cadence is slowed -- both real-anchored, but 'help_request'/'trust' measures are NOT_REPRESENTED (no such column exists).",VALID,FINAL_DATASET/_synthetic_expanded_scenarios/KB26/SYNTH_KB26_V2_1702_FWD/events_SYNTH_KB26_V2_1702_FWD.csv
SYNTH_KB26_BT_9972_FWD,KB26,BT,GPS_TO_VPS,SYNTHETIC_SUPPORT,"expanded_override (KB09/12/13/15/23/26/27/29, user override)","MODERATE: wrong_way_count=1 is this dataset's own real maximum ever recorded (105 real trials, max=1, mean=0.0095) and cadence is slowed -- both real-anchored, but 'help_request'/'trust' measures are NOT_REPRESENTED (no such column exists).",VALID,FINAL_DATASET/_synthetic_expanded_scenarios/KB26/SYNTH_KB26_BT_9972_FWD/events_SYNTH_KB26_BT_9972_FWD.csv
SYNTH_KB26_V5_3128_FWD,KB26,V5,GPS_TO_VPS,SYNTHETIC_SUPPORT,"expanded_override (KB09/12/13/15/23/26/27/29, user override)","MODERATE: wrong_way_count=1 is this dataset's own real maximum ever recorded (105 real trials, max=1, mean=0.0095) and cadence is slowed -- both real-anchored, but 'help_request'/'trust' measures are NOT_REPRESENTED (no such column exists).",VALID,FINAL_DATASET/_synthetic_expanded_scenarios/KB26/SYNTH_KB26_V5_3128_FWD/events_SYNTH_KB26_V5_3128_FWD.csv
20260915_042149_473_V3_GPS_TO_VPS_NORMAL_DEV_DC42,KB25,V3,GPS_TO_VPS,REAL,real_recorded,,VALID,FINAL_DATASET/KB25/20260915_042149_473_V3_GPS_TO_VPS_NORMAL_DEV_DC42/events_20260915_042149_473_V3_GPS_TO_VPS_NORMAL_DEV_DC42.csv
20260915_042934_425_V5_GPS_TO_VPS_NORMAL_DEV_5F97,KB25,V5,GPS_TO_VPS,REAL,real_recorded,,VALID,FINAL_DATASET/KB25/20260915_042934_425_V5_GPS_TO_VPS_NORMAL_DEV_5F97/events_20260915_042934_425_V5_GPS_TO_VPS_NORMAL_DEV_5F97.csv
20260915_044338_595_BT_GPS_TO_VPS_NORMAL_DEV_FBA2,KB25,BT,GPS_TO_VPS,REAL,real_recorded,,VALID,FINAL_DATASET/KB25/20260915_044338_595_BT_GPS_TO_VPS_NORMAL_DEV_FBA2/events_20260915_044338_595_BT_GPS_TO_VPS_NORMAL_DEV_FBA2.csv
20260915_041512_690_V1_GPS_TO_VPS_NORMAL_DEV_858E,KB25,V1,GPS_TO_VPS,REAL,real_recorded,,VALID,FINAL_DATASET/KB25/20260915_041512_690_V1_GPS_TO_VPS_NORMAL_DEV_858E/events_20260915_041512_690_V1_GPS_TO_VPS_NORMAL_DEV_858E.csv
20260915_041925_984_V2_GPS_TO_VPS_NORMAL_DEV_3309,KB25,V2,GPS_TO_VPS,REAL,real_recorded,,VALID,FINAL_DATASET/KB25/20260915_041925_984_V2_GPS_TO_VPS_NORMAL_DEV_3309/events_20260915_041925_984_V2_GPS_TO_VPS_NORMAL_DEV_3309.csv
20260915_042529_132_V4_GPS_TO_VPS_NORMAL_DEV_72A2,KB25,V4,GPS_TO_VPS,REAL,real_recorded,,VALID,FINAL_DATASET/KB25/20260915_042529_132_V4_GPS_TO_VPS_NORMAL_DEV_72A2/events_20260915_042529_132_V4_GPS_TO_VPS_NORMAL_DEV_72A2.csv
20260915_043945_288_BQ_GPS_TO_VPS_NORMAL_DEV_3951,KB25,BQ,GPS_TO_VPS,REAL,real_recorded,,VALID,FINAL_DATASET/KB25/20260915_043945_288_BQ_GPS_TO_VPS_NORMAL_DEV_3951/events_20260915_043945_288_BQ_GPS_TO_VPS_NORMAL_DEV_3951.csv
SYNTH_KB02_V3_9203_REV,KB02,V3,VPS_TO_GPS,SYNTHETIC_SUPPORT,"reverse_handover (Task 1, KB02/KB20)","STRONG (real per-version distributions + real template geometry, per spec Section 8)",VALID,FINAL_DATASET/_synthetic_reverse/KB02/SYNTH_KB02_V3_9203_REV/events_SYNTH_KB02_V3_9203_REV.csv
SYNTH_KB02_V1_3432_REV,KB02,V1,VPS_TO_GPS,SYNTHETIC_SUPPORT,"reverse_handover (Task 1, KB02/KB20)","STRONG (real per-version distributions + real template geometry, per spec Section 8)",VALID,FINAL_DATASET/_synthetic_reverse/KB02/SYNTH_KB02_V1_3432_REV/events_SYNTH_KB02_V1_3432_REV.csv
SYNTH_KB02_V5_1612_REV,KB02,V5,VPS_TO_GPS,SYNTHETIC_SUPPORT,"reverse_handover (Task 1, KB02/KB20)","STRONG (real per-version distributions + real template geometry, per spec Section 8)",VALID,FINAL_DATASET/_synthetic_reverse/KB02/SYNTH_KB02_V5_1612_REV/events_SYNTH_KB02_V5_1612_REV.csv
SYNTH_KB02_BQ_3348_REV,KB02,BQ,VPS_TO_GPS,SYNTHETIC_SUPPORT,"reverse_handover (Task 1, KB02/KB20)","STRONG (real per-version distributions + real template geometry, per spec Section 8)",VALID,FINAL_DATASET/_synthetic_reverse/KB02/SYNTH_KB02_BQ_3348_REV/events_SYNTH_KB02_BQ_3348_REV.csv
SYNTH_KB02_V4_6790_REV,KB02,V4,VPS_TO_GPS,SYNTHETIC_SUPPORT,"reverse_handover (Task 1, KB02/KB20)","STRONG (real per-version distributions + real template geometry, per spec Section 8)",VALID,FINAL_DATASET/_synthetic_reverse/KB02/SYNTH_KB02_V4_6790_REV/events_SYNTH_KB02_V4_6790_REV.csv
SYNTH_KB02_V2_3545_REV,KB02,V2,VPS_TO_GPS,SYNTHETIC_SUPPORT,"reverse_handover (Task 1, KB02/KB20)","STRONG (real per-version distributions + real template geometry, per spec Section 8)",VALID,FINAL_DATASET/_synthetic_reverse/KB02/SYNTH_KB02_V2_3545_REV/events_SYNTH_KB02_V2_3545_REV.csv
SYNTH_KB02_BT_4565_REV,KB02,BT,VPS_TO_GPS,SYNTHETIC_SUPPORT,"reverse_handover (Task 1, KB02/KB20)","STRONG (real per-version distributions + real template geometry, per spec Section 8)",VALID,FINAL_DATASET/_synthetic_reverse/KB02/SYNTH_KB02_BT_4565_REV/events_SYNTH_KB02_BT_4565_REV.csv
SYNTH_KB20_V4_7770_REV,KB20,V4,VPS_TO_GPS,SYNTHETIC_SUPPORT,"reverse_handover (Task 1, KB02/KB20)","STRONG (real per-version distributions + real template geometry, per spec Section 8)",VALID,FINAL_DATASET/_synthetic_reverse/KB20/SYNTH_KB20_V4_7770_REV/events_SYNTH_KB20_V4_7770_REV.csv
SYNTH_KB20_V1_8534_REV,KB20,V1,VPS_TO_GPS,SYNTHETIC_SUPPORT,"reverse_handover (Task 1, KB02/KB20)","STRONG (real per-version distributions + real template geometry, per spec Section 8)",VALID,FINAL_DATASET/_synthetic_reverse/KB20/SYNTH_KB20_V1_8534_REV/events_SYNTH_KB20_V1_8534_REV.csv
SYNTH_KB20_V2_7591_REV,KB20,V2,VPS_TO_GPS,SYNTHETIC_SUPPORT,"reverse_handover (Task 1, KB02/KB20)","STRONG (real per-version distributions + real template geometry, per spec Section 8)",VALID,FINAL_DATASET/_synthetic_reverse/KB20/SYNTH_KB20_V2_7591_REV/events_SYNTH_KB20_V2_7591_REV.csv
SYNTH_KB20_V5_4393_REV,KB20,V5,VPS_TO_GPS,SYNTHETIC_SUPPORT,"reverse_handover (Task 1, KB02/KB20)","STRONG (real per-version distributions + real template geometry, per spec Section 8)",VALID,FINAL_DATASET/_synthetic_reverse/KB20/SYNTH_KB20_V5_4393_REV/events_SYNTH_KB20_V5_4393_REV.csv
SYNTH_KB20_BT_1702_REV,KB20,BT,VPS_TO_GPS,SYNTHETIC_SUPPORT,"reverse_handover (Task 1, KB02/KB20)","STRONG (real per-version distributions + real template geometry, per spec Section 8)",VALID,FINAL_DATASET/_synthetic_reverse/KB20/SYNTH_KB20_BT_1702_REV/events_SYNTH_KB20_BT_1702_REV.csv
SYNTH_KB20_BQ_7947_REV,KB20,BQ,VPS_TO_GPS,SYNTHETIC_SUPPORT,"reverse_handover (Task 1, KB02/KB20)","STRONG (real per-version distributions + real template geometry, per spec Section 8)",VALID,FINAL_DATASET/_synthetic_reverse/KB20/SYNTH_KB20_BQ_7947_REV/events_SYNTH_KB20_BQ_7947_REV.csv
SYNTH_KB20_V3_9871_REV,KB20,V3,VPS_TO_GPS,SYNTHETIC_SUPPORT,"reverse_handover (Task 1, KB02/KB20)","STRONG (real per-version distributions + real template geometry, per spec Section 8)",VALID,FINAL_DATASET/_synthetic_reverse/KB20/SYNTH_KB20_V3_9871_REV/events_SYNTH_KB20_V3_9871_REV.csv
20260912_102314_139_V5_GPS_TO_VPS_NORMAL_DEV_D1F5,KB30,V5,GPS_TO_VPS,REAL,real_recorded,,VALID,FINAL_DATASET/KB30/20260912_102314_139_V5_GPS_TO_VPS_NORMAL_DEV_D1F5/events_20260912_102314_139_V5_GPS_TO_VPS_NORMAL_DEV_D1F5.csv
20260912_101227_816_V2_GPS_TO_VPS_NORMAL_DEV_E9C2,KB30,V2,GPS_TO_VPS,REAL,real_recorded,,VALID,FINAL_DATASET/KB30/20260912_101227_816_V2_GPS_TO_VPS_NORMAL_DEV_E9C2/events_20260912_101227_816_V2_GPS_TO_VPS_NORMAL_DEV_E9C2.csv
20260912_100806_809_V1_GPS_TO_VPS_NORMAL_DEV_ECFB,KB30,V1,GPS_TO_VPS,REAL,real_recorded,,VALID,FINAL_DATASET/KB30/20260912_100806_809_V1_GPS_TO_VPS_NORMAL_DEV_ECFB/events_20260912_100806_809_V1_GPS_TO_VPS_NORMAL_DEV_ECFB.csv
20260912_101928_244_V4_GPS_TO_VPS_NORMAL_DEV_FB48,KB30,V4,GPS_TO_VPS,REAL,real_recorded,,VALID,FINAL_DATASET/KB30/20260912_101928_244_V4_GPS_TO_VPS_NORMAL_DEV_FB48/events_20260912_101928_244_V4_GPS_TO_VPS_NORMAL_DEV_FB48.csv
20260912_101528_381_V3_GPS_TO_VPS_NORMAL_DEV_7F59,KB30,V3,GPS_TO_VPS,REAL,real_recorded,,VALID,FINAL_DATASET/KB30/20260912_101528_381_V3_GPS_TO_VPS_NORMAL_DEV_7F59/events_20260912_101528_381_V3_GPS_TO_VPS_NORMAL_DEV_7F59.csv
20260912_102732_818_BQ_GPS_TO_VPS_NORMAL_DEV_78D0,KB30,BQ,GPS_TO_VPS,REAL,real_recorded,,VALID,FINAL_DATASET/KB30/20260912_102732_818_BQ_GPS_TO_VPS_NORMAL_DEV_78D0/events_20260912_102732_818_BQ_GPS_TO_VPS_NORMAL_DEV_78D0.csv
20260912_103114_765_BT_GPS_TO_VPS_NORMAL_DEV_F9B7,KB30,BT,GPS_TO_VPS,REAL,real_recorded,,VALID,FINAL_DATASET/KB30/20260912_103114_765_BT_GPS_TO_VPS_NORMAL_DEV_F9B7/events_20260912_103114_765_BT_GPS_TO_VPS_NORMAL_DEV_F9B7.csv
20260912_100055_923_V3_GPS_TO_VPS_NORMAL_DEV_5573,KB05,V3,GPS_TO_VPS,REAL,real_recorded,,VALID,FINAL_DATASET/KB05/20260912_100055_923_V3_GPS_TO_VPS_NORMAL_DEV_5573/events_20260912_100055_923_V3_GPS_TO_VPS_NORMAL_DEV_5573.csv
20260912_095520_181_V5_GPS_TO_VPS_NORMAL_DEV_0C4B,KB05,V5,GPS_TO_VPS,REAL,real_recorded,,VALID,FINAL_DATASET/KB05/20260912_095520_181_V5_GPS_TO_VPS_NORMAL_DEV_0C4B/events_20260912_095520_181_V5_GPS_TO_VPS_NORMAL_DEV_0C4B.csv
20260912_094231_050_V3_GPS_TO_VPS_NORMAL_DEV_15A4,KB05,V3,GPS_TO_VPS,REAL,real_recorded,,VALID,FINAL_DATASET/KB05/20260912_094231_050_V3_GPS_TO_VPS_NORMAL_DEV_15A4/events_20260912_094231_050_V3_GPS_TO_VPS_NORMAL_DEV_15A4.csv
20260912_095057_405_BQ_GPS_TO_VPS_NORMAL_DEV_104B,KB05,BQ,GPS_TO_VPS,REAL,real_recorded,,VALID,FINAL_DATASET/KB05/20260912_095057_405_BQ_GPS_TO_VPS_NORMAL_DEV_104B/events_20260912_095057_405_BQ_GPS_TO_VPS_NORMAL_DEV_104B.csv
20260912_095000_805_V2_GPS_TO_VPS_NORMAL_DEV_8903,KB05,V2,GPS_TO_VPS,REAL,real_recorded,,VALID,FINAL_DATASET/KB05/20260912_095000_805_V2_GPS_TO_VPS_NORMAL_DEV_8903/events_20260912_095000_805_V2_GPS_TO_VPS_NORMAL_DEV_8903.csv
20260912_095408_236_BT_GPS_TO_VPS_NORMAL_DEV_FAAF,KB05,BT,GPS_TO_VPS,REAL,real_recorded,,VALID,FINAL_DATASET/KB05/20260912_095408_236_BT_GPS_TO_VPS_NORMAL_DEV_FAAF/events_20260912_095408_236_BT_GPS_TO_VPS_NORMAL_DEV_FAAF.csv
20260912_095714_923_V4_GPS_TO_VPS_NORMAL_DEV_F016,KB05,V4,GPS_TO_VPS,REAL,real_recorded,,VALID,FINAL_DATASET/KB05/20260912_095714_923_V4_GPS_TO_VPS_NORMAL_DEV_F016/events_20260912_095714_923_V4_GPS_TO_VPS_NORMAL_DEV_F016.csv
