utc_iso,session_id,harmony_version,harmony_profile,quality_gate,temporal_dwell,map_id_check,recovery_fsm,adaptive_guidance,elapsed_s,state,source,destination,latitude,longitude,gps_accuracy_m,gps_valid,pdr_steps,pdr_confidence,campus_x,campus_y,campus_z,map_x,map_y,map_z,outdoor_remaining_m,vps_attempt,vps_state,vps_scan_s,indoor_state,indoor_pose_source,indoor_confidence,indoor_steps,heading_deg,indoor_remaining_m,route_revision,wrong_way_count,recovery_count,active_source,gps_age_s,gps_reliability,gps_stable_s,vps_valid,vps_reliability,vps_stable_s,vps_confidence,vps_confidence_available,vps_map_id,vps_map_id_available,vps_map_matches,source_toggle_count,position_jump_m,heading_jump_deg,candidate_source,gps_threshold_passed,vps_threshold_passed,gps_dwell_gate_passed,vps_dwell_gate_passed,decision_reason,scenario_id,data_provenance,synthetic
2026-09-20T00:00:00.0000000Z,SYNTH_KB04_V2_7770_FWD,V2,Reliable Handover,1,1,1,1,0,0.0,OutdoorGps,Gps,B9-103,10.7730904,106.6605606,5.154,1,0,0.0,168.136,0.0,-43.696,-51.121,-0.928,24.739,,,,,,,,,0.0,,0,0,0,Gps,,0.7771,,0,,,0.0,0,,0,0,1,0.0,0.0,,1.0,,1.0,,,KB04,SYNTHETIC_SUPPORT,1
2026-09-20T00:00:01.0140000Z,SYNTH_KB04_V2_7770_FWD,V2,Reliable Handover,1,1,1,1,0,1.014,OutdoorGps,Gps,B9-103,10.7730904,106.6605606,5.177,1,0,0.0,168.136,0.0,-43.696,-51.121,-0.928,24.739,,,,,,,,,0.0,,0,0,0,Gps,,0.7883,,0,,,0.0,0,,0,0,1,0.0,0.0,,1.0,,1.0,,,KB04,SYNTHETIC_SUPPORT,1
2026-09-20T00:00:02.0280000Z,SYNTH_KB04_V2_7770_FWD,V2,Reliable Handover,1,1,1,1,0,2.028,OutdoorGps,Gps,B9-103,10.7731066,106.6605759,4.796,1,0,0.0,168.353,0.0,-43.462,-50.955,-0.931,24.466,,,,,,,,,313.469,,0,0,0,Gps,,0.7716,,0,,,0.0,0,,0,0,1,0.0,0.0,,1.0,,1.0,,,KB04,SYNTHETIC_SUPPORT,1
2026-09-20T00:00:03.0420000Z,SYNTH_KB04_V2_7770_FWD,V2,Reliable Handover,1,1,1,1,0,3.042,OutdoorGps,Gps,B9-103,10.7731209,106.6604614,5.24,1,0,0.0,166.265,0.0,-42.581,-49.543,-0.961,26.24,,,,,,,,,324.382,,0,0,0,Gps,,0.8207,,0,,,0.0,0,,0,0,1,0.0,0.0,,1.0,,1.0,,,KB04,SYNTHETIC_SUPPORT,1
2026-09-20T00:00:04.0560000Z,SYNTH_KB04_V2_7770_FWD,V2,Reliable Handover,1,1,1,1,0,4.056,OutdoorGps,Gps,B9-103,10.7731619,106.6604385,5.279,1,0,0.0,162.882,0.0,-40.837,-46.952,-1.016,29.027,,,,,,,,,356.83,,0,0,0,Gps,,0.8221,,0,,,0.0,0,,0,0,1,0.0,0.0,,1.0,,1.0,,,KB04,SYNTHETIC_SUPPORT,1
2026-09-20T00:00:05.0700000Z,SYNTH_KB04_V2_7770_FWD,V2,Reliable Handover,1,1,1,1,0,5.07,OutdoorGps,Gps,B9-103,10.7731514,106.6604538,5.455,1,0,0.0,160.543,0.0,-39.454,-44.989,-1.057,30.906,,,,,,,,,328.983,,0,0,0,Gps,,0.7684,,0,,,0.0,0,,0,0,1,0.0,0.0,,1.0,,1.0,,,KB04,SYNTHETIC_SUPPORT,1
2026-09-20T00:00:06.0840000Z,SYNTH_KB04_V2_7770_FWD,V2,Reliable Handover,1,1,1,1,0,6.084,OutdoorGps,Gps,B9-103,10.7731371,106.6604385,5.735,1,0,0.0,158.745,0.0,-38.897,-43.969,-1.079,32.487,,,,,,,,,331.92,,0,0,0,Gps,,0.8171,,0,,,0.0,0,,0,0,1,0.0,0.0,,1.0,,1.0,,,KB04,SYNTHETIC_SUPPORT,1
2026-09-20T00:00:07.0980000Z,SYNTH_KB04_V2_7770_FWD,V2,Reliable Handover,1,1,1,1,0,7.098,OutdoorGps,Gps,B9-103,10.7731342,106.6604462,4.593,1,0,0.0,157.558,0.0,-38.791,-43.546,-1.089,33.602,,,,,,,,,335.52,,0,0,0,Gps,,0.8193,,0,,,0.0,0,,0,0,1,0.0,0.0,,1.0,,1.0,,,KB04,SYNTHETIC_SUPPORT,1
2026-09-20T00:00:08.1120000Z,SYNTH_KB04_V2_7770_FWD,V2,Reliable Handover,1,1,1,1,0,8.112,OutdoorGps,Gps,B9-103,10.7731342,106.6604462,4.57,1,0,0.0,157.178,0.0,-38.78,-43.434,-1.091,33.965,,,,,,,,,335.52,,0,0,0,Gps,,0.8059,,0,,,0.0,0,,0,0,1,0.0,0.0,,1.0,,1.0,,,KB04,SYNTHETIC_SUPPORT,1
2026-09-20T00:00:09.1260000Z,SYNTH_KB04_V2_7770_FWD,V2,Reliable Handover,1,1,1,1,0,9.126,OutdoorGps,Gps,B9-103,10.7731342,106.6604462,4.711,1,0,0.0,157.109,0.0,-38.779,-43.414,-1.092,34.031,,,,,,,,,335.52,,0,0,0,Gps,,0.7931,,0,,,0.0,0,,0,0,1,0.0,0.0,,1.0,,1.0,,,KB04,SYNTHETIC_SUPPORT,1
2026-09-20T00:00:10.1400000Z,SYNTH_KB04_V2_7770_FWD,V2,Reliable Handover,1,1,1,1,0,10.14,OutdoorGps,Gps,B9-103,10.7731342,106.6604538,5.377,1,0,0.0,156.954,0.0,-38.794,-43.386,-1.092,34.184,,,,,,,,,306.485,,0,0,0,Gps,,0.7474,,0,,,0.0,0,,0,0,1,0.0,0.0,,1.0,,1.0,,,KB04,SYNTHETIC_SUPPORT,1
2026-09-20T00:00:11.1540000Z,SYNTH_KB04_V2_7770_FWD,V2,Reliable Handover,1,1,1,1,0,11.154,OutdoorGps,Gps,B9-103,10.7731342,106.6604538,5.113,1,0,0.0,156.78,0.0,-38.811,-43.356,-1.093,34.356,,,,,,,,,306.485,,0,0,0,Gps,,0.7944,,0,,,0.0,0,,0,0,1,0.0,0.0,,1.0,,1.0,,,KB04,SYNTHETIC_SUPPORT,1
2026-09-20T00:00:12.1680000Z,SYNTH_KB04_V2_7770_FWD,V2,Reliable Handover,1,1,1,1,0,12.168,OutdoorGps,Gps,B9-103,10.7731466,106.6604462,4.718,1,0,0.0,156.497,0.0,-38.527,-43.006,-1.1,34.552,,,,,,,,,300.321,,0,0,0,Gps,,0.7497,,0,,,0.0,0,,0,0,1,0.0,0.0,,1.0,,1.0,,,KB04,SYNTHETIC_SUPPORT,1
2026-09-20T00:00:13.1820000Z,SYNTH_KB04_V2_7770_FWD,V2,Reliable Handover,1,1,1,1,0,13.182,OutdoorGps,Gps,B9-103,10.7731609,106.6604614,4.922,1,0,0.0,156.572,0.0,-37.852,-42.376,-1.113,34.298,,,,,,,,,328.464,,0,0,0,Gps,,0.8185,,0,,,0.0,0,,0,0,1,0.0,0.0,,1.0,,1.0,,,KB04,SYNTHETIC_SUPPORT,1
2026-09-20T00:00:14.1960000Z,SYNTH_KB04_V2_7770_FWD,V2,Reliable Handover,1,1,1,1,0,14.196,OutdoorGps,Gps,B9-103,10.7731676,106.6604767,4.945,1,0,0.0,157.143,0.0,-37.051,-41.76,-1.124,33.532,,,,,,,,,346.332,,0,0,0,Gps,,0.7793,,0,,,0.0,0,,0,0,1,0.0,0.0,,1.0,,1.0,,,KB04,SYNTHETIC_SUPPORT,1
2026-09-20T00:00:15.2100000Z,SYNTH_KB04_V2_7770_FWD,V2,Reliable Handover,1,1,1,1,0,15.21,OutdoorGps,Gps,B9-103,10.7731705,106.6604843,5.472,1,0,0.0,157.909,0.0,-36.344,-41.285,-1.132,32.604,,,,,,,,,3.087,,0,0,0,Gps,,0.7961,,0,,,0.0,0,,0,0,1,0.0,0.0,,1.0,,1.0,,,KB04,SYNTHETIC_SUPPORT,1
2026-09-20T00:00:16.2240000Z,SYNTH_KB04_V2_7770_FWD,V2,Reliable Handover,1,1,1,1,0,16.224,OutdoorGps,Gps,B9-103,10.7731667,106.6604996,5.32,1,0,0.0,158.898,0.0,-35.918,-41.142,-1.134,31.536,,,,,,,,,319.704,,0,0,0,Gps,,0.7979,,0,,,0.0,0,,0,0,1,0.0,0.0,,1.0,,1.0,,,KB04,SYNTHETIC_SUPPORT,1
2026-09-20T00:00:17.2380000Z,SYNTH_KB04_V2_7770_FWD,V2,Reliable Handover,1,1,1,1,0,17.238,OutdoorGps,Gps,B9-103,10.7731667,106.6604996,5.119,1,0,0.0,159.305,0.0,-35.785,-41.124,-1.134,31.109,,,,,,,,,319.704,,0,0,0,Gps,,0.7761,,0,,,0.0,0,,0,0,1,0.0,0.0,,1.0,,1.0,,,KB04,SYNTHETIC_SUPPORT,1
2026-09-20T00:00:18.2520000Z,SYNTH_KB04_V2_7770_FWD,V2,Reliable Handover,1,1,1,1,0,18.252,OutdoorGps,Gps,B9-103,10.7731667,106.6604996,4.995,1,0,0.0,159.382,0.0,-35.762,-41.122,-1.134,31.029,,,,,,,,,319.704,,0,0,0,Gps,,0.8241,,0,,,0.0,0,,0,0,1,0.0,0.0,,1.0,,1.0,,,KB04,SYNTHETIC_SUPPORT,1
2026-09-20T00:00:19.2660000Z,SYNTH_KB04_V2_7770_FWD,V2,Reliable Handover,1,1,1,1,0,19.266,OutdoorGps,Gps,B9-103,10.7731667,106.6604996,4.565,1,0,0.0,159.393,0.0,-35.758,-41.122,-1.134,31.016,,,,,,,,,319.704,,0,0,0,Gps,,0.831,,0,,,0.0,0,,0,0,1,0.0,0.0,,1.0,,1.0,,,KB04,SYNTHETIC_SUPPORT,1
2026-09-20T00:00:20.2800000Z,SYNTH_KB04_V2_7770_FWD,V2,Reliable Handover,1,1,1,1,0,20.28,OutdoorGps,Gps,B9-103,10.7731724,106.6604843,5.392,1,0,0.0,159.48,0.0,-35.514,-40.91,-1.138,30.867,,,,,,,,,265.066,,0,0,0,Gps,,0.83,,0,,,0.0,0,,0,0,1,0.0,0.0,,1.0,,1.0,,,KB04,SYNTHETIC_SUPPORT,1
2026-09-20T00:00:21.2940000Z,SYNTH_KB04_V2_7770_FWD,V2,Reliable Handover,1,1,1,1,0,21.294,OutdoorGps,Gps,B9-103,10.7731895,106.6604843,5.031,1,0,0.0,159.579,0.0,-34.823,-40.271,-1.15,30.585,,,,,,,,,11.633,,0,0,0,Gps,,0.8157,,0,,,0.0,0,,0,0,1,0.0,0.0,,1.0,,1.0,,,KB04,SYNTHETIC_SUPPORT,1
2026-09-20T00:00:22.3080000Z,SYNTH_KB04_V2_7770_FWD,V2,Reliable Handover,1,1,1,1,0,22.308,OutdoorGps,Gps,B9-103,10.773201,106.6604691,5.149,1,0,0.0,159.293,0.0,-33.868,-39.275,-1.17,30.603,,,,,,,,,358.3,,0,0,0,Gps,,0.7961,,0,,,0.0,0,,0,0,1,0.0,0.0,,1.0,,1.0,,,KB04,SYNTHETIC_SUPPORT,1
2026-09-20T00:00:23.3220000Z,SYNTH_KB04_V2_7770_FWD,V2,Reliable Handover,1,1,1,1,0,23.322,OutdoorGps,Gps,B9-103,10.7732086,106.6604462,5.028,1,0,0.0,158.387,0.0,-32.884,-38.083,-1.194,31.21,,,,,,,,,334.396,,0,0,0,Gps,,0.8044,,0,,,0.0,0,,0,0,1,0.0,0.0,,1.0,,1.0,,,KB04,SYNTHETIC_SUPPORT,1
2026-09-20T00:00:24.3360000Z,SYNTH_KB04_V2_7770_FWD,V2,Reliable Handover,1,1,1,1,0,24.336,OutdoorGps,Gps,B9-103,10.7732096,106.6604233,4.817,1,0,0.0,156.95,0.0,-32.094,-36.935,-1.219,32.381,,,,,,,,,30.486,,0,0,0,Gps,,0.7993,,0,,,0.0,0,,0,0,1,0.0,0.0,,1.0,,1.0,,,KB04,SYNTHETIC_SUPPORT,1
2026-09-20T00:00:25.3500000Z,SYNTH_KB04_V2_7770_FWD,V2,Reliable Handover,1,1,1,1,0,25.35,OutdoorGps,Gps,B9-103,10.7732105,106.660408,4.931,1,0,0.0,155.291,0.0,-31.515,-35.93,-1.24,33.822,,,,,,,,,323.367,,0,0,0,Gps,,0.7855,,0,,,0.0,0,,0,0,1,0.0,0.0,,1.0,,1.0,,,KB04,SYNTHETIC_SUPPORT,1
2026-09-20T00:00:26.3640000Z,SYNTH_KB04_V2_7770_FWD,V2,Reliable Handover,1,1,1,1,0,26.364,OutdoorGps,Gps,B9-103,10.7732201,106.6603851,5.207,1,0,0.0,153.437,0.0,-30.894,-34.833,-1.264,35.44,,,,,,,,,328.103,,0,0,0,Gps,,0.7982,,0,,,0.0,0,,0,0,1,0.0,0.0,,1.0,,1.0,,,KB04,SYNTHETIC_SUPPORT,1
2026-09-20T00:00:27.3780000Z,SYNTH_KB04_V2_7770_FWD,V2,Reliable Handover,1,1,1,1,0,27.378,OutdoorGps,Gps,B9-103,10.7732334,106.6603775,5.091,1,0,0.0,151.746,0.0,-30.051,-33.565,-1.29,36.842,,,,,,,,,325.136,,0,0,0,Gps,,0.8319,,0,,,0.0,0,,0,0,1,0.0,0.0,,1.0,,1.0,,,KB04,SYNTHETIC_SUPPORT,1
2026-09-20T00:00:28.3920000Z,SYNTH_KB04_V2_7770_FWD,V2,Reliable Handover,1,1,1,1,0,28.392,OutdoorGps,Gps,B9-103,10.7732487,106.6603699,5.022,1,0,0.0,150.317,0.0,-28.953,-32.122,-1.32,37.921,,,,,,,,,316.034,,0,0,0,Gps,,0.7986,,0,,,0.0,0,,0,0,1,0.0,0.0,,1.0,,1.0,,,KB04,SYNTHETIC_SUPPORT,1
2026-09-20T00:00:29.4060000Z,SYNTH_KB04_V2_7770_FWD,V2,Reliable Handover,1,1,1,1,0,29.406,OutdoorGps,Gps,B9-103,10.7732601,106.6603699,5.2,1,0,0.0,149.294,0.0,-27.774,-30.711,-1.349,38.589,,,,,,,,,351.959,,0,0,0,Gps,,0.8058,,0,,,0.0,0,,0,0,1,0.0,0.0,,1.0,,1.0,,,KB04,SYNTHETIC_SUPPORT,1
2026-09-20T00:00:30.4200000Z,SYNTH_KB04_V2_7770_FWD,V2,Reliable Handover,1,1,1,1,0,30.42,OutdoorGps,Gps,B9-103,10.7732811,106.6603622,4.69,1,0,0.0,148.399,0.0,-26.287,-29.039,-1.383,39.049,,,,,,,,,20.436,,0,0,0,Gps,,0.8023,,0,,,0.0,0,,0,0,1,0.0,0.0,,1.0,,1.0,,,KB04,SYNTHETIC_SUPPORT,1
2026-09-20T00:00:31.4340000Z,SYNTH_KB04_V2_7770_FWD,V2,Reliable Handover,1,1,1,1,0,31.434,OutdoorGps,Gps,B9-103,10.7733068,106.6603622,4.579,1,0,0.0,147.732,0.0,-24.423,-27.064,-1.422,39.189,,,,,,,,,16.224,,0,0,0,Gps,,0.742,,0,,,0.0,0,,0,0,1,0.0,0.0,,1.0,,1.0,,,KB04,SYNTHETIC_SUPPORT,1
2026-09-20T00:00:32.4480000Z,SYNTH_KB04_V2_7770_FWD,V2,Reliable Handover,1,1,1,1,0,32.448,OutdoorGps,Gps,B9-103,10.7733221,106.6603622,5.104,1,0,0.0,147.283,0.0,-22.489,-25.082,-1.461,39.1,,,,,,,,,13.539,,0,0,0,Gps,,0.8313,,0,,,0.0,0,,0,0,1,0.0,0.0,,1.0,,1.0,,,KB04,SYNTHETIC_SUPPORT,1
2026-09-20T00:00:33.4620000Z,SYNTH_KB04_V2_7770_FWD,V2,Reliable Handover,1,1,1,1,0,33.462,OutdoorGps,Gps,B9-103,10.7733364,106.6603775,5.213,1,0,0.0,147.358,0.0,-20.641,-23.323,-1.496,38.529,,,,,,,,,342.517,,0,0,0,Gps,,0.7773,,0,,,0.0,0,,0,0,1,0.0,0.0,,1.0,,1.0,,,KB04,SYNTHETIC_SUPPORT,1
2026-09-20T00:00:34.4760000Z,SYNTH_KB04_V2_7770_FWD,V2,Reliable Handover,1,1,1,1,0,34.476,OutdoorGps,Gps,B9-103,10.7733526,106.6604004,5.373,1,0,0.0,148.115,0.0,-18.867,-21.818,-1.524,37.321,,,,,,,,,6.577,,0,0,0,Gps,,0.8331,,0,,,0.0,0,,0,0,1,0.0,0.0,,1.0,,1.0,,,KB04,SYNTHETIC_SUPPORT,1
2026-09-20T00:00:35.4900000Z,SYNTH_KB04_V2_7770_FWD,V2,Reliable Handover,1,1,1,1,0,35.49,OutdoorGps,Gps,B9-103,10.773366,106.6604156,5.381,1,0,0.0,149.302,0.0,-17.112,-20.449,-1.55,35.705,,,,,,,,,79.598,,0,0,0,Gps,,0.8456,,0,,,0.0,0,,0,0,1,0.0,0.0,,1.0,,1.0,,,KB04,SYNTHETIC_SUPPORT,1
2026-09-20T00:00:36.5040000Z,SYNTH_KB04_V2_7770_FWD,V2,Reliable Handover,1,1,1,1,0,36.504,OutdoorGps,Gps,B9-103,10.7733755,106.6604309,5.013,1,0,0.0,150.669,0.0,-15.55,-19.313,-1.57,33.968,,,,,,,,,19.016,,0,0,0,Gps,,0.7923,,0,,,0.0,0,,0,0,1,0.0,0.0,,1.0,,1.0,,,KB04,SYNTHETIC_SUPPORT,1
2026-09-20T00:00:37.5180000Z,SYNTH_KB04_V2_7770_FWD,V2,Reliable Handover,1,1,1,1,0,37.518,OutdoorGps,Gps,B9-103,10.7733831,106.6604385,5.247,1,0,0.0,151.932,0.0,-14.229,-18.383,-1.587,32.395,,,,,,,,,2.096,,0,0,0,Gps,,0.813,,0,,,0.0,0,,0,0,1,0.0,0.0,,1.0,,1.0,,,KB04,SYNTHETIC_SUPPORT,1
2026-09-20T00:00:38.5320000Z,SYNTH_KB04_V2_7770_FWD,V2,Reliable Handover,1,1,1,1,0,38.532,OutdoorGps,Gps,B9-103,10.7733831,106.6604385,5.149,1,0,0.0,152.411,0.0,-13.736,-18.037,-1.593,31.801,,,,,,,,,2.096,,0,0,0,Gps,,0.7749,,0,,,0.0,0,,0,0,1,0.0,0.0,,1.0,,1.0,,,KB04,SYNTHETIC_SUPPORT,1
2026-09-20T00:00:39.5460000Z,SYNTH_KB04_V2_7770_FWD,V2,Reliable Handover,1,1,1,1,0,39.546,OutdoorGps,Gps,B9-103,10.7733908,106.6604462,4.881,1,0,0.0,153.167,0.0,-12.965,-17.498,-1.603,30.865,,,,,,,,,27.591,,0,0,0,Gps,,0.8157,,0,,,0.0,0,,0,0,1,0.0,0.0,,1.0,,1.0,,,KB04,SYNTHETIC_SUPPORT,1
2026-09-20T00:00:40.5600000Z,SYNTH_KB04_V2_7770_FWD,V2,Reliable Handover,1,1,1,1,0,40.56,OutdoorGps,Gps,B9-103,10.7733908,106.6604462,5.261,1,0,0.0,153.522,0.0,-12.603,-17.246,-1.607,30.426,,,,,,,,,27.591,,0,0,0,Gps,,0.8242,,0,,,0.0,0,,0,0,1,0.0,0.0,,1.0,,1.0,,,KB04,SYNTHETIC_SUPPORT,1
2026-09-20T00:00:41.5740000Z,SYNTH_KB04_V2_7770_FWD,V2,Reliable Handover,1,1,1,1,0,41.574,OutdoorGps,Gps,B9-103,10.7733908,106.6604462,5.074,1,0,0.0,153.59,0.0,-12.534,-17.197,-1.608,30.341,,,,,,,,,27.591,,0,0,0,Gps,,0.8144,,0,,,0.0,0,,0,0,1,0.0,0.0,,1.0,,1.0,,,KB04,SYNTHETIC_SUPPORT,1
2026-09-20T00:00:42.5880000Z,SYNTH_KB04_V2_7770_FWD,V2,Reliable Handover,1,1,1,1,0,42.588,OutdoorGps,Gps,B9-103,10.7733965,106.6604538,5.22,1,0,0.0,154.25,0.0,-11.911,-16.776,-1.616,29.538,,,,,,,,,26.913,,0,0,0,Gps,,0.8221,,0,,,0.0,0,,0,0,1,0.0,0.0,,1.0,,1.0,,,KB04,SYNTHETIC_SUPPORT,1
2026-09-20T00:00:43.6020000Z,SYNTH_KB04_V2_7770_FWD,V2,Reliable Handover,1,1,1,1,0,43.602,OutdoorGps,Gps,B9-103,10.7733965,106.6604538,4.756,1,0,0.0,154.538,0.0,-11.639,-16.592,-1.619,29.187,,,,,,,,,26.913,,0,0,0,Gps,,0.7874,,0,,,0.0,0,,0,0,1,0.0,0.0,,1.0,,1.0,,,KB04,SYNTHETIC_SUPPORT,1
2026-09-20T00:00:44.6160000Z,SYNTH_KB04_V2_7770_FWD,V2,Reliable Handover,1,1,1,1,0,44.616,OutdoorGps,Gps,B9-103,10.7733965,106.6604538,5.162,1,0,0.0,154.591,0.0,-11.59,-16.558,-1.62,29.123,,,,,,,,,26.913,,0,0,0,Gps,,0.829,,0,,,0.0,0,,0,0,1,0.0,0.0,,1.0,,1.0,,,KB04,SYNTHETIC_SUPPORT,1
2026-09-20T00:00:45.6300000Z,SYNTH_KB04_V2_7770_FWD,V2,Reliable Handover,1,1,1,1,0,45.63,OutdoorGps,Gps,B9-103,10.7734003,106.6604614,5.215,1,0,0.0,155.032,0.0,-11.232,-16.333,-1.624,28.601,,,,,,,,,238.44,,0,0,0,Gps,,0.843,,0,,,0.0,0,,0,0,1,0.0,0.0,,1.0,,1.0,,,KB04,SYNTHETIC_SUPPORT,1
2026-09-20T00:00:46.6440000Z,SYNTH_KB04_V2_7770_FWD,V2,Reliable Handover,1,1,1,1,0,46.644,OutdoorGps,Gps,B9-103,10.7733917,106.6604691,4.876,1,0,0.0,155.441,0.0,-10.904,-16.128,-1.627,28.12,,,,,,,,,290.537,,0,0,0,Gps,,0.8102,,0,,,0.0,0,,0,0,1,0.0,0.0,,1.0,,1.0,,,KB04,SYNTHETIC_SUPPORT,1
2026-09-20T00:00:47.6580000Z,SYNTH_KB04_V2_7770_FWD,V2,Reliable Handover,1,1,1,1,0,47.658,OutdoorGps,Gps,B9-103,10.7733917,106.6604691,5.295,1,0,0.0,156.129,0.0,-10.727,-16.143,-1.626,27.41,,,,,,,,,290.537,,0,0,0,Gps,,0.8117,,0,,,0.0,0,,0,0,1,0.0,0.0,,1.0,,1.0,,,KB04,SYNTHETIC_SUPPORT,1
2026-09-20T00:00:48.6720000Z,SYNTH_KB04_V2_7770_FWD,V2,Reliable Handover,1,1,1,1,0,48.672,OutdoorGps,Gps,B9-103,10.7733917,106.6604691,4.696,1,0,0.0,156.388,0.0,-10.672,-16.16,-1.625,27.145,,,,,,,,,290.537,,0,0,0,Gps,,0.8404,,0,,,0.0,0,,0,0,1,0.0,0.0,,1.0,,1.0,,,KB04,SYNTHETIC_SUPPORT,1
2026-09-20T00:00:49.6860000Z,SYNTH_KB04_V2_7770_FWD,V2,Reliable Handover,1,1,1,1,0,49.686,OutdoorGps,Gps,B9-103,10.7733955,106.6604843,5.078,1,0,0.0,156.447,0.0,-10.66,-16.164,-1.625,27.085,,,,,,,,,74.846,,0,0,0,Gps,,0.8004,,0,,,0.0,0,,0,0,1,0.0,0.0,,1.0,,1.0,,,KB04,SYNTHETIC_SUPPORT,1
2026-09-20T00:00:50.7000000Z,SYNTH_KB04_V2_7770_FWD,V2,Reliable Handover,1,1,1,1,0,50.7,OutdoorGps,Gps,B9-103,10.7733955,106.6604843,4.74,1,0,0.0,157.246,0.0,-10.488,-16.213,-1.623,26.269,,,,,,,,,74.846,,0,0,0,Gps,,0.7781,,0,,,0.0,0,,0,0,1,0.0,0.0,,1.0,,1.0,,,KB04,SYNTHETIC_SUPPORT,1
2026-09-20T00:00:51.7140000Z,SYNTH_KB04_V2_7770_FWD,V2,Reliable Handover,1,1,1,1,0,51.714,OutdoorGps,Gps,B9-103,10.7733955,106.6604843,5.216,1,0,0.0,157.55,0.0,-10.423,-16.232,-1.623,25.959,,,,,,,,,74.846,,0,0,0,Gps,,0.7995,,0,,,0.0,0,,0,0,1,0.0,0.0,,1.0,,1.0,,,KB04,SYNTHETIC_SUPPORT,1
2026-09-20T00:00:52.7280000Z,SYNTH_KB04_V2_7770_FWD,V2,Reliable Handover,1,1,1,1,0,52.728,OutdoorGps,Gps,B9-103,10.7733955,106.6604843,5.23,1,0,0.0,157.606,0.0,-10.41,-16.236,-1.622,25.902,,,,,,,,,74.846,,0,0,0,Gps,,0.7533,,0,,,0.0,0,,0,0,1,0.0,0.0,,1.0,,1.0,,,KB04,SYNTHETIC_SUPPORT,1
2026-09-20T00:00:53.7420000Z,SYNTH_KB04_V2_7770_FWD,V2,Reliable Handover,1,1,1,1,0,53.742,OutdoorGps,Gps,B9-103,10.7733955,106.6604843,5.046,1,0,0.0,157.615,0.0,-10.409,-16.236,-1.622,25.893,,,,,,,,,74.846,,0,0,0,Gps,,0.8066,,0,,,0.0,0,,0,0,1,0.0,0.0,,1.0,,1.0,,,KB04,SYNTHETIC_SUPPORT,1
2026-09-20T00:00:54.7560000Z,SYNTH_KB04_V2_7770_FWD,V2,Reliable Handover,1,1,1,1,0,54.756,OutdoorGps,Gps,B9-103,10.7733955,106.6604843,4.997,1,0,0.0,157.616,0.0,-10.408,-16.236,-1.622,25.892,,,,,,,,,74.846,,0,0,0,Gps,,0.7395,,0,,,0.0,0,,0,0,1,0.0,0.0,,1.0,,1.0,,,KB04,SYNTHETIC_SUPPORT,1
2026-09-20T00:00:55.7700000Z,SYNTH_KB04_V2_7770_FWD,V2,Reliable Handover,1,1,1,1,0,55.77,OutdoorGps,Gps,B9-103,10.7733965,106.6604843,5.024,1,0,0.0,157.624,0.0,-10.406,-16.237,-1.622,25.884,,,,,,,,,189.885,,0,0,0,Gps,,0.7665,,0,,,0.0,0,,0,0,1,0.0,0.0,,1.0,,1.0,,,KB04,SYNTHETIC_SUPPORT,1
2026-09-20T00:00:56.7840000Z,SYNTH_KB04_V2_7770_FWD,V2,Reliable Handover,1,1,1,1,0,56.784,OutdoorGps,Gps,B9-103,10.7733965,106.6604843,5.009,1,0,0.0,158.138,0.0,-10.271,-16.245,-1.622,25.352,,,,,,,,,189.885,,0,0,0,Gps,,0.8315,,0,,,0.0,0,,0,0,1,0.0,0.0,,1.0,,1.0,,,KB04,SYNTHETIC_SUPPORT,1
2026-09-20T00:00:57.7980000Z,SYNTH_KB04_V2_7770_FWD,V2,Reliable Handover,1,1,1,1,0,57.798,OutdoorGps,Gps,B9-103,10.7733965,106.6604843,5.16,1,0,0.0,158.334,0.0,-10.219,-16.248,-1.621,25.148,,,,,,,,,189.885,,0,0,0,Gps,,0.7796,,0,,,0.0,0,,0,0,1,0.0,0.0,,1.0,,1.0,,,KB04,SYNTHETIC_SUPPORT,1
2026-09-20T00:00:58.8120000Z,SYNTH_KB04_V2_7770_FWD,V2,Reliable Handover,1,1,1,1,0,58.812,OutdoorGps,Gps,B9-103,10.7733965,106.6604843,5.483,1,0,0.0,158.371,0.0,-10.209,-16.248,-1.621,25.111,,,,,,,,,189.885,,0,0,0,Gps,,0.7754,,0,,,0.0,0,,0,0,1,0.0,0.0,,1.0,,1.0,,,KB04,SYNTHETIC_SUPPORT,1
2026-09-20T00:00:59.8260000Z,SYNTH_KB04_V2_7770_FWD,V2,Reliable Handover,1,1,1,1,0,59.826,OutdoorGps,Gps,B9-103,10.7733965,106.6604843,5.355,1,0,0.0,158.376,0.0,-10.208,-16.248,-1.621,25.105,,,,,,,,,189.885,,0,0,0,Gps,,0.8353,,0,,,0.0,0,,0,0,1,0.0,0.0,,1.0,,1.0,,,KB04,SYNTHETIC_SUPPORT,1
2026-09-20T00:01:00.8400000Z,SYNTH_KB04_V2_7770_FWD,V2,Reliable Handover,1,1,1,1,0,60.84,OutdoorGps,Gps,B9-103,10.7733965,106.6604843,5.244,1,0,0.0,158.377,0.0,-10.207,-16.248,-1.621,25.104,,,,,,,,,189.885,,0,0,0,Gps,,0.7753,,0,,,0.0,0,,0,0,1,0.0,0.0,,1.0,,1.0,,,KB04,SYNTHETIC_SUPPORT,1
2026-09-20T00:01:01.8540000Z,SYNTH_KB04_V2_7770_FWD,V2,Reliable Handover,1,1,1,1,0,61.854,OutdoorGps,Gps,B9-103,10.7733965,106.6604843,5.209,1,0,0.0,158.377,0.0,-10.207,-16.248,-1.621,25.104,,,,,,,,,189.885,,0,0,0,Gps,,0.8409,,0,,,0.0,0,,0,0,1,0.0,0.0,,1.0,,1.0,,,KB04,SYNTHETIC_SUPPORT,1
2026-09-20T00:01:02.8680000Z,SYNTH_KB04_V2_7770_FWD,V2,Reliable Handover,1,1,1,1,0,62.868,OutdoorGps,Gps,B9-103,10.7733965,106.6604843,4.932,1,0,0.0,158.377,0.0,-10.207,-16.248,-1.621,25.104,,,,,,,,,189.885,,0,0,0,Gps,,0.8319,,0,,,0.0,0,,0,0,1,0.0,0.0,,1.0,,1.0,,,KB04,SYNTHETIC_SUPPORT,1
2026-09-20T00:01:03.8820000Z,SYNTH_KB04_V2_7770_FWD,V2,Reliable Handover,1,1,1,1,0,63.882,OutdoorGps,Gps,B9-103,10.7733965,106.6604843,5.078,1,0,0.0,158.377,0.0,-10.207,-16.248,-1.621,25.104,,,,,,,,,189.885,,0,0,0,Gps,,0.7854,,0,,,0.0,0,,0,0,1,0.0,0.0,,1.0,,1.0,,,KB04,SYNTHETIC_SUPPORT,1
2026-09-20T00:01:04.8960000Z,SYNTH_KB04_V2_7770_FWD,V2,Reliable Handover,1,1,1,1,0,64.896,OutdoorGps,Gps,B9-103,10.7733965,106.6604843,5.193,1,0,0.0,158.377,0.0,-10.207,-16.248,-1.621,25.104,,,,,,,,,189.885,,0,0,0,Gps,,0.8696,,0,,,0.0,0,,0,0,1,0.0,0.0,,1.0,,1.0,,,KB04,SYNTHETIC_SUPPORT,1
2026-09-20T00:01:05.9100000Z,SYNTH_KB04_V2_7770_FWD,V2,Reliable Handover,1,1,1,1,0,65.91,OutdoorGps,Gps,B9-103,10.7734003,106.6604843,5.063,1,0,0.0,158.617,0.0,-10.072,-16.183,-1.622,24.837,,,,,,,,,11.41,,0,0,0,Gps,,0.8691,,0,,,0.0,0,,0,0,1,0.0,0.0,,1.0,,1.0,,,KB04,SYNTHETIC_SUPPORT,1
2026-09-20T00:01:06.9240000Z,SYNTH_KB04_V2_7770_FWD,V2,Reliable Handover,1,1,1,1,0,66.924,OutdoorGps,Gps,B9-103,10.7734003,106.6604843,5.425,1,0,0.0,158.821,0.0,-9.958,-16.128,-1.623,24.609,,,,,,,,,11.41,,0,0,0,Gps,,0.7554,,0,,,0.0,0,,0,0,1,0.0,0.0,,1.0,,1.0,,,KB04,SYNTHETIC_SUPPORT,1
2026-09-20T00:01:07.9380000Z,SYNTH_KB04_V2_7770_FWD,V2,Reliable Handover,1,1,1,1,0,67.938,OutdoorGps,Gps,B9-103,10.7734003,106.6604843,5.304,1,0,0.0,158.864,0.0,-9.933,-16.116,-1.623,24.561,,,,,,,,,11.41,,0,0,0,Gps,,0.787,,0,,,0.0,0,,0,0,1,0.0,0.0,,1.0,,1.0,,,KB04,SYNTHETIC_SUPPORT,1
2026-09-20T00:01:08.9520000Z,SYNTH_KB04_V2_7770_FWD,V2,Reliable Handover,1,1,1,1,0,68.952,OutdoorGps,Gps,B9-103,10.7734003,106.6604843,5.063,1,0,0.0,158.871,0.0,-9.93,-16.114,-1.623,24.554,,,,,,,,,11.41,,0,0,0,Gps,,0.8628,,0,,,0.0,0,,0,0,1,0.0,0.0,,1.0,,1.0,,,KB04,SYNTHETIC_SUPPORT,1
2026-09-20T00:01:09.9660000Z,SYNTH_KB04_V2_7770_FWD,V2,Reliable Handover,1,1,1,1,0,69.966,OutdoorGps,Gps,B9-103,10.7734003,106.6604843,5.308,1,0,0.0,158.872,0.0,-9.929,-16.114,-1.623,24.553,,,,,,,,,11.41,,0,0,0,Gps,,0.7688,,0,,,0.0,0,,0,0,1,0.0,0.0,,1.0,,1.0,,,KB04,SYNTHETIC_SUPPORT,1
2026-09-20T00:01:10.9800000Z,SYNTH_KB04_V2_7770_FWD,V2,Reliable Handover,1,1,1,1,0,70.98,OutdoorGps,Gps,B9-103,10.7734003,106.6604843,5.495,1,0,0.0,158.872,0.0,-9.929,-16.114,-1.623,24.553,,,,,,,,,11.41,,0,0,0,Gps,,0.8555,,0,,,0.0,0,,0,0,1,0.0,0.0,,1.0,,1.0,,,KB04,SYNTHETIC_SUPPORT,1
2026-09-20T00:01:11.9940000Z,SYNTH_KB04_V2_7770_FWD,V2,Reliable Handover,1,1,1,1,0,71.994,OutdoorGps,Gps,B9-103,10.7734003,106.6604843,5.081,1,0,0.0,158.872,0.0,-9.929,-16.114,-1.623,24.553,,,,,,,,,11.41,,0,0,0,Gps,,0.8321,,0,,,0.0,0,,0,0,1,0.0,0.0,,1.0,,1.0,,,KB04,SYNTHETIC_SUPPORT,1
2026-09-20T00:01:13.0080000Z,SYNTH_KB04_V2_7770_FWD,V2,Reliable Handover,1,1,1,1,0,73.008,OutdoorGps,Gps,B9-103,10.7734003,106.6604843,5.195,1,0,0.0,158.872,0.0,-9.929,-16.114,-1.623,24.553,,,,,,,,,11.41,,0,0,0,Gps,,0.7555,,0,,,0.0,0,,0,0,1,0.0,0.0,,1.0,,1.0,,,KB04,SYNTHETIC_SUPPORT,1
2026-09-20T00:01:14.0220000Z,SYNTH_KB04_V2_7770_FWD,V2,Reliable Handover,1,1,1,1,0,74.022,OutdoorGps,Gps,B9-103,10.7733994,106.6604691,5.318,1,0,0.0,158.867,0.0,-9.926,-16.109,-1.623,24.557,,,,,,,,,284.635,,0,0,0,Gps,,0.8319,,0,,,0.0,0,,0,0,1,0.0,0.0,,1.0,,1.0,,,KB04,SYNTHETIC_SUPPORT,1
2026-09-20T00:01:15.0360000Z,SYNTH_KB04_V2_7770_FWD,V2,Reliable Handover,1,1,1,1,0,75.036,OutdoorGps,Gps,B9-103,10.7733994,106.6604691,4.701,1,0,0.0,158.688,0.0,-9.828,-15.967,-1.626,24.702,,,,,,,,,284.635,,0,0,0,Gps,,0.7751,,0,,,0.0,0,,0,0,1,0.0,0.0,,1.0,,1.0,,,KB04,SYNTHETIC_SUPPORT,1
2026-09-20T00:01:16.0500000Z,SYNTH_KB04_V2_7770_FWD,V2,Reliable Handover,1,1,1,1,0,76.05,OutdoorGps,Gps,B9-103,10.7733974,106.6604538,5.127,1,0,0.0,158.338,0.0,-9.719,-15.767,-1.631,25.01,,,,,,,,,321.707,,0,0,0,Gps,,0.8069,,0,,,0.0,0,,0,0,1,0.0,0.0,,1.0,,1.0,,,KB04,SYNTHETIC_SUPPORT,1
2026-09-20T00:01:17.0640000Z,SYNTH_KB04_V2_7770_FWD,V2,Reliable Handover,1,1,1,1,0,77.064,OutdoorGps,Gps,B9-103,10.7733974,106.6604538,5.154,1,0,0.0,157.762,0.0,-9.685,-15.579,-1.635,25.556,,,,,,,,,321.707,,0,0,0,Gps,,0.7851,,0,,,0.0,0,,0,0,1,0.0,0.0,,1.0,,1.0,,,KB04,SYNTHETIC_SUPPORT,1
2026-09-20T00:01:18.0780000Z,SYNTH_KB04_V2_7770_FWD,V2,Reliable Handover,1,1,1,1,0,78.078,OutdoorGps,Gps,B9-103,10.7733974,106.6604538,5.281,1,0,0.0,157.59,0.0,-9.681,-15.529,-1.636,25.72,,,,,,,,,321.707,,0,0,0,Gps,,0.8291,,0,,,0.0,0,,0,0,1,0.0,0.0,,1.0,,1.0,,,KB04,SYNTHETIC_SUPPORT,1
2026-09-20T00:01:19.0920000Z,SYNTH_KB04_V2_7770_FWD,V2,Reliable Handover,1,1,1,1,0,79.092,OutdoorGps,Gps,B9-103,10.7734041,106.6604462,4.938,1,0,0.0,157.535,0.0,-9.672,-15.506,-1.637,25.77,,,,,,,,,327.115,,0,0,0,Gps,,0.7528,,0,,,0.0,0,,0,0,1,0.0,0.0,,1.0,,1.0,,,KB04,SYNTHETIC_SUPPORT,1
2026-09-20T00:01:20.1060000Z,SYNTH_KB04_V2_7770_FWD,V2,Reliable Handover,1,1,1,1,0,80.106,OutdoorGps,Gps,B9-103,10.7734041,106.6604462,5.385,1,0,0.0,157.07,0.0,-9.507,-15.222,-1.643,26.175,,,,,,,,,327.115,,0,0,0,Gps,,0.8299,,0,,,0.0,0,,0,0,1,0.0,0.0,,1.0,,1.0,,,KB04,SYNTHETIC_SUPPORT,1
2026-09-20T00:01:21.1200000Z,SYNTH_KB04_V2_7770_FWD,V2,Reliable Handover,1,1,1,1,0,81.12,OutdoorGps,Gps,B9-103,10.7734041,106.6604462,5.148,1,0,0.0,156.911,0.0,-9.451,-15.125,-1.645,26.312,,,,,,,,,327.115,,0,0,0,Gps,,0.7873,,0,,,0.0,0,,0,0,1,0.0,0.0,,1.0,,1.0,,,KB04,SYNTHETIC_SUPPORT,1
2026-09-20T00:01:22.1340000Z,SYNTH_KB04_V2_7770_FWD,V2,Reliable Handover,1,1,1,1,0,82.134,OutdoorGps,Gps,B9-103,10.7734127,106.6604309,5.208,1,0,0.0,156.827,0.0,-9.414,-15.067,-1.646,26.383,,,,,,,,,326.234,,0,0,0,Gps,,0.7969,,0,,,0.0,0,,0,0,1,0.0,0.0,,1.0,,1.0,,,KB04,SYNTHETIC_SUPPORT,1
2026-09-20T00:01:23.1480000Z,SYNTH_KB04_V2_7770_FWD,V2,Reliable Handover,1,1,1,1,0,83.148,OutdoorGps,Gps,B9-103,10.7734127,106.6604309,4.996,1,0,0.0,156.128,0.0,-9.081,-14.557,-1.657,26.966,,,,,,,,,326.234,,0,0,0,Gps,,0.8098,,0,,,0.0,0,,0,0,1,0.0,0.0,,1.0,,1.0,,,KB04,SYNTHETIC_SUPPORT,1
2026-09-20T00:01:24.1620000Z,SYNTH_KB04_V2_7770_FWD,V2,Reliable Handover,1,1,1,1,0,84.162,OutdoorGps,Gps,B9-103,10.7734127,106.6604309,4.856,1,0,0.0,155.901,0.0,-8.972,-14.392,-1.66,27.156,,,,,,,,,326.234,,0,0,0,Gps,,0.809,,0,,,0.0,0,,0,0,1,0.0,0.0,,1.0,,1.0,,,KB04,SYNTHETIC_SUPPORT,1
2026-09-20T00:01:25.1760000Z,SYNTH_KB04_V2_7770_FWD,V2,Reliable Handover,1,1,1,1,0,85.176,OutdoorGps,Gps,B9-103,10.7734175,106.6604309,5.425,1,0,0.0,155.846,0.0,-8.942,-14.348,-1.661,27.201,,,,,,,,,55.14,,0,0,0,Gps,,0.8156,,0,,,0.0,0,,0,0,1,0.0,0.0,,1.0,,1.0,,,KB04,SYNTHETIC_SUPPORT,1
2026-09-20T00:01:26.1900000Z,SYNTH_KB04_V2_7770_FWD,V2,Reliable Handover,1,1,1,1,0,86.19,OutdoorGps,Gps,B9-103,10.7734175,106.6604309,4.582,1,0,0.0,155.387,0.0,-8.597,-13.892,-1.671,27.55,,,,,,,,,55.14,,0,0,0,Gps,,0.7806,,0,,,0.0,0,,0,0,1,0.0,0.0,,1.0,,1.0,,,KB04,SYNTHETIC_SUPPORT,1
2026-09-20T00:01:27.2040000Z,SYNTH_KB04_V2_7770_FWD,V2,Reliable Handover,1,1,1,1,0,87.204,OutdoorGps,Gps,B9-103,10.7734175,106.6604309,5.16,1,0,0.0,155.222,0.0,-8.474,-13.728,-1.674,27.675,,,,,,,,,55.14,,0,0,0,Gps,,0.7935,,0,,,0.0,0,,0,0,1,0.0,0.0,,1.0,,1.0,,,KB04,SYNTHETIC_SUPPORT,1
2026-09-20T00:01:28.2180000Z,SYNTH_KB04_V2_7770_FWD,V2,Reliable Handover,1,1,1,1,0,88.218,OutdoorGps,Gps,B9-103,10.7734175,106.6604309,5.313,1,0,0.0,155.192,0.0,-8.451,-13.698,-1.675,27.697,,,,,,,,,55.14,,0,0,0,Gps,,0.7498,,0,,,0.0,0,,0,0,1,0.0,0.0,,1.0,,1.0,,,KB04,SYNTHETIC_SUPPORT,1
2026-09-20T00:01:29.2320000Z,SYNTH_KB04_V2_7770_FWD,V2,Reliable Handover,1,1,1,1,0,89.232,OutdoorGps,Gps,B9-103,10.773427,106.6604233,5.334,1,0,0.0,155.149,0.0,-8.41,-13.647,-1.676,27.728,,,,,,,,,81.104,,0,0,0,Gps,,0.7905,,0,,,0.0,0,,0,0,1,0.0,0.0,,1.0,,1.0,,,KB04,SYNTHETIC_SUPPORT,1
2026-09-20T00:01:30.2460000Z,SYNTH_KB04_V2_7770_FWD,V2,Reliable Handover,1,1,1,1,0,90.246,OutdoorGps,Gps,B9-103,10.7734318,106.6604309,5.039,1,0,0.0,154.647,0.0,-7.903,-13.024,-1.689,28.075,,,,,,,,,61.882,,0,0,0,Gps,,0.7696,,0,,,0.0,0,,0,0,1,0.0,0.0,,1.0,,1.0,,,KB04,SYNTHETIC_SUPPORT,1
2026-09-20T00:01:31.2600000Z,SYNTH_KB04_V2_7770_FWD,V2,Reliable Handover,1,1,1,1,0,91.26,OutdoorGps,Gps,B9-103,10.7734318,106.6604309,5.069,1,0,0.0,154.365,0.0,-7.317,-12.384,-1.701,28.188,,,,,,,,,61.882,,0,0,0,Gps,,0.7472,,0,,,0.0,0,,0,0,1,0.0,0.0,,1.0,,1.0,,,KB04,SYNTHETIC_SUPPORT,1
2026-09-20T00:01:32.2740000Z,SYNTH_KB04_V2_7770_FWD,V2,Reliable Handover,1,1,1,1,0,92.274,OutdoorGps,Gps,B9-103,10.7734337,106.6604385,5.027,1,0,0.0,154.306,0.0,-7.122,-12.181,-1.706,28.193,,,,,,,,,44.591,,0,0,0,Gps,,0.8307,,0,,,0.0,0,,0,0,1,0.0,0.0,,1.0,,1.0,,,KB04,SYNTHETIC_SUPPORT,1
2026-09-20T00:01:33.2880000Z,SYNTH_KB04_V2_7770_FWD,V2,Reliable Handover,1,1,1,1,0,93.288,OutdoorGps,Gps,B9-103,10.7734337,106.6604385,5.226,1,0,0.0,154.413,0.0,-6.762,-11.863,-1.712,27.992,,,,,,,,,44.591,,0,0,0,Gps,,0.7887,,0,,,0.0,0,,0,0,1,0.0,0.0,,1.0,,1.0,,,KB04,SYNTHETIC_SUPPORT,1
2026-09-20T00:01:34.3020000Z,SYNTH_KB04_V2_7770_FWD,V2,Reliable Handover,1,1,1,1,0,94.302,OutdoorGps,Gps,B9-103,10.7734413,106.6604462,4.739,1,0,0.0,154.472,0.0,-6.617,-11.739,-1.714,27.896,,,,,,,,,6.229,,0,0,0,Gps,,0.7607,,0,,,0.0,0,,0,0,1,0.0,0.0,,1.0,,1.0,,,KB04,SYNTHETIC_SUPPORT,1
2026-09-20T00:01:35.3160000Z,SYNTH_KB04_V2_7770_FWD,V2,Reliable Handover,1,1,1,1,0,95.316,OutdoorGps,Gps,B9-103,10.7734413,106.6604462,5.453,1,0,0.0,154.755,0.0,-6.181,-11.395,-1.72,27.507,,,,,,,,,6.229,,0,0,0,Gps,,0.7833,,0,,,0.0,0,,0,0,1,0.0,0.0,,1.0,,1.0,,,KB04,SYNTHETIC_SUPPORT,1
2026-09-20T00:01:36.3300000Z,SYNTH_KB04_V2_7770_FWD,V2,Reliable Handover,1,1,1,1,0,96.33,OutdoorGps,Gps,B9-103,10.7734451,106.6604691,4.601,1,0,0.0,153.596189689538,-0.2959301680581878,-6.003,-12.60381031046201,-2.018930168058188,27.291,,,,,,,,,17.20999999999998,,0,0,0,Gps,,0.8586,,0,,,0.0,0,,0,0,1,0.0,0.0,,1.0,,1.0,,,KB04,SYNTHETIC_SUPPORT,1
2026-09-20T00:01:37.3440000Z,SYNTH_KB04_V2_7770_FWD,V2,Reliable Handover,1,1,1,1,0,97.344,OutdoorGps,Gps,B9-103,10.7734509,106.6604843,5.776,1,0,0.0,154.45118968953798,-0.2959301680581878,-5.58,-12.426810310462008,-2.020930168058188,26.354,,,,,,,,,38.79499999999996,,0,0,0,Gps,,0.8217,,0,,,0.0,0,,0,0,1,0.0,0.0,,1.0,,1.0,,,KB04,SYNTHETIC_SUPPORT,1
2026-09-20T00:01:38.3580000Z,SYNTH_KB04_V2_7770_FWD,V2,Reliable Handover,1,1,1,1,0,98.358,OutdoorGps,Gps,B9-103,10.7734518,106.6604843,5.147,1,0,0.0,155.655189689538,-0.2959301680581878,-5.04,-12.231810310462008,-2.022930168058188,25.049,,,,,,,,,66.48199999999997,,0,0,0,Gps,,0.8404,,0,,,0.0,0,,0,0,1,0.0,0.0,,1.0,,1.0,,,KB04,SYNTHETIC_SUPPORT,1
2026-09-20T00:01:39.3720000Z,SYNTH_KB04_V2_7770_FWD,V2,Reliable Handover,1,1,1,1,0,99.372,EnteringWithPdr,Pdr,B9-103,10.7734518,106.6604843,6.487,0,1,0.8993,155.102189689538,-0.2959301680581878,-3.847,-10.93381031046201,-2.048930168058188,25.259,,,,,,,,,67.93799999999993,,0,0,0,Pdr,,,,0,,,0.0,0,,0,0,1,0.0,0.0,,,,,,,KB04,SYNTHETIC_SUPPORT,1
2026-09-20T00:01:40.3860000Z,SYNTH_KB04_V2_7770_FWD,V2,Reliable Handover,1,1,1,1,0,100.386,EnteringWithPdr,Pdr,B9-103,10.7734432,106.6604919,5.802,0,2,0.8886,154.705189689538,-0.2959301680581878,-3.448,-10.442810310462008,-2.059930168058188,25.533,,,,,,,,,53.313999999999965,,0,0,0,Pdr,,,,0,,,0.0,0,,0,0,1,0.0,0.0,,,,,,,KB04,SYNTHETIC_SUPPORT,1
2026-09-20T00:01:41.4000000Z,SYNTH_KB04_V2_7770_FWD,V2,Reliable Handover,1,1,1,1,0,101.4,EnteringWithPdr,Pdr,B9-103,10.7734432,106.6604919,6.173,0,3,0.8938,154.729189689538,-0.2959301680581878,-3.428,-10.429810310462008,-2.059930168058188,25.505,,,,,,,,,46.29399999999998,,0,0,0,Pdr,,,,0,,,0.0,0,,0,0,1,0.0,0.0,,,,,,,KB04,SYNTHETIC_SUPPORT,1
2026-09-20T00:01:42.4140000Z,SYNTH_KB04_V2_7770_FWD,V2,Reliable Handover,1,1,1,1,0,102.414,EnteringWithPdr,Pdr,B9-103,10.7734365,106.6605072,6.083,0,4,0.95,154.72418968953798,-0.2959301680581878,-3.424,-10.424810310462007,-2.059930168058188,25.509,,,,,,,,,49.32899999999995,,0,0,0,Pdr,,,,0,,,0.0,0,,0,0,1,0.0,0.0,,,,,,,KB04,SYNTHETIC_SUPPORT,1
2026-09-20T00:01:43.4280000Z,SYNTH_KB04_V2_7770_FWD,V2,Reliable Handover,1,1,1,1,0,103.428,EnteringWithPdr,Pdr,B9-103,10.7734365,106.6605072,6.181,0,5,0.8339,154.636189689538,-0.2959301680581878,-3.401,-10.378810310462008,-2.060930168058188,25.587,,,,,,,,,59.08299999999997,,0,0,0,Pdr,,,,0,,,0.0,0,,0,0,1,0.0,0.0,,,,,,,KB04,SYNTHETIC_SUPPORT,1
2026-09-20T00:01:44.4420000Z,SYNTH_KB04_V2_7770_FWD,V2,Reliable Handover,1,1,1,1,0,104.442,EnteringWithPdr,Pdr,B9-103,10.7734365,106.6605072,6.299,0,6,0.8944,154.366189689538,-0.2959301680581878,-3.243,-10.153810310462008,-2.065930168058188,25.804,,,,,,,,,79.83899999999994,,0,0,0,Pdr,,,,0,,,0.0,0,,0,0,1,0.0,0.0,,,,,,,KB04,SYNTHETIC_SUPPORT,1
2026-09-20T00:01:45.4560000Z,SYNTH_KB04_V2_7770_FWD,V2,Reliable Handover,1,1,1,1,0,105.456,EnteringWithPdr,Pdr,B9-103,10.7734365,106.6605072,6.266,0,7,0.9039,154.318189689538,-0.2959301680581878,-3.231,-10.129810310462007,-2.065930168058188,25.848,,,,,,,,,71.46699999999998,,0,0,0,Pdr,,,,0,,,0.0,0,,0,0,1,0.0,0.0,,,,,,,KB04,SYNTHETIC_SUPPORT,1
2026-09-20T00:01:46.4700000Z,SYNTH_KB04_V2_7770_FWD,V2,Reliable Handover,1,1,1,1,0,106.47,EnteringWithPdr,Pdr,B9-103,10.7734365,106.6605072,6.201,0,8,0.9293,154.127189689538,-0.2959301680581878,-2.869,-9.729810310462009,-2.073930168058188,25.934,,,,,,,,,293.80499999999995,,0,0,0,Pdr,,,,0,,,0.0,0,,0,0,1,0.0,0.0,,,,,,,KB04,SYNTHETIC_SUPPORT,1
2026-09-20T00:01:47.4840000Z,SYNTH_KB04_V2_7770_FWD,V2,Reliable Handover,1,1,1,1,0,107.484,EnteringWithPdr,Pdr,B9-103,10.7734365,106.6605072,5.526,0,9,0.8543,154.205189689538,-0.2959301680581878,-2.953,-9.830810310462008,-2.071930168058188,25.882,,,,,,,,,86.60199999999998,,0,0,0,Pdr,,,,0,,,0.0,0,,0,0,1,0.0,0.0,,,,,,,KB04,SYNTHETIC_SUPPORT,1
2026-09-20T00:01:48.4980000Z,SYNTH_KB04_V2_7770_FWD,V2,Reliable Handover,1,1,1,1,0,108.498,EnteringWithPdr,Pdr,B9-103,10.7734365,106.6605072,6.154,0,10,0.95,154.083189689538,-0.2959301680581878,-2.993,-9.836810310462008,-2.071930168058188,26.01,,,,,,,,,62.83199999999994,,0,0,0,Pdr,,,,0,,,0.0,0,,0,0,1,0.0,0.0,,,,,,,KB04,SYNTHETIC_SUPPORT,1
2026-09-20T00:01:49.5120000Z,SYNTH_KB04_V2_7770_FWD,V2,Reliable Handover,1,1,1,1,0,109.512,EnteringWithPdr,Pdr,B9-103,10.7734365,106.6605072,6.226,0,11,0.8766,153.922189689538,-0.2959301680581878,-3.013,-9.812810310462009,-2.072930168058188,26.171,,,,,,,,,70.60999999999996,,0,0,0,Pdr,,,,0,,,0.0,0,,0,0,1,0.0,0.0,,,,,,,KB04,SYNTHETIC_SUPPORT,1
2026-09-20T00:01:50.5260000Z,SYNTH_KB04_V2_7770_FWD,V2,Reliable Handover,1,1,1,1,0,110.526,EnteringWithPdr,Pdr,B9-103,10.7734365,106.6605072,6.163,0,12,0.8109,154.29018968953798,-0.2959301680581878,-2.469,-9.387810310462008,-2.080930168058188,25.67,,,,,,,,,110.80999999999996,,0,0,0,Pdr,,,,0,,,0.0,0,,0,0,1,0.0,0.0,,,,,,,KB04,SYNTHETIC_SUPPORT,1
2026-09-20T00:01:51.5400000Z,SYNTH_KB04_V2_7770_FWD,V2,Reliable Handover,1,1,1,1,0,111.54,EnteringWithPdr,Pdr,B9-103,,,,0,0,0.0,154.29018968953798,-0.2959301680581878,,,,,,1.0,StartingVps,,,,,,110.80999999999996,,0,0,0,Pdr,,,,0,,,0.0,0,,0,0,1,0.0,0.0,,,,,,,KB04,SYNTHETIC_SUPPORT,1
2026-09-20T00:01:54.2400000Z,SYNTH_KB04_V2_7770_FWD,V2,Reliable Handover,1,1,1,1,0,114.24,EnteringWithPdr,Pdr,B9-103,,,,0,0,0.0,154.14085635620467,0.8417364986084788,,,,,,2.0,Scanning,,,,,,79.98799999999994,,0,0,0,Pdr,,,,1,0.8902,,0.34,1,,0,0,1,0.0,0.0,,,0.0,,,,KB04,SYNTHETIC_SUPPORT,1
2026-09-20T00:01:55.2540000Z,SYNTH_KB04_V2_7770_FWD,V2,Reliable Handover,1,1,1,1,0,115.254,EnteringWithPdr,Pdr,B9-103,,,,0,0,0.0,153.99152302287132,1.9794031652751454,,,,,,2.0,Scanning,,,,,,79.98799999999994,,0,0,0,Pdr,,,,1,0.8839,,0.58,1,,0,0,1,0.0,0.0,,,0.0,,,,KB04,SYNTHETIC_SUPPORT,1
2026-09-20T00:01:56.2680000Z,SYNTH_KB04_V2_7770_FWD,V2,Reliable Handover,1,1,1,1,0,116.268,EnteringWithPdr,Pdr,B9-103,,,,0,0,0.0,153.842189689538,3.117069831941812,,,,,,2.0,Scanning,,,,,,79.98799999999994,,0,0,0,Pdr,,,,1,0.9146,,0.82,1,,0,0,1,0.0,0.0,,,1.0,,,,KB04,SYNTHETIC_SUPPORT,1
2026-09-20T00:01:58.2810000Z,SYNTH_KB04_V2_7770_FWD,V2,Reliable Handover,1,1,1,1,0,118.281,IndoorVps,Vps,B9-103,10.7734203,106.6605453,,0,0,0.0,153.842189689538,3.117069831941812,-2.356,154.43918968953798,2.012069831941812,-6.684,,2.0,IndoorLocalized,,Navigating,Vps,,,79.98799999999994,,0,0,0,Vps,,,,1,0.8913,,0.7944,1,,1,1,1,0.0,0.0,,,,,,,KB04,SYNTHETIC_SUPPORT,1
,SYNTH_KB04_V2_7770_FWD,V2,Reliable Handover,1,1,1,1,0,119.295,IndoorVps,Vps,B9-103,10.7734203,106.6605453,,0,0,0.0,154.00418968953798,3.2690698319418123,-0.896,154.60618968953798,2.3930698319418124,-5.267,,,IndoorLocalized,,Navigating,Vps,,1.0,79.43799999999993,,0,0,0,Vps,,,,1,0.8769,,0.8645,1,,1,1,1,0.0,0.0,,,,,,,KB04,SYNTHETIC_SUPPORT,1
,SYNTH_KB04_V2_7770_FWD,V2,Reliable Handover,1,1,1,1,0,120.309,IndoorVps,Vps,B9-103,10.7734203,106.6605453,,0,0,0.0,153.842189689538,3.117069831941812,-2.356,154.43918968953798,2.012069831941812,-6.684,,,IndoorLocalized,,Navigating,Vps,,0.0,79.98799999999994,,0,0,0,Vps,,,,1,0.8791,,0.8904,1,,1,1,1,0.0,0.0,,,,,,,KB04,SYNTHETIC_SUPPORT,1
,SYNTH_KB04_V2_7770_FWD,V2,Reliable Handover,1,1,1,1,0,121.323,IndoorVps,Vps,B9-103,,,,0,0,0.0,154.00418968953798,3.2690698319418123,,,,,,,IndoorLocalized,,Arrived,,,,79.43799999999993,,0,0,0,Vps,,,,1,,,0.0,0,,0,0,1,0.0,0.0,,,,,,,KB04,SYNTHETIC_SUPPORT,1
